scenario,run,type,location,severity,component_1_type,component_1_location,component_2_type,component_2_location,baseline_att,baseline_att_access,baseline_att_walk_component,baseline_CEF,baseline_CEF2,baseline_exposure,baseline_dun,baseline_gc,baseline_gc_access,baseline_cost,baseline_energy,baseline_vkm,baseline_vh,baseline_num_routes,baseline_num_unique_nodes,baseline_invalid_edges,baseline_gc_P30,baseline_gc_P60,baseline_gc_P90,att,att_access,att_walk_component,CEF,CEF2,exposure,dun,gc,gc_access,cost,energy,vkm,vh,num_routes,num_unique_nodes,invalid_edges,gc_P30,gc_P60,gc_P90,phase,broken_routes,delta_att,pct_delta_att,delta_att_access,pct_delta_att_access,delta_CEF,pct_delta_CEF,delta_CEF2,pct_delta_CEF2,delta_exposure,pct_delta_exposure,delta_dun,pct_delta_dun,delta_gc,pct_delta_gc,delta_gc_access,pct_delta_gc_access,delta_cost,pct_delta_cost,delta_energy,pct_delta_energy,delta_vkm,pct_delta_vkm,delta_vh,pct_delta_vh,delta_num_routes,pct_delta_num_routes,delta_num_unique_nodes,pct_delta_num_unique_nodes
S1_service,1,area_closure,peripheral_area,severe,,,,,17.993432693065188,17.993432693065188,0.0,1.6861127243206158,1.4890274487443276,32.23915106758617,0.0,17.993432693065188,17.993432693065188,34526.19286307535,,22331.768492844178,925.5987816,13,82,0,17.993432693065188,17.993432693065188,17.993432693065188,16.373636897351364,16.64169066317047,0.268053765819105,1.088635189427561,1.0288922836113543,35.77173750070843,22.6413279203753,26.25122482715566,26.458587660852743,28218.431231043178,,17725.19871480397,779.9040144000002,23,73,0,19.458826451043066,26.25122482715566,33.04362320326825,t0_immediate,23,-1.6197957957138236,-0.09002149969628118,-1.3517420298947194,-0.07512418852772276,-0.5974775348930548,-0.3543520704606485,-0.46013516513297326,-0.3090172484872577,3.532586433122262,0.10957442476436635,22.6413279203753,,8.257792134090472,0.4589336717986608,8.465154967787555,0.470458033894227,-6307.761632032169,-0.1826949660232628,,,-4606.569778040208,-0.20627877185437876,-145.6947671999999,-0.15740596260093423,10.0,0.7692307692307693,-9.0,-0.10975609756097561
S1_service,2,combined_disruption,peripheral_area + central_area,mild,area_closure,peripheral_area,demand_surge,central_area,17.993432693065188,17.993432693065188,0.0,1.6861127243206158,1.4890274487443276,32.23915106758617,0.0,17.993432693065188,17.993432693065188,34526.19286307535,,22331.768492844178,925.5987816,13,82,0,17.993432693065188,17.993432693065188,17.993432693065188,18.112286800237847,18.12839140579898,0.016104605561131483,1.3938107847537822,1.3044613193817545,25.538880339266107,13.078500963407327,23.590571774618038,23.604570139185704,32857.51137036717,,21143.14752495895,885.7218528000002,17,79,0,19.66702148559584,23.590571774618038,27.514122063640237,t0_immediate,17,0.11885410717265898,0.006605415942588114,0.13495871273379123,0.007500442802434545,-0.2923019395668336,-0.1733584803380276,-0.1845661293625731,-0.12395079050974829,-6.7002707283200635,-0.2078302469650523,13.078500963407327,,5.59713908155285,0.3110656636245974,5.611137446120516,0.31184363438795604,-1668.6814927081796,-0.04833088604138514,,,-1188.6209678852283,-0.05322556376428947,-39.87692879999986,-0.043082304766076045,4.0,0.3076923076923077,-3.0,-0.036585365853658534
S1_service,3,combined_disruption,central + any_road,moderate,node_removal,central,link_failure,any_road,17.993432693065188,17.993432693065188,0.0,1.6861127243206158,1.4890274487443276,32.23915106758617,0.0,17.993432693065188,17.993432693065188,34526.19286307535,,22331.768492844178,925.5987816,13,82,0,17.993432693065188,17.993432693065188,17.993432693065188,17.15635332052788,17.353994871254578,0.1976415507266975,1.1671351300652764,1.0583460094228037,23.500016858700423,27.967400295134862,29.138607488409104,29.280973835494557,31097.899076889087,,19360.34594611136,867.20124,21,80,0,20.748387399868644,29.138607488409104,37.52882757694957,t0_immediate,21,-0.8370793725373069,-0.04652138292989108,-0.6394378218106098,-0.03553728922758881,-0.5189775942553394,-0.30779531330827875,-0.4306814393215239,-0.28923673615601275,-8.739134208885748,-0.2710720946269653,27.967400295134862,,11.145174795343916,0.6194023667112365,11.287541142429369,0.6273144949590234,-3428.2937861862592,-0.09929544794533976,,,-2971.422546732818,-0.1330580937951671,-58.39754160000007,-0.06309163620446155,8.0,0.6153846153846154,-2.0,-0.024390243902439025
S1_service,4,demand_surge,peripheral_area,mild,,,,,17.993432693065188,17.993432693065188,0.0,1.6861127243206158,1.4890274487443276,32.23915106758617,0.0,17.993432693065188,17.993432693065188,34526.19286307535,,22331.768492844178,925.5987816,13,82,0,17.993432693065188,17.993432693065188,17.993432693065188,18.132145214444503,18.132145214444503,0.0,1.7010995063842724,1.4973151227328627,31.412851675565822,0.0,18.132145214444503,18.132145214444503,34526.19286307535,,22331.768492844178,925.5987816,13,82,0,18.132145214444503,18.132145214444503,18.132145214444503,t0_immediate,13,0.13871252137931478,0.007709063842652753,0.13871252137931478,0.007709063842652753,0.014986782063656667,0.008888363065817726,0.008287673988535138,0.005565830230681105,-0.8262993920203492,-0.025630308635860008,0.0,,0.13871252137931478,0.007709063842652753,0.13871252137931478,0.007709063842652753,0.0,0.0,,,0.0,0.0,0.0,0.0,0.0,0.0,0.0,0.0
S1_service,5,area_closure,central_area,moderate,,,,,17.993432693065188,17.993432693065188,0.0,1.6861127243206158,1.4890274487443276,32.23915106758617,0.0,17.993432693065188,17.993432693065188,34526.19286307535,,22331.768492844178,925.5987816,13,82,0,17.993432693065188,17.993432693065188,17.993432693065188,15.620980781654351,16.152496833283788,0.5315160516294352,1.0054370752472597,0.890012289037155,18.728161202158013,41.42262633771367,34.00393608481181,34.31528422844982,29802.22123689775,,19052.69959812218,808.8923088000001,17,76,0,21.577148183497705,34.00393608481181,46.43072398612591,t0_immediate,17,-2.3724519114108364,-0.13185098985171398,-1.8409358597813998,-0.10231154283812177,-0.6806756490733561,-0.40369522111733086,-0.5990151597071726,-0.4022861769353629,-13.510989865428158,-0.4190864032710946,41.42262633771367,,16.010503391746624,0.8897970534503513,16.32185153538463,0.9071004857052763,-4723.9716261775975,-0.13682283606860499,,,-3279.068894721997,-0.14683426866854352,-116.70647279999991,-0.12608753935291472,4.0,0.3076923076923077,-6.0,-0.07317073170731707
S1_service,6,area_closure,peripheral_area,moderate,,,,,17.993432693065188,17.993432693065188,0.0,1.6861127243206158,1.4890274487443276,32.23915106758617,0.0,17.993432693065188,17.993432693065188,34526.19286307535,,22331.768492844178,925.5987816,13,82,0,17.993432693065188,17.993432693065188,17.993432693065188,17.31958180416306,17.3876868267146,0.06810502255153951,1.2758139394295693,1.2404746498803907,33.91305501890686,9.369585039230557,21.318559882121235,21.38028374666882,29704.653490166995,,18110.022966708744,845.3686176,20,77,0,18.50768437035207,21.318559882121235,24.129435393890404,t0_immediate,20,-0.6738508889021269,-0.037449824077305405,-0.6057458663505884,-0.033664830757059915,-0.41029878489104643,-0.24334006794021903,-0.24855279886393689,-0.16692291271966636,1.673903951320689,0.05192146492354951,9.369585039230557,,3.3251271890560474,0.1847967114322537,3.386851053603632,0.18822706658462957,-4821.539372908352,-0.1396487412333502,,,-4221.7455261354335,-0.18904662778893744,-80.23016400000006,-0.08667920225793008,7.0,0.5384615384615384,-5.0,-0.06097560975609756
S1_service,7,combined_disruption,any_road + central_area,mild,link_failure,any_road,area_closure,central_area,17.993432693065188,17.993432693065188,0.0,1.6861127243206158,1.4890274487443276,32.23915106758617,0.0,17.993432693065188,17.993432693065188,34526.19286307535,,22331.768492844178,925.5987816,13,82,0,17.993432693065188,17.993432693065188,17.993432693065188,14.406762301914595,15.454237667251212,1.0474753653366171,0.6876753177604366,0.6375714633924021,18.535058164492625,55.528959843140015,39.72421295447181,40.19003614482388,29826.502043064786,,18874.194967830987,818.1747815999998,24,78,0,23.06552500152981,39.72421295447181,56.38290090741381,t0_immediate,24,-3.5866703911505926,-0.19933219260230006,-2.539195025813976,-0.14111787723487593,-0.9984374065601792,-0.5921534142757146,-0.8514559853519255,-0.5718202079282987,-13.704092903093546,-0.42507610930462403,55.528959843140015,,21.730780261406622,1.2077062021512903,22.19660345175869,1.2335947137153789,-4699.690820010561,-0.13611957850808187,,,-3457.573525013191,-0.15482757337920236,-107.4240000000002,-0.11605892546045266,11.0,0.8461538461538461,-4.0,-0.04878048780487805
S1_service,8,combined_disruption,peripheral_area + central_area,moderate,demand_surge,peripheral_area,area_closure,central_area,17.993432693065188,17.993432693065188,0.0,1.6861127243206158,1.4890274487443276,32.23915106758617,0.0,17.993432693065188,17.993432693065188,34526.19286307535,,22331.768492844178,925.5987816,13,82,0,17.993432693065188,17.993432693065188,17.993432693065188,16.7687539265793,18.098614135998986,1.329860209419684,0.9928604632708439,0.9479912879659046,35.1939705448444,29.557639555615623,29.546889816362224,30.483674738488084,30374.175024166645,,19589.69098820831,816.8012351999998,23,76,0,20.679597949677536,29.546889816362224,38.41418168304691,t0_immediate,23,-1.2246787664858871,-0.0680625418938482,0.10518144293379805,0.00584554624612211,-0.6932522610497719,-0.41115416012835293,-0.541036160778423,-0.36334868187599223,2.9548194772582264,0.09165314158129478,29.557639555615623,,11.553457123297036,0.642092996949372,12.490242045422896,0.6941555987944832,-4152.017838908701,-0.12025704239603988,,,-2742.0775046358685,-0.12278819321965115,-108.79754640000021,-0.1175428798771014,10.0,0.7692307692307693,-6.0,-0.07317073170731707
S1_service,9,combined_disruption,central + central_area,mild,node_removal,central,demand_surge,central_area,17.993432693065188,17.993432693065188,0.0,1.6861127243206158,1.4890274487443276,32.23915106758617,0.0,17.993432693065188,17.993432693065188,34526.19286307535,,22331.768492844178,925.5987816,13,82,0,17.993432693065188,17.993432693065188,17.993432693065188,15.033947362848604,15.303280368353569,0.2693330055049654,1.2827080021359112,1.1056063346052043,30.296599874482382,24.606541331300967,26.09853769006381,26.30159715825036,33436.961261474324,,21582.339780842904,898.3938576,15,80,0,18.71657529067352,26.09853769006381,33.480500089454104,t0_immediate,15,-2.9594853302165838,-0.1644758607598645,-2.690152324711619,-0.1495074547809004,-0.4034047221847046,-0.23925133614494734,-0.3834211141391233,-0.25749768042386056,-1.9425511931037889,-0.06025441516842127,24.606541331300967,,8.105104996998623,0.45044795705504237,8.308164465185172,0.46173315603015563,-1089.2316016010227,-0.03154797883220773,,,-749.4287120012741,-0.03355886087756173,-27.204924000000005,-0.02939170247498952,2.0,0.15384615384615385,-2.0,-0.024390243902439025
S1_service,10,demand_surge,peripheral_area,severe,,,,,17.993432693065188,17.993432693065188,0.0,1.6861127243206158,1.4890274487443276,32.23915106758617,0.0,17.993432693065188,17.993432693065188,34526.19286307535,,22331.768492844178,925.5987816,13,82,0,17.993432693065188,17.993432693065188,17.993432693065188,18.3614770206727,18.3614770206727,0.0,1.7258769797228746,1.511017038221976,30.04674045378864,0.0,18.3614770206727,18.3614770206727,34526.19286307535,,22331.768492844178,925.5987816,13,82,0,18.3614770206727,18.3614770206727,18.3614770206727,t0_immediate,13,0.3680443276075138,0.020454369874035264,0.3680443276075138,0.020454369874035264,0.03976425540225881,0.023583390854416922,0.021989589477648508,0.014767752935778295,-2.1924106137975308,-0.06800460127505716,0.0,,0.3680443276075138,0.020454369874035264,0.3680443276075138,0.020454369874035264,0.0,0.0,,,0.0,0.0,0.0,0.0,0.0,0.0,0.0,0.0
S1_service,11,combined_disruption,central_area + central_area,moderate,demand_surge,central_area,area_closure,central_area,17.993432693065188,17.993432693065188,0.0,1.6861127243206158,1.4890274487443276,32.23915106758617,0.0,17.993432693065188,17.993432693065188,34526.19286307535,,22331.768492844178,925.5987816,13,82,0,17.993432693065188,17.993432693065188,17.993432693065188,17.373616724141282,18.131326633826852,0.7577099096855687,1.2655447293561044,1.0915060432376822,23.038802141572134,28.373870127348752,29.468371354819343,30.01108963878868,32128.61908947297,,20833.675225841213,858.9821616,16,74,0,20.956210316614715,29.468371354819343,37.98053239302397,t0_immediate,16,-0.6198159689239056,-0.034446788419798716,0.13789394076166417,0.007663570543424412,-0.42056799496451136,-0.24943053266736395,-0.3975214055066454,-0.2669671441193839,-9.200348926014037,-0.2853781387334431,28.373870127348752,,11.474938661754155,0.6377292680888338,12.017656945723491,0.6678912884896717,-2397.5737736023766,-0.06944217056049944,,,-1498.0932670029651,-0.0670835033724715,-66.61662000000001,-0.07197137823025847,3.0,0.23076923076923078,-8.0,-0.0975609756097561
S1_service,12,area_closure,peripheral_area,mild,,,,,17.993432693065188,17.993432693065188,0.0,1.6861127243206158,1.4890274487443276,32.23915106758617,0.0,17.993432693065188,17.993432693065188,34526.19286307535,,22331.768492844178,925.5987816,13,82,0,17.993432693065188,17.993432693065188,17.993432693065188,17.707544130198894,17.717166977169537,0.009622846970644746,1.5892437236995836,1.3970053147956016,31.152188151705342,5.250014527178018,19.927904207263804,19.93702185337056,32893.26417954822,,21872.475376435275,855.2935488,15,78,0,18.3528998491104,19.927904207263804,21.502908565417208,t0_immediate,15,-0.28588856286629394,-0.015888494860487497,-0.27626571589565074,-0.015353697129849256,-0.09686900062103221,-0.05745108213928198,-0.09202213394872594,-0.061800159578204346,-1.0869629158808287,-0.033715618429347574,5.250014527178018,,1.9344715141986164,0.10750986469325428,1.9435891603053719,0.10801658546534296,-1632.9286835271269,-0.04729535891788091,,,-459.2931164089023,-0.02056680448555047,-70.3052328,-0.07595648805681185,2.0,0.15384615384615385,-4.0,-0.04878048780487805
S1_service,13,combined_disruption,peripheral + peripheral_area,mild,node_removal,peripheral,area_closure,peripheral_area,17.993432693065188,17.993432693065188,0.0,1.6861127243206158,1.4890274487443276,32.23915106758617,0.0,17.993432693065188,17.993432693065188,34526.19286307535,,22331.768492844178,925.5987816,13,82,0,17.993432693065188,17.993432693065188,17.993432693065188,17.85526375179761,18.153868013827925,0.29860426203031165,1.229234365786453,1.171306405972688,28.823592535666315,15.360153080100988,24.328759754726306,24.58149794500506,32107.642133840636,,20968.955611300793,851.8043136,18,78,0,19.720713830696013,24.328759754726306,28.936805678756606,t0_immediate,18,-0.13816894126757617,-0.007678853925456235,0.16043532076273692,0.008916326500866618,-0.4568783585341627,-0.27096548880992066,-0.3177210427716395,-0.2133748730015477,-3.4155585319198565,-0.10594443150067687,15.360153080100988,,6.335327061661118,0.35209107510112864,6.588065251939874,0.3661372104100496,-2418.55072923471,-0.07004973698740102,,,-1362.8128815433847,-0.06102574822858629,-73.79446800000005,-0.07972619396974372,5.0,0.38461538461538464,-4.0,-0.04878048780487805
S1_service,14,demand_surge,central_area,mild,,,,,17.993432693065188,17.993432693065188,0.0,1.6861127243206158,1.4890274487443276,32.23915106758617,0.0,17.993432693065188,17.993432693065188,34526.19286307535,,22331.768492844178,925.5987816,13,82,0,17.993432693065188,17.993432693065188,17.993432693065188,17.83386969082654,17.83386969082654,0.0,1.6688732140284344,1.4794940185245018,33.18965510592168,0.0,17.83386969082654,17.83386969082654,34526.19286307535,,22331.768492844178,925.5987816,13,82,0,17.83386969082654,17.83386969082654,17.83386969082654,t0_immediate,13,-0.15956300223864872,-0.00886784667275553,-0.15956300223864872,-0.00886784667275553,-0.017239510292181404,-0.010224411478258495,-0.009533430219825778,-0.006402454318666297,0.9505040383355094,0.029482911517827264,0.0,,-0.15956300223864872,-0.00886784667275553,-0.15956300223864872,-0.00886784667275553,0.0,0.0,,,0.0,0.0,0.0,0.0,0.0,0.0,0.0,0.0
S1_service,15,link_failure,any_road,mild,,,,,17.993432693065188,17.993432693065188,0.0,1.6861127243206158,1.4890274487443276,32.23915106758617,0.0,17.993432693065188,17.993432693065188,34526.19286307535,,22331.768492844178,925.5987816,13,82,0,17.993432693065188,17.993432693065188,17.993432693065188,17.690233822907683,17.690233822907683,0.0,1.45868110513883,1.2620923336667986,22.978272363424807,18.500013271742887,25.517546180913143,25.517546180913143,34316.58018161133,,22169.943431014162,921.1458576000001,14,82,0,19.96754219939028,25.517546180913143,31.067550162436014,t0_immediate,14,-0.30319887015750524,-0.016850529597632613,-0.30319887015750524,-0.016850529597632613,-0.22743161918178578,-0.13488518051094397,-0.22693511507752895,-0.15240492394475308,-9.260878704161364,-0.2872556626800394,18.500013271742887,,7.524113487847956,0.41815887030537585,7.524113487847956,0.41815887030537585,-209.61268146401562,-0.006071120621242594,,,-161.82506183001533,-0.007246406028338925,-4.452923999999939,-0.004810857672373516,1.0,0.07692307692307693,0.0,0.0
S1_service,16,area_closure,central_area,mild,,,,,17.993432693065188,17.993432693065188,0.0,1.6861127243206158,1.4890274487443276,32.23915106758617,0.0,17.993432693065188,17.993432693065188,34526.19286307535,,22331.768492844178,925.5987816,13,82,0,17.993432693065188,17.993432693065188,17.993432693065188,15.462907190808856,15.736244306514736,0.2733371157058797,1.0934044041759643,0.9087250665973096,20.30158950282415,41.149460400097695,33.78968055968173,33.950540927201445,31995.324484370205,,20923.76470746275,847.5729288000001,19,79,0,21.444842439652415,33.78968055968173,46.134518679711036,t0_immediate,19,-2.5305255022563315,-0.14063606124648,-2.2571883865504514,-0.12544512351000095,-0.5927083201446515,-0.35152354382680495,-0.580302382147018,-0.3897190630276007,-11.93756156476202,-0.37028151081696015,41.149460400097695,,15.79624786661654,0.8778896242907858,15.957108234136257,0.8868295731189888,-2530.8683787051414,-0.07330285122203044,,,-1408.0037853814283,-0.06304936332438689,-78.02585279999994,-0.08429770474105812,6.0,0.46153846153846156,-3.0,-0.036585365853658534
S1_service,17,area_closure,peripheral_area,severe,,,,,17.993432693065188,17.993432693065188,0.0,1.6861127243206158,1.4890274487443276,32.23915106758617,0.0,17.993432693065188,17.993432693065188,34526.19286307535,,22331.768492844178,925.5987816,13,82,0,17.993432693065188,17.993432693065188,17.993432693065188,16.75577021311191,17.17785750037358,0.42208728726167294,1.0769845326336602,1.021868034874693,32.06522667060754,26.78262104726248,28.33770840174155,28.646749650367255,29628.886378863794,,19204.393915579738,792.5206248000001,22,73,0,20.302922087562806,28.33770840174155,36.37249471592029,t0_immediate,22,-1.2376624799532792,-0.06878412257769381,-0.8155751926916075,-0.04532627023446931,-0.6091281916869555,-0.3612618438262431,-0.46715941386963467,-0.31373458848161767,-0.17392439697863438,-0.0053948193801387385,26.78262104726248,,10.344275708676363,0.5748917332857298,10.653316957302067,0.5920669579300419,-4897.306484211553,-0.14184322330682061,,,-3127.3745772644397,-0.14004150984578548,-133.0781568,-0.14377520740677688,9.0,0.6923076923076923,-9.0,-0.10975609756097561
S1_service,18,link_failure,any_road,moderate,,,,,17.993432693065188,17.993432693065188,0.0,1.6861127243206158,1.4890274487443276,32.23915106758617,0.0,17.993432693065188,17.993432693065188,34526.19286307535,,22331.768492844178,925.5987816,13,82,0,17.993432693065188,17.993432693065188,17.993432693065188,18.04173560384973,18.04173560384973,0.0,1.5995434639899893,1.4627400587149473,32.880448857518154,0.0,18.04173560384973,18.04173560384973,34276.99756199753,,22140.15436649691,920.2707816000001,14,82,0,18.04173560384973,18.04173560384973,18.04173560384973,t0_immediate,14,0.04830291078454252,0.002684474475132188,0.04830291078454252,0.002684474475132188,-0.08656926033062651,-0.051342510546267185,-0.026287390029380298,-0.017654066788055534,0.6412977899319827,0.019891894441871803,0.0,,0.04830291078454252,0.002684474475132188,0.04830291078454252,0.002684474475132188,-249.1953010778161,-0.007217572527213751,,,-191.6141263472673,-0.00858033820333874,-5.3279999999999745,-0.005756273782891045,1.0,0.07692307692307693,0.0,0.0
S1_service,19,node_removal,central,mild,,,,,17.993432693065188,17.993432693065188,0.0,1.6861127243206158,1.4890274487443276,32.23915106758617,0.0,17.993432693065188,17.993432693065188,34526.19286307535,,22331.768492844178,925.5987816,13,82,0,17.993432693065188,17.993432693065188,17.993432693065188,15.312769655522894,15.393358542908159,0.0805888873852643,1.2711394717802509,1.0862429806974627,29.891329534506177,26.054325189265814,26.955725967549228,27.01531796414873,33139.074434285096,,21426.812144856372,888.7569288000001,17,81,0,19.139428410769483,26.955725967549228,34.77202352432897,t0_immediate,17,-2.6806630375422937,-0.14898007974739821,-2.6000741501570293,-0.14450128524720682,-0.4149732525403649,-0.2461124019496204,-0.40278446804686485,-0.27050170793461625,-2.347821533079994,-0.0728251661514914,26.054325189265814,,8.96229327448404,0.49808690911646775,9.02188527108354,0.5013987839330206,-1387.1184287902506,-0.04017582924046425,,,-904.9563479878052,-0.0405232728557876,-36.84185279999997,-0.03980326414898121,4.0,0.3076923076923077,-1.0,-0.012195121951219513
S1_service,20,link_failure,any_road,mild,,,,,17.993432693065188,17.993432693065188,0.0,1.6861127243206158,1.4890274487443276,32.23915106758617,0.0,17.993432693065188,17.993432693065188,34526.19286307535,,22331.768492844178,925.5987816,13,82,0,17.993432693065188,17.993432693065188,17.993432693065188,18.04173560384973,18.04173560384973,0.0,1.5995434639899893,1.4627400587149473,32.880448857518154,0.0,18.04173560384973,18.04173560384973,34276.99756199753,,22140.15436649691,920.2707816000001,14,82,0,18.04173560384973,18.04173560384973,18.04173560384973,t0_immediate,14,0.04830291078454252,0.002684474475132188,0.04830291078454252,0.002684474475132188,-0.08656926033062651,-0.051342510546267185,-0.026287390029380298,-0.017654066788055534,0.6412977899319827,0.019891894441871803,0.0,,0.04830291078454252,0.002684474475132188,0.04830291078454252,0.002684474475132188,-249.1953010778161,-0.007217572527213751,,,-191.6141263472673,-0.00858033820333874,-5.3279999999999745,-0.005756273782891045,1.0,0.07692307692307693,0.0,0.0
S1_service,21,link_failure,any_road,moderate,,,,,17.993432693065188,17.993432693065188,0.0,1.6861127243206158,1.4890274487443276,32.23915106758617,0.0,17.993432693065188,17.993432693065188,34526.19286307535,,22331.768492844178,925.5987816,13,82,0,17.993432693065188,17.993432693065188,17.993432693065188,18.33408323688181,18.33408323688181,0.0,1.490278718151296,1.3824751401968,35.97828168951438,0.6304364825146582,18.596760376930696,18.596760376930696,34054.0751160425,,22110.73220705312,909.1938528000001,15,82,0,18.407629432176297,18.596760376930696,18.785891321685092,t0_immediate,15,0.3406505438166221,0.018931937536738695,0.3406505438166221,0.018931937536738695,-0.19583400616931979,-0.11614526321081353,-0.10655230854752751,-0.07155832394989181,3.7391306219282114,0.11598105093057495,0.6304364825146582,,0.6033276838655084,0.03353043825250952,0.6033276838655084,0.03353043825250952,-472.11774703284755,-0.013674190748605888,,,-221.03628579105862,-0.009897840641769406,-16.404928799999993,-0.017723585127934434,2.0,0.15384615384615385,0.0,0.0
S1_service,22,demand_surge,central_area,mild,,,,,17.993432693065188,17.993432693065188,0.0,1.6861127243206158,1.4890274487443276,32.23915106758617,0.0,17.993432693065188,17.993432693065188,34526.19286307535,,22331.768492844178,925.5987816,13,82,0,17.993432693065188,17.993432693065188,17.993432693065188,17.83386969082654,17.83386969082654,0.0,1.6688732140284344,1.4794940185245018,33.18965510592168,0.0,17.83386969082654,17.83386969082654,34526.19286307535,,22331.768492844178,925.5987816,13,82,0,17.83386969082654,17.83386969082654,17.83386969082654,t0_immediate,13,-0.15956300223864872,-0.00886784667275553,-0.15956300223864872,-0.00886784667275553,-0.017239510292181404,-0.010224411478258495,-0.009533430219825778,-0.006402454318666297,0.9505040383355094,0.029482911517827264,0.0,,-0.15956300223864872,-0.00886784667275553,-0.15956300223864872,-0.00886784667275553,0.0,0.0,,,0.0,0.0,0.0,0.0,0.0,0.0,0.0,0.0
S1_service,23,combined_disruption,central + peripheral_area,severe,node_removal,central,area_closure,peripheral_area,17.993432693065188,17.993432693065188,0.0,1.6861127243206158,1.4890274487443276,32.23915106758617,0.0,17.993432693065188,17.993432693065188,34526.19286307535,,22331.768492844178,925.5987816,13,82,0,17.993432693065188,17.993432693065188,17.993432693065188,11.440756275303706,12.991381823216127,1.5506255479124205,0.44264622379844143,0.4286329395455329,28.34439667598991,62.89321898119443,41.98122776668886,42.55661499317438,25091.613812597112,,15893.26762374638,687.6110952000004,29,70,0,23.11326207233053,41.98122776668886,60.84919346104719,t0_immediate,29,-6.552676417761482,-0.36417044649223246,-5.002050869849061,-0.27799314089617216,-1.2434665005221743,-0.7374753078998342,-1.0603945091987947,-0.7121389938734898,-3.894754391596262,-0.12080821803996318,62.89321898119443,,23.987795073623673,1.3331416791232258,24.56318230010919,1.365119303198663,-9434.579050478234,-0.2732585978388661,,,-6438.5008690977975,-0.2883112849374604,-237.9876863999997,-0.2571175450216255,16.0,1.2307692307692308,-12.0,-0.14634146341463414
S1_service,24,combined_disruption,central + any_road,moderate,node_removal,central,link_failure,any_road,17.993432693065188,17.993432693065188,0.0,1.6861127243206158,1.4890274487443276,32.23915106758617,0.0,17.993432693065188,17.993432693065188,34526.19286307535,,22331.768492844178,925.5987816,13,82,0,17.993432693065188,17.993432693065188,17.993432693065188,15.107218449836061,15.234360706946594,0.12714225711053379,1.238202413139921,1.0533059220571328,29.8913223605911,28.09780772329348,27.721105891439294,27.812523961611856,33103.30966783705,,21521.42618679631,882.5649288000001,17,78,0,19.291763574451252,27.721105891439294,36.15044820842734,t0_immediate,17,-2.8862142432291265,-0.16040375910826044,-2.7590719861185935,-0.15333772233365797,-0.4479103111806948,-0.2656467178736054,-0.43572152668719477,-0.2926215544613577,-2.3478287069950703,-0.07282538867332707,28.09780772329348,,9.727673198374106,0.5406235355037746,9.819091268546668,0.5457041708517921,-1422.883195238297,-0.041211702688483356,,,-810.3423060478672,-0.03628652635851599,-43.03385279999998,-0.04649298773450328,4.0,0.3076923076923077,-4.0,-0.04878048780487805
S1_service,25,link_failure,any_road,moderate,,,,,17.993432693065188,17.993432693065188,0.0,1.6861127243206158,1.4890274487443276,32.23915106758617,0.0,17.993432693065188,17.993432693065188,34526.19286307535,,22331.768492844178,925.5987816,13,82,0,17.993432693065188,17.993432693065188,17.993432693065188,15.493185652456376,15.493185652456376,0.0,1.237813257684128,1.054530913633599,30.02175848441001,27.945634636809782,27.930897378504152,27.930897378504152,33493.18758337533,,21874.936525219153,888.5132424000001,18,82,0,19.547206987461216,27.930897378504152,36.31458776954709,t0_immediate,18,-2.500247040608812,-0.1389533105360395,-2.500247040608812,-0.1389533105360395,-0.4482994666364877,-0.26587751825259526,-0.4344965351107286,-0.291798875485561,-2.21739258317616,-0.06877949666005836,27.945634636809782,,9.937464685438965,0.5522828720319132,9.937464685438965,0.5522828720319132,-1033.0052797000171,-0.029919466759533254,,,-456.83196762502484,-0.020456596071708723,-37.08553919999997,-0.04006653847998104,5.0,0.38461538461538464,0.0,0.0
S1_service,26,link_failure,any_road,mild,,,,,17.993432693065188,17.993432693065188,0.0,1.6861127243206158,1.4890274487443276,32.23915106758617,0.0,17.993432693065188,17.993432693065188,34526.19286307535,,22331.768492844178,925.5987816,13,82,0,17.993432693065188,17.993432693065188,17.993432693065188,17.993432693065188,17.993432693065188,0.0,1.6861127243206158,1.4890274487443276,32.23915106758617,0.0,17.993432693065188,17.993432693065188,34526.19286307535,,22331.768492844178,925.5987816,13,82,0,17.993432693065188,17.993432693065188,17.993432693065188,t0_immediate,13,0.0,0.0,0.0,0.0,0.0,0.0,0.0,0.0,0.0,0.0,0.0,,0.0,0.0,0.0,0.0,0.0,0.0,,,0.0,0.0,0.0,0.0,0.0,0.0,0.0,0.0
S1_service,27,link_failure,any_road,moderate,,,,,17.993432693065188,17.993432693065188,0.0,1.6861127243206158,1.4890274487443276,32.23915106758617,0.0,17.993432693065188,17.993432693065188,34526.19286307535,,22331.768492844178,925.5987816,13,82,0,17.993432693065188,17.993432693065188,17.993432693065188,18.060579525298408,18.060579525298408,0.0,1.674380251321562,1.4817700320728904,31.913060758038917,0.3260903095472615,18.197339911346692,18.197339911346692,34398.50399563838,,22297.27125054797,920.0381664000001,14,82,0,18.099512818482513,18.197339911346692,18.295167004210867,t0_immediate,14,0.06714683223322027,0.003731741095688717,0.06714683223322027,0.003731741095688717,-0.011732472999053778,-0.006958296933427826,-0.0072574166714372,-0.0048739307509457,-0.32609030954725426,-0.010114730033171109,0.3260903095472615,,0.20390721828150404,0.011332313392324052,0.20390721828150404,0.011332313392324052,-127.6888674369693,-0.003698318779118228,,,-34.49724229620915,-0.0015447608776377557,-5.560615199999916,-0.006007586991836545,1.0,0.07692307692307693,0.0,0.0
S1_service,28,node_removal,peripheral,moderate,,,,,17.993432693065188,17.993432693065188,0.0,1.6861127243206158,1.4890274487443276,32.23915106758617,0.0,17.993432693065188,17.993432693065188,34526.19286307535,,22331.768492844178,925.5987816,13,82,0,17.993432693065188,17.993432693065188,17.993432693065188,16.92983899796472,16.994858530918957,0.06501953295423732,1.2999441478027263,1.182505491912845,29.967408903832958,18.36959149575412,24.8416516306022,24.894727340960294,31985.64886002648,,20694.340751033094,857.2320144,17,80,0,19.330774181875963,24.8416516306022,30.352529079328434,t0_immediate,17,-1.0635936951004688,-0.05911010496126102,-0.9985741621462303,-0.055496590293806956,-0.3861685765178895,-0.22902892015923082,-0.30652195683148253,-0.20585379879327778,-2.2717421637532134,-0.07046532208589278,18.36959149575412,,6.848218937537013,0.38059546804409206,6.9012946478951065,0.3835451948284954,-2540.544003048868,-0.07358309133950006,,,-1637.4277418110833,-0.07332279762508591,-68.36676720000003,-0.07386220526546124,4.0,0.3076923076923077,-2.0,-0.024390243902439025
S1_service,29,demand_surge,peripheral_area,mild,,,,,17.993432693065188,17.993432693065188,0.0,1.6861127243206158,1.4890274487443276,32.23915106758617,0.0,17.993432693065188,17.993432693065188,34526.19286307535,,22331.768492844178,925.5987816,13,82,0,17.993432693065188,17.993432693065188,17.993432693065188,18.132145214444503,18.132145214444503,0.0,1.7010995063842724,1.4973151227328627,31.412851675565822,0.0,18.132145214444503,18.132145214444503,34526.19286307535,,22331.768492844178,925.5987816,13,82,0,18.132145214444503,18.132145214444503,18.132145214444503,t0_immediate,13,0.13871252137931478,0.007709063842652753,0.13871252137931478,0.007709063842652753,0.014986782063656667,0.008888363065817726,0.008287673988535138,0.005565830230681105,-0.8262993920203492,-0.025630308635860008,0.0,,0.13871252137931478,0.007709063842652753,0.13871252137931478,0.007709063842652753,0.0,0.0,,,0.0,0.0,0.0,0.0,0.0,0.0,0.0,0.0
S1_service,30,combined_disruption,central + peripheral_area,moderate,node_removal,central,area_closure,peripheral_area,17.993432693065188,17.993432693065188,0.0,1.6861127243206158,1.4890274487443276,32.23915106758617,0.0,17.993432693065188,17.993432693065188,34526.19286307535,,22331.768492844178,925.5987816,13,82,0,17.993432693065188,17.993432693065188,17.993432693065188,15.316934425434406,15.8015508107221,0.4846163852876947,1.1242132563508889,1.043391034082367,30.09256601241259,27.904175016668876,27.785375246174105,28.13476342715167,31076.440786079707,,20107.13550659963,832.8184656000001,19,73,0,19.414122741173443,27.785375246174105,36.156627751174774,t0_immediate,19,-2.676498267630782,-0.14874861919273055,-2.191881882343088,-0.12181566017627402,-0.5618994679697269,-0.3332514249283853,-0.44563641466196047,-0.29928018790906663,-2.1465850551735812,-0.06658317555178421,27.904175016668876,,9.791942553108917,0.5441953583922211,10.14133073408648,0.5636128973875579,-3449.752076995639,-0.0999169555321878,,,-2224.632986244549,-0.0996174121613966,-92.78031599999997,-0.10023815701185228,6.0,0.46153846153846156,-9.0,-0.10975609756097561
S1_service,31,combined_disruption,central_area + peripheral_area,mild,demand_surge,central_area,area_closure,peripheral_area,17.993432693065188,17.993432693065188,0.0,1.6861127243206158,1.4890274487443276,32.23915106758617,0.0,17.993432693065188,17.993432693065188,34526.19286307535,,22331.768492844178,925.5987816,13,82,0,17.993432693065188,17.993432693065188,17.993432693065188,16.81088674823562,17.973761843792243,1.162875095556622,1.1128801244178061,1.0876019166223385,27.079331527753563,21.378452240968507,26.044050698061866,26.9583210966928,29800.83399790405,,18730.45459738006,823.1372400000001,21,79,0,19.630515025771317,26.044050698061866,32.45758637035242,t0_immediate,21,-1.1825459448295668,-0.065720975258119,-0.019670849272944935,-0.0010932238227409623,-0.5732325999028096,-0.3399728805995351,-0.40142553212198906,-0.2695890747081289,-5.159819539832608,-0.160048244726282,21.378452240968507,,8.050618004996679,0.4474197971185037,8.964888403627612,0.4982311355788577,-4725.358865171296,-0.1368630153898293,,,-3601.313895464118,-0.1612641603650018,-102.46154159999992,-0.11069757613864162,8.0,0.6153846153846154,-3.0,-0.036585365853658534
S1_service,32,demand_surge,central_area,severe,,,,,17.993432693065188,17.993432693065188,0.0,1.6861127243206158,1.4890274487443276,32.23915106758617,0.0,17.993432693065188,17.993432693065188,34526.19286307535,,22331.768492844178,925.5987816,13,82,0,17.993432693065188,17.993432693065188,17.993432693065188,17.4300608153581,17.4300608153581,0.0,1.6252448843589997,1.455367600229445,35.59511226994777,0.0,17.4300608153581,17.4300608153581,34526.19286307535,,22331.768492844178,925.5987816,13,82,0,17.4300608153581,17.4300608153581,17.4300608153581,t0_immediate,13,-0.5633718777070875,-0.03130986106526608,-0.5633718777070875,-0.03130986106526608,-0.060867839961616044,-0.03609950810740811,-0.033659848514882684,-0.022605257239057267,3.3559612023615983,0.10409583041830599,0.0,,-0.5633718777070875,-0.03130986106526608,-0.5633718777070875,-0.03130986106526608,0.0,0.0,,,0.0,0.0,0.0,0.0,0.0,0.0,0.0,0.0
S1_service,33,link_failure,any_road,moderate,,,,,17.993432693065188,17.993432693065188,0.0,1.6861127243206158,1.4890274487443276,32.23915106758617,0.0,17.993432693065188,17.993432693065188,34526.19286307535,,22331.768492844178,925.5987816,13,82,0,17.993432693065188,17.993432693065188,17.993432693065188,18.358993762208332,18.358993762208332,0.0,1.4837137370170994,1.3531375672563468,31.282624275524253,4.597826734168426,20.273575079386255,20.273575079386255,34117.500964167004,,22015.303619208757,916.9587816000002,17,82,0,18.89422705913573,20.273575079386255,21.652923099636784,t0_immediate,17,0.3655610691431441,0.020316360717765335,0.3655610691431441,0.020316360717765335,-0.20239898730351635,-0.120038823255467,-0.13588988148798076,-0.09126083041825352,-0.9565267920619185,-0.029669726416078863,4.597826734168426,,2.2801423863210672,0.12672081115460823,2.2801423863210672,0.12672081115460823,-408.6918989083424,-0.011837155070329959,,,-316.4648736354211,-0.014171061899411447,-8.639999999999873,-0.00933449802630971,4.0,0.3076923076923077,0.0,0.0
S1_service,34,link_failure,any_road,moderate,,,,,17.993432693065188,17.993432693065188,0.0,1.6861127243206158,1.4890274487443276,32.23915106758617,0.0,17.993432693065188,17.993432693065188,34526.19286307535,,22331.768492844178,925.5987816,13,82,0,17.993432693065188,17.993432693065188,17.993432693065188,17.993432693065188,17.993432693065188,0.0,1.6861127243206158,1.4890274487443276,32.23915106758617,0.0,17.993432693065188,17.993432693065188,34526.19286307535,,22331.768492844178,925.5987816,13,82,0,17.993432693065188,17.993432693065188,17.993432693065188,t0_immediate,13,0.0,0.0,0.0,0.0,0.0,0.0,0.0,0.0,0.0,0.0,0.0,,0.0,0.0,0.0,0.0,0.0,0.0,,,0.0,0.0,0.0,0.0,0.0,0.0,0.0,0.0
S1_service,35,demand_surge,peripheral_area,mild,,,,,17.993432693065188,17.993432693065188,0.0,1.6861127243206158,1.4890274487443276,32.23915106758617,0.0,17.993432693065188,17.993432693065188,34526.19286307535,,22331.768492844178,925.5987816,13,82,0,17.993432693065188,17.993432693065188,17.993432693065188,18.132145214444503,18.132145214444503,0.0,1.7010995063842724,1.4973151227328627,31.412851675565822,0.0,18.132145214444503,18.132145214444503,34526.19286307535,,22331.768492844178,925.5987816,13,82,0,18.132145214444503,18.132145214444503,18.132145214444503,t0_immediate,13,0.13871252137931478,0.007709063842652753,0.13871252137931478,0.007709063842652753,0.014986782063656667,0.008888363065817726,0.008287673988535138,0.005565830230681105,-0.8262993920203492,-0.025630308635860008,0.0,,0.13871252137931478,0.007709063842652753,0.13871252137931478,0.007709063842652753,0.0,0.0,,,0.0,0.0,0.0,0.0,0.0,0.0,0.0,0.0
S1_service,36,node_removal,central,mild,,,,,17.993432693065188,17.993432693065188,0.0,1.6861127243206158,1.4890274487443276,32.23915106758617,0.0,17.993432693065188,17.993432693065188,34526.19286307535,,22331.768492844178,925.5987816,13,82,0,17.993432693065188,17.993432693065188,17.993432693065188,15.219450898644347,15.455698687986494,0.2362477893421473,1.3084950101901913,1.123275312589709,29.50002116304946,24.01085700306829,25.971644508559635,26.15116717902993,33436.961261474324,,21582.339780842904,898.3938576,15,80,0,18.768387407639146,25.971644508559635,33.174901609480116,t0_immediate,15,-2.773981794420841,-0.15416634734126944,-2.5377340050786934,-0.14103667979133055,-0.37761771413042444,-0.22395757334823369,-0.36575213615461855,-0.24563156069624595,-2.7391299045367106,-0.08496284219129707,24.01085700306829,,7.978211815494447,0.4433957628645986,8.157734485964742,0.4533728847141434,-1089.2316016010227,-0.03154797883220773,,,-749.4287120012741,-0.03355886087756173,-27.204924000000005,-0.02939170247498952,2.0,0.15384615384615385,-2.0,-0.024390243902439025
S1_service,37,link_failure,any_road,mild,,,,,17.993432693065188,17.993432693065188,0.0,1.6861127243206158,1.4890274487443276,32.23915106758617,0.0,17.993432693065188,17.993432693065188,34526.19286307535,,22331.768492844178,925.5987816,13,82,0,17.993432693065188,17.993432693065188,17.993432693065188,17.993432693065188,17.993432693065188,0.0,1.6861127243206158,1.4890274487443276,32.23915106758617,0.0,17.993432693065188,17.993432693065188,34526.19286307535,,22331.768492844178,925.5987816,13,82,0,17.993432693065188,17.993432693065188,17.993432693065188,t0_immediate,13,0.0,0.0,0.0,0.0,0.0,0.0,0.0,0.0,0.0,0.0,0.0,,0.0,0.0,0.0,0.0,0.0,0.0,,,0.0,0.0,0.0,0.0,0.0,0.0,0.0,0.0
S1_service,38,link_failure,any_road,moderate,,,,,17.993432693065188,17.993432693065188,0.0,1.6861127243206158,1.4890274487443276,32.23915106758617,0.0,17.993432693065188,17.993432693065188,34526.19286307535,,22331.768492844178,925.5987816,13,82,0,17.993432693065188,17.993432693065188,17.993432693065188,17.679926457227058,17.679926457227058,0.0,1.5669828582206604,1.3768203530010457,35.02175489745246,5.434771535913695,19.979925768107424,19.979925768107424,34400.607454951285,,22227.37441668911,923.2615512000001,14,82,0,18.349494307333316,19.979925768107424,21.610357228881533,t0_immediate,14,-0.31350623583812975,-0.017423370025384737,-0.31350623583812975,-0.017423370025384737,-0.11912986609995535,-0.07065355974225049,-0.11220709574328191,-0.07535596193200086,2.7826038298662894,0.08631132451449598,5.434771535913695,,1.9864930750422367,0.11040100624089627,1.9864930750422367,0.11040100624089627,-125.58540812406136,-0.003637395197962035,,,-104.39407615506934,-0.00467468916259456,-2.337230399999953,-0.0025251009902582102,1.0,0.07692307692307693,0.0,0.0
S1_service,39,link_failure,any_road,mild,,,,,17.993432693065188,17.993432693065188,0.0,1.6861127243206158,1.4890274487443276,32.23915106758617,0.0,17.993432693065188,17.993432693065188,34526.19286307535,,22331.768492844178,925.5987816,13,82,0,17.993432693065188,17.993432693065188,17.993432693065188,17.670992279514294,17.670992279514294,0.0,1.5971717977973945,1.4004583325657958,31.09783857112829,5.304364107755074,19.91627697220861,19.91627697220861,34120.73373385061,,22276.550685313257,905.5273992000001,15,82,0,18.32496773988209,19.91627697220861,21.507586204535134,t0_immediate,15,-0.32244041355089337,-0.017919894388754652,-0.32244041355089337,-0.017919894388754652,-0.08894092652322128,-0.05274909870516408,-0.0885691161785318,-0.059481184348361534,-1.141312496457882,-0.03540144385518198,5.304364107755074,,1.9228442791434226,0.10686367142632557,1.9228442791434226,0.10686367142632557,-405.4591292247351,-0.011743522688201183,,,-55.217807530920254,-0.0024726123929062686,-20.071382399999948,-0.021684754559966404,2.0,0.15384615384615385,0.0,0.0
S1_service,40,link_failure,any_road,mild,,,,,17.993432693065188,17.993432693065188,0.0,1.6861127243206158,1.4890274487443276,32.23915106758617,0.0,17.993432693065188,17.993432693065188,34526.19286307535,,22331.768492844178,925.5987816,13,82,0,17.993432693065188,17.993432693065188,17.993432693065188,17.690233822907683,17.690233822907683,0.0,1.45868110513883,1.2620923336667986,22.978272363424807,18.500013271742887,25.517546180913143,25.517546180913143,34316.58018161133,,22169.943431014162,921.1458576000001,14,82,0,19.96754219939028,25.517546180913143,31.067550162436014,t0_immediate,14,-0.30319887015750524,-0.016850529597632613,-0.30319887015750524,-0.016850529597632613,-0.22743161918178578,-0.13488518051094397,-0.22693511507752895,-0.15240492394475308,-9.260878704161364,-0.2872556626800394,18.500013271742887,,7.524113487847956,0.41815887030537585,7.524113487847956,0.41815887030537585,-209.61268146401562,-0.006071120621242594,,,-161.82506183001533,-0.007246406028338925,-4.452923999999939,-0.004810857672373516,1.0,0.07692307692307693,0.0,0.0
S1_service,41,link_failure,any_road,moderate,,,,,17.993432693065188,17.993432693065188,0.0,1.6861127243206158,1.4890274487443276,32.23915106758617,0.0,17.993432693065188,17.993432693065188,34526.19286307535,,22331.768492844178,925.5987816,13,82,0,17.993432693065188,17.993432693065188,17.993432693065188,17.768787830594047,17.768787830594047,0.0,1.307766491550678,1.1683114354154707,24.652176314745482,20.956519618146853,26.618980093856827,26.618980093856827,34009.51434847,,21989.4835095875,912.1070856000001,17,82,0,20.332024208412772,26.618980093856827,32.905935979300885,t0_immediate,17,-0.22464486247114124,-0.012484825230580997,-0.22464486247114124,-0.012484825230580997,-0.37834623276993784,-0.22438964329765357,-0.3207160133288569,-0.2153862332083344,-7.586974752840689,-0.23533419775649028,20.956519618146853,,8.625547400791639,0.4793719768722059,8.625547400791639,0.4793719768722059,-516.6785146053444,-0.014964827331365442,,,-342.28498325667897,-0.01532726722320976,-13.491695999999934,-0.014576181676339334,4.0,0.3076923076923077,0.0,0.0
S1_service,42,demand_surge,peripheral_area,mild,,,,,17.993432693065188,17.993432693065188,0.0,1.6861127243206158,1.4890274487443276,32.23915106758617,0.0,17.993432693065188,17.993432693065188,34526.19286307535,,22331.768492844178,925.5987816,13,82,0,17.993432693065188,17.993432693065188,17.993432693065188,18.132145214444503,18.132145214444503,0.0,1.7010995063842724,1.4973151227328627,31.412851675565822,0.0,18.132145214444503,18.132145214444503,34526.19286307535,,22331.768492844178,925.5987816,13,82,0,18.132145214444503,18.132145214444503,18.132145214444503,t0_immediate,13,0.13871252137931478,0.007709063842652753,0.13871252137931478,0.007709063842652753,0.014986782063656667,0.008888363065817726,0.008287673988535138,0.005565830230681105,-0.8262993920203492,-0.025630308635860008,0.0,,0.13871252137931478,0.007709063842652753,0.13871252137931478,0.007709063842652753,0.0,0.0,,,0.0,0.0,0.0,0.0,0.0,0.0,0.0,0.0
S1_service,43,node_removal,central,mild,,,,,17.993432693065188,17.993432693065188,0.0,1.6861127243206158,1.4890274487443276,32.23915106758617,0.0,17.993432693065188,17.993432693065188,34526.19286307535,,22331.768492844178,925.5987816,13,82,0,17.993432693065188,17.993432693065188,17.993432693065188,18.186273456993295,18.203512839088262,0.017239382094966775,1.5833428455712464,1.3963510046243155,34.41306255151767,4.076082238892806,19.890635338032,19.9071720287353,33802.77680540206,,21834.492262752578,907.5101664,15,81,0,18.667810666364154,19.890635338032,21.11346000969984,t0_immediate,15,0.1928407639281069,0.01071728597970243,0.21008014602307412,0.01167537899002677,-0.10276987874936938,-0.06095077586866464,-0.09267644412001208,-0.06223958073987461,2.173911483931498,0.06743079181502357,4.076082238892806,,1.8972026449668107,0.10543861626236598,1.9137393356701118,0.1063576566136645,-723.4160576732829,-0.02095267383062536,,,-497.27623009160015,-0.022267660093778223,-18.08861520000005,-0.01954260912998597,2.0,0.15384615384615385,-1.0,-0.012195121951219513
S1_service,44,node_removal,peripheral,mild,,,,,17.993432693065188,17.993432693065188,0.0,1.6861127243206158,1.4890274487443276,32.23915106758617,0.0,17.993432693065188,17.993432693065188,34526.19286307535,,22331.768492844178,925.5987816,13,82,0,17.993432693065188,17.993432693065188,17.993432693065188,17.50445744722041,17.587211426597875,0.08275397937746483,1.4431736844616885,1.333178397921279,33.33697529088432,6.445669430297881,20.24357964278415,20.32099957421053,30755.531300785282,,19166.1645919816,856.8110904,17,81,0,18.309878813694787,20.24357964278415,22.177280471873516,t0_immediate,17,-0.48897524584477736,-0.027175206320316652,-0.4062212664673126,-0.02257608503039409,-0.24293903985892729,-0.1440823240076161,-0.15584905082304856,-0.10466499523193713,1.0978242232981472,0.03405251648831162,6.445669430297881,,2.250146949718964,0.12505378979666223,2.3275668811453407,0.12935646693153793,-3770.6615622900645,-0.10921162310724,,,-3165.6039008625776,-0.141753390551086,-68.78769120000004,-0.07431696385889024,4.0,0.3076923076923077,-1.0,-0.012195121951219513
S1_service,45,link_failure,any_road,severe,,,,,17.993432693065188,17.993432693065188,0.0,1.6861127243206158,1.4890274487443276,32.23915106758617,0.0,17.993432693065188,17.993432693065188,34526.19286307535,,22331.768492844178,925.5987816,13,82,0,17.993432693065188,17.993432693065188,17.993432693065188,17.74491159793528,17.74491159793528,0.0,1.6241984322431284,1.4363122052504407,31.65219568431618,3.2499915706497915,19.118198409173,19.118198409173,33883.49668294362,,21973.02600567953,905.8375488,13,79,0,18.143200937978065,19.118198409173,20.093195880367936,t0_immediate,13,-0.2485210951299095,-0.013811766735631913,-0.2485210951299095,-0.013811766735631913,-0.06191429207748733,-0.03672013809304144,-0.0527152434938869,-0.0354024659104443,-0.5869553832699914,-0.018206291537872628,3.2499915706497915,,1.124765716107813,0.06250979094952275,1.124765716107813,0.06250979094952275,-642.6961801317229,-0.018614742224274193,,,-358.7424871646472,-0.016064222019836892,-19.761232800000016,-0.021349674602899257,0.0,0.0,-3.0,-0.036585365853658534
S1_service,46,link_failure,any_road,moderate,,,,,17.993432693065188,17.993432693065188,0.0,1.6861127243206158,1.4890274487443276,32.23915106758617,0.0,17.993432693065188,17.993432693065188,34526.19286307535,,22331.768492844178,925.5987816,13,82,0,17.993432693065188,17.993432693065188,17.993432693065188,16.36942843031146,16.36942843031146,0.0,1.549368258719171,1.354504562651823,33.75001345109075,7.902189407140485,19.817198835166234,19.817198835166234,34210.82790650957,,22009.340717136958,922.4086296,14,82,0,17.44654201302409,19.817198835166234,22.187855657308383,t0_immediate,14,-1.6240042627537292,-0.09025538875523365,-1.6240042627537292,-0.09025538875523365,-0.1367444656014447,-0.08110042918781901,-0.1345228860925045,-0.0903427846182053,1.5108623835045805,0.046864211167881184,7.902189407140485,,1.8237661421010465,0.10135732148562962,1.8237661421010465,0.10135732148562962,-315.3649565657761,-0.009134078518777226,,,-322.42777570721955,-0.014438076223588645,-3.190152000000012,-0.003446581892086635,1.0,0.07692307692307693,0.0,0.0
S1_service,47,link_failure,any_road,moderate,,,,,17.993432693065188,17.993432693065188,0.0,1.6861127243206158,1.4890274487443276,32.23915106758617,0.0,17.993432693065188,17.993432693065188,34526.19286307535,,22331.768492844178,925.5987816,13,82,0,17.993432693065188,17.993432693065188,17.993432693065188,17.993432693065188,17.993432693065188,0.0,1.6861127243206158,1.4890274487443276,32.23915106758617,0.0,17.993432693065188,17.993432693065188,34526.19286307535,,22331.768492844178,925.5987816,13,82,0,17.993432693065188,17.993432693065188,17.993432693065188,t0_immediate,13,0.0,0.0,0.0,0.0,0.0,0.0,0.0,0.0,0.0,0.0,0.0,,0.0,0.0,0.0,0.0,0.0,0.0,,,0.0,0.0,0.0,0.0,0.0,0.0,0.0,0.0
S1_service,48,link_failure,any_road,mild,,,,,17.993432693065188,17.993432693065188,0.0,1.6861127243206158,1.4890274487443276,32.23915106758617,0.0,17.993432693065188,17.993432693065188,34526.19286307535,,22331.768492844178,925.5987816,13,82,0,17.993432693065188,17.993432693065188,17.993432693065188,18.123284405814438,18.123284405814438,0.0,1.6429022119782057,1.4458169364019176,31.195669250950008,3.1086941394135614,19.42510340926977,19.42510340926977,34399.81076737665,,22273.981663220806,921.1458576,14,82,0,18.492495167445703,19.42510340926977,20.357711651093837,t0_immediate,14,0.12985171274925023,0.007216617027127687,0.12985171274925023,0.007216617027127687,-0.043210512342410023,-0.025627297463057107,-0.043210512342410023,-0.02901928529178474,-1.043481816636163,-0.032366913584312665,3.1086941394135614,,1.4316707162045823,0.07956629180358452,1.4316707162045823,0.07956629180358452,-126.3820956986965,-0.0036604700726751167,,,-57.78682962337189,-0.0025876512933531736,-4.452924000000053,-0.004810857672373639,1.0,0.07692307692307693,0.0,0.0
S1_service,49,combined_disruption,peripheral_area + central,moderate,area_closure,peripheral_area,node_removal,central,17.993432693065188,17.993432693065188,0.0,1.6861127243206158,1.4890274487443276,32.23915106758617,0.0,17.993432693065188,17.993432693065188,34526.19286307535,,22331.768492844178,925.5987816,13,82,0,17.993432693065188,17.993432693065188,17.993432693065188,15.519051700951634,15.661685768035138,0.1426340670835042,0.981223048017034,0.9408870229837263,40.79351391990611,27.24998726630075,27.640104448372135,27.743870750337976,29735.38180084498,,19235.827197056227,797.0400024,22,74,0,19.46510826848191,27.640104448372135,35.81510062826236,t0_immediate,22,-2.474380992113554,-0.13751578335951428,-2.3317469250300498,-0.12958877634998037,-0.7048896763035818,-0.41805608019926577,-0.5481404257606013,-0.36811975912387584,8.55436285231994,0.26534082223153366,27.24998726630075,,9.646671755306947,0.5361218128781425,9.750438057272788,0.5418887114869796,-4790.811062230365,-0.13875874126144916,,,-3095.9412957879504,-0.1386339508570488,-128.5587792,-0.1388925544800004,9.0,0.6923076923076923,-8.0,-0.0975609756097561
S1_service,50,link_failure,any_road,mild,,,,,17.993432693065188,17.993432693065188,0.0,1.6861127243206158,1.4890274487443276,32.23915106758617,0.0,17.993432693065188,17.993432693065188,34526.19286307535,,22331.768492844178,925.5987816,13,82,0,17.993432693065188,17.993432693065188,17.993432693065188,18.038199019064635,18.038199019064635,0.0,1.6578164501087804,1.460847632795218,32.23915106758617,1.7608589758949285,18.7770871580846,18.7770871580846,34400.14144994388,,22274.644226429857,921.1347816,14,82,0,18.24882946531612,18.7770871580846,19.30534485085308,t0_immediate,14,0.044766325999447076,0.002487925831778634,0.044766325999447076,0.002487925831778634,-0.028296274211835337,-0.01678195876449289,-0.028179815949109566,-0.018924980847648674,0.0,0.0,1.7608589758949285,,0.7836544650194135,0.04355224922265334,0.7836544650194135,0.04355224922265334,-126.05141313146305,-0.003650892342267803,,,-57.12426641432103,-0.002557982205154307,-4.4640000000000555,-0.004822823980260148,1.0,0.07692307692307693,0.0,0.0
S1_service,51,link_failure,any_road,moderate,,,,,17.993432693065188,17.993432693065188,0.0,1.6861127243206158,1.4890274487443276,32.23915106758617,0.0,17.993432693065188,17.993432693065188,34526.19286307535,,22331.768492844178,925.5987816,13,82,0,17.993432693065188,17.993432693065188,17.993432693065188,18.018955749931564,18.018955749931564,0.0,1.6583990623561609,1.461313786779873,32.04349688185781,1.8478211743842454,18.79469037481195,18.79469037481195,34362.939897795266,,22236.117708244088,920.7803184,14,82,0,18.240344022496675,18.79469037481195,19.34903672712722,t0_immediate,14,0.025523056866376237,0.001418465131237189,0.025523056866376237,0.001418465131237189,-0.027713661964454905,-0.016436423001090602,-0.027713661964454683,-0.018611921484607392,-0.19565418572835824,-0.0060688380199028415,1.8478211743842454,,0.8012576817467618,0.044530562645535274,0.8012576817467618,0.044530562645535274,-163.2529652800804,-0.004728380158435429,,,-95.65078460008954,-0.0042831710632652824,-4.8184631999999965,-0.005205779540537801,1.0,0.07692307692307693,0.0,0.0
S1_service,52,link_failure,any_road,moderate,,,,,17.993432693065188,17.993432693065188,0.0,1.6861127243206158,1.4890274487443276,32.23915106758617,0.0,17.993432693065188,17.993432693065188,34526.19286307535,,22331.768492844178,925.5987816,13,82,0,17.993432693065188,17.993432693065188,17.993432693065188,17.103124293556377,17.103124293556377,0.0,1.1680465478594155,1.0885997184983947,29.771761892019665,23.293487017724598,27.095302467246277,27.095302467246277,33675.702304354054,,22000.646246442564,893.0658504,18,82,0,20.1072563619289,27.095302467246277,34.08334857256366,t0_immediate,18,-0.890308399508811,-0.04947963041270846,-0.890308399508811,-0.04947963041270846,-0.5180661764612002,-0.307254769499438,-0.4004277302459329,-0.2689189716305143,-2.467389175566506,-0.07653393758396027,23.293487017724598,,9.10186977418109,0.505843989273321,9.10186977418109,0.505843989273321,-850.4905587212925,-0.024633198397928917,,,-331.12224640161367,-0.014827408161056118,-32.53293120000001,-0.03514798403662895,5.0,0.38461538461538464,0.0,0.0
S1_service,53,area_closure,peripheral_area,severe,,,,,17.993432693065188,17.993432693065188,0.0,1.6861127243206158,1.4890274487443276,32.23915106758617,0.0,17.993432693065188,17.993432693065188,34526.19286307535,,22331.768492844178,925.5987816,13,82,0,17.993432693065188,17.993432693065188,17.993432693065188,16.085310328456845,16.623006446075443,0.5376961176185989,0.8366832056251439,0.765111843356504,29.261099617402202,42.50683029758529,34.75205294285091,35.061191484236666,26156.806843044156,,16340.488445805187,726.9120048000002,27,72,0,22.000003853575322,34.75205294285091,47.5041020321265,t0_immediate,27,-1.9081223646083423,-0.10604548877123084,-1.3704262469897444,-0.07616257944588403,-0.8494295186954719,-0.5037797926812586,-0.7239156053878236,-0.48616672983314696,-2.978051450183969,-0.0923737552499686,42.50683029758529,,16.75862024978572,0.9313742705828792,17.067758791171478,0.9485549023533196,-8369.38602003119,-0.24240686058907987,,,-5991.28004703899,-0.26828506882286507,-198.68677679999985,-0.21465756086729904,14.0,1.0769230769230769,-10.0,-0.12195121951219512
S1_service,54,link_failure,any_road,moderate,,,,,17.993432693065188,17.993432693065188,0.0,1.6861127243206158,1.4890274487443276,32.23915106758617,0.0,17.993432693065188,17.993432693065188,34526.19286307535,,22331.768492844178,925.5987816,13,82,0,17.993432693065188,17.993432693065188,17.993432693065188,18.235851008435876,18.235851008435876,0.0,1.6542376348037882,1.4959983811526238,30.47828491777618,0.0,18.235851008435876,18.235851008435876,34191.5375969685,,22107.350882210612,916.9809384000001,14,82,0,18.235851008435876,18.235851008435876,18.235851008435876,t0_immediate,14,0.24241831537068848,0.013472599670440785,0.24241831537068848,0.013472599670440785,-0.031875089516827604,-0.018904483109022863,0.006970932408296271,0.004681533852297178,-1.760866149809992,-0.05461887461361844,0.0,,0.24241831537068848,0.013472599670440785,0.24241831537068848,0.013472599670440785,-334.655266106849,-0.009692793741668287,,,-224.41761063356535,-0.010049253855800808,-8.617843199999925,-0.009310560224704518,1.0,0.07692307692307693,0.0,0.0
S1_service,55,combined_disruption,peripheral_area + peripheral_area,mild,demand_surge,peripheral_area,area_closure,peripheral_area,17.993432693065188,17.993432693065188,0.0,1.6861127243206158,1.4890274487443276,32.23915106758617,0.0,17.993432693065188,17.993432693065188,34526.19286307535,,22331.768492844178,925.5987816,13,82,0,17.993432693065188,17.993432693065188,17.993432693065188,17.141879416768674,17.593972124046832,0.4520927072781572,1.504725242284989,1.3171170818129811,31.25128529054469,10.798560026818521,21.769939294315172,22.17321249922103,32458.17551201943,,21492.857540024288,847.9938599999998,15,78,0,18.530371286269617,21.769939294315172,25.00950730236073,t0_immediate,15,-0.8515532762965137,-0.047325782179667646,-0.39946056901835547,-0.022200353641932413,-0.1813874820356267,-0.10757731640315629,-0.17191036693134643,-0.11545144253473341,-0.9878657770414812,-0.030641804896491192,10.798560026818521,,3.7765066012499844,0.20988249800192268,4.179779806155842,0.23229474205701522,-2068.017351055918,-0.059897057264822154,,,-838.9109528198896,-0.03756580913368791,-77.60492160000024,-0.0838429383688811,2.0,0.15384615384615385,-4.0,-0.04878048780487805
S1_service,56,demand_surge,central_area,mild,,,,,17.993432693065188,17.993432693065188,0.0,1.6861127243206158,1.4890274487443276,32.23915106758617,0.0,17.993432693065188,17.993432693065188,34526.19286307535,,22331.768492844178,925.5987816,13,82,0,17.993432693065188,17.993432693065188,17.993432693065188,17.83386969082654,17.83386969082654,0.0,1.6688732140284344,1.4794940185245018,33.18965510592168,0.0,17.83386969082654,17.83386969082654,34526.19286307535,,22331.768492844178,925.5987816,13,82,0,17.83386969082654,17.83386969082654,17.83386969082654,t0_immediate,13,-0.15956300223864872,-0.00886784667275553,-0.15956300223864872,-0.00886784667275553,-0.017239510292181404,-0.010224411478258495,-0.009533430219825778,-0.006402454318666297,0.9505040383355094,0.029482911517827264,0.0,,-0.15956300223864872,-0.00886784667275553,-0.15956300223864872,-0.00886784667275553,0.0,0.0,,,0.0,0.0,0.0,0.0,0.0,0.0,0.0,0.0
S1_service,57,link_failure,any_road,moderate,,,,,17.993432693065188,17.993432693065188,0.0,1.6861127243206158,1.4890274487443276,32.23915106758617,0.0,17.993432693065188,17.993432693065188,34526.19286307535,,22331.768492844178,925.5987816,13,82,0,17.993432693065188,17.993432693065188,17.993432693065188,18.060917980959953,18.060917980959953,0.0,1.6142354309592435,1.4479267172236643,34.38044993360541,0.456526433366166,18.252380976287988,18.252380976287988,33295.47832594654,,21288.596739433175,903.5889408,16,82,0,18.11542304627814,18.252380976287988,18.389338906297837,t0_immediate,16,0.06748528789476538,0.0037505510508161538,0.06748528789476538,0.0037505510508161538,-0.07187729336137227,-0.04262899646305305,-0.04110073152066329,-0.02760240018095225,2.141298866019241,0.06641920755078883,0.456526433366166,,0.25894828322280006,0.014391266393688226,0.25894828322280006,0.014391266393688226,-1230.7145371288061,-0.03564582234738704,,,-1043.171753411003,-0.04671245601284417,-22.009840800000006,-0.023779029572568753,3.0,0.23076923076923078,0.0,0.0
S1_service,58,node_removal,peripheral,moderate,,,,,17.993432693065188,17.993432693065188,0.0,1.6861127243206158,1.4890274487443276,32.23915106758617,0.0,17.993432693065188,17.993432693065188,34526.19286307535,,22331.768492844178,925.5987816,13,82,0,17.993432693065188,17.993432693065188,17.993432693065188,17.541487247904335,17.541487247904335,0.0,1.5052049115620758,1.3174118851176388,26.423925293718018,13.239137437147543,23.162628104923094,23.162628104923094,33987.68775057992,,22000.3325242249,910.4123184,14,80,0,19.190886873778833,23.162628104923094,27.13436933606736,t0_immediate,14,-0.45194544516085244,-0.025117244322982117,-0.45194544516085244,-0.025117244322982117,-0.18090781275853995,-0.10729283407278302,-0.17161556362668873,-0.1152534587400718,-5.815225773868153,-0.18037775751840088,13.239137437147543,,5.169195411857906,0.2872823379526773,5.169195411857906,0.2872823379526773,-538.5051124954261,-0.015597002386884657,,,-331.43596861927654,-0.014841456408858948,-15.186463200000048,-0.016407177172109672,1.0,0.07692307692307693,-2.0,-0.024390243902439025
S1_service,59,link_failure,any_road,moderate,,,,,17.993432693065188,17.993432693065188,0.0,1.6861127243206158,1.4890274487443276,32.23915106758617,0.0,17.993432693065188,17.993432693065188,34526.19286307535,,22331.768492844178,925.5987816,13,82,0,17.993432693065188,17.993432693065188,17.993432693065188,17.993432693065188,17.993432693065188,0.0,1.6861127243206158,1.4890274487443276,32.23915106758617,0.0,17.993432693065188,17.993432693065188,34526.19286307535,,22331.768492844178,925.5987816,13,82,0,17.993432693065188,17.993432693065188,17.993432693065188,t0_immediate,13,0.0,0.0,0.0,0.0,0.0,0.0,0.0,0.0,0.0,0.0,0.0,,0.0,0.0,0.0,0.0,0.0,0.0,,,0.0,0.0,0.0,0.0,0.0,0.0,0.0,0.0
S1_service,60,demand_surge,peripheral_area,mild,,,,,17.993432693065188,17.993432693065188,0.0,1.6861127243206158,1.4890274487443276,32.23915106758617,0.0,17.993432693065188,17.993432693065188,34526.19286307535,,22331.768492844178,925.5987816,13,82,0,17.993432693065188,17.993432693065188,17.993432693065188,18.132145214444503,18.132145214444503,0.0,1.7010995063842724,1.4973151227328627,31.412851675565822,0.0,18.132145214444503,18.132145214444503,34526.19286307535,,22331.768492844178,925.5987816,13,82,0,18.132145214444503,18.132145214444503,18.132145214444503,t0_immediate,13,0.13871252137931478,0.007709063842652753,0.13871252137931478,0.007709063842652753,0.014986782063656667,0.008888363065817726,0.008287673988535138,0.005565830230681105,-0.8262993920203492,-0.025630308635860008,0.0,,0.13871252137931478,0.007709063842652753,0.13871252137931478,0.007709063842652753,0.0,0.0,,,0.0,0.0,0.0,0.0,0.0,0.0,0.0,0.0
S1_service,61,node_removal,central,mild,,,,,17.993432693065188,17.993432693065188,0.0,1.6861127243206158,1.4890274487443276,32.23915106758617,0.0,17.993432693065188,17.993432693065188,34526.19286307535,,22331.768492844178,925.5987816,13,82,0,17.993432693065188,17.993432693065188,17.993432693065188,17.46635439915005,17.829377900998484,0.36302350184843546,1.191863407154221,1.0789240930791968,24.923821266085532,26.784945674254704,28.858968266617737,29.12475612071129,31438.221609638575,,19913.853690048218,861.5077031999999,20,81,0,20.82348456434132,28.858968266617737,36.894451968894145,t0_immediate,20,-0.5270782939151388,-0.02929281493454437,-0.16405479206670393,-0.009117481631502807,-0.49424931716639486,-0.2931294628391719,-0.4101033556651308,-0.27541692130052015,-7.3153298015006385,-0.22690826399754688,26.784945674254704,,10.865535573552549,0.603861184183061,11.131323427646102,0.618632565421283,-3087.971253436772,-0.08943851022564546,,,-2417.91480279596,-0.10827242829293784,-64.09107840000013,-0.0692428292626008,7.0,0.5384615384615384,-1.0,-0.012195121951219513
S1_service,62,link_failure,any_road,mild,,,,,17.993432693065188,17.993432693065188,0.0,1.6861127243206158,1.4890274487443276,32.23915106758617,0.0,17.993432693065188,17.993432693065188,34526.19286307535,,22331.768492844178,925.5987816,13,82,0,17.993432693065188,17.993432693065188,17.993432693065188,17.993432693065188,17.993432693065188,0.0,1.6861127243206158,1.4890274487443276,32.23915106758617,0.0,17.993432693065188,17.993432693065188,34526.19286307535,,22331.768492844178,925.5987816,13,82,0,17.993432693065188,17.993432693065188,17.993432693065188,t0_immediate,13,0.0,0.0,0.0,0.0,0.0,0.0,0.0,0.0,0.0,0.0,0.0,,0.0,0.0,0.0,0.0,0.0,0.0,,,0.0,0.0,0.0,0.0,0.0,0.0,0.0,0.0
S1_service,63,link_failure,any_road,mild,,,,,17.993432693065188,17.993432693065188,0.0,1.6861127243206158,1.4890274487443276,32.23915106758617,0.0,17.993432693065188,17.993432693065188,34526.19286307535,,22331.768492844178,925.5987816,13,82,0,17.993432693065188,17.993432693065188,17.993432693065188,17.703898342732767,17.703898342732767,0.0,1.553449437145739,1.3632869319261247,34.913055736298354,6.347810054815886,20.388774536527926,20.388774536527926,34394.34820075956,,22223.039558949455,923.1064752000001,14,82,0,18.48443152008316,20.388774536527926,22.29311755297269,t0_immediate,14,-0.2895343503324206,-0.01609111253374179,-0.2895343503324206,-0.01609111253374179,-0.13266328717487674,-0.07867996324405337,-0.12574051681820286,-0.0844447272776857,2.673904668712183,0.08293967366282716,6.347810054815886,,2.395341843462738,0.1331231168795225,2.395341843462738,0.1331231168795225,-131.844662315787,-0.003818685217876733,,,-108.72893389472301,-0.004868800871259403,-2.4923063999999613,-0.0026926422652498888,1.0,0.07692307692307693,0.0,0.0
S1_service,64,link_failure,any_road,moderate,,,,,17.993432693065188,17.993432693065188,0.0,1.6861127243206158,1.4890274487443276,32.23915106758617,0.0,17.993432693065188,17.993432693065188,34526.19286307535,,22331.768492844178,925.5987816,13,82,0,17.993432693065188,17.993432693065188,17.993432693065188,18.23965008354062,18.23965008354062,0.0,1.6222826765469642,1.4383747730213967,30.836973497405555,3.3804348683837673,19.651331513275686,19.651331513275686,34189.24793381458,,22196.455015268224,912.8935512,15,82,0,18.637201052760556,19.651331513275686,20.665461973790816,t0_immediate,15,0.246217390475433,0.013683736431810877,0.246217390475433,0.013683736431810877,-0.06383004777365153,-0.0378563347829372,-0.05065267572293086,-0.03401728810684144,-1.4021775701806156,-0.04349300535988339,3.3804348683837673,,1.657898820210498,0.09213910700038161,1.657898820210498,0.09213910700038161,-336.9449292607678,-0.009759110441079636,,,-135.31347757595358,-0.006059236984268058,-12.705230400000005,-0.013726498621830082,2.0,0.15384615384615385,0.0,0.0
S1_service,65,combined_disruption,any_road + central_area,mild,link_failure,any_road,demand_surge,central_area,17.993432693065188,17.993432693065188,0.0,1.6861127243206158,1.4890274487443276,32.23915106758617,0.0,17.993432693065188,17.993432693065188,34526.19286307535,,22331.768492844178,925.5987816,13,82,0,17.993432693065188,17.993432693065188,17.993432693065188,17.83386969082654,17.83386969082654,0.0,1.6688732140284344,1.4794940185245018,33.18965510592168,0.0,17.83386969082654,17.83386969082654,34526.19286307535,,22331.768492844178,925.5987816,13,82,0,17.83386969082654,17.83386969082654,17.83386969082654,t0_immediate,13,-0.15956300223864872,-0.00886784667275553,-0.15956300223864872,-0.00886784667275553,-0.017239510292181404,-0.010224411478258495,-0.009533430219825778,-0.006402454318666297,0.9505040383355094,0.029482911517827264,0.0,,-0.15956300223864872,-0.00886784667275553,-0.15956300223864872,-0.00886784667275553,0.0,0.0,,,0.0,0.0,0.0,0.0,0.0,0.0,0.0,0.0
S1_service,66,link_failure,any_road,severe,,,,,17.993432693065188,17.993432693065188,0.0,1.6861127243206158,1.4890274487443276,32.23915106758617,0.0,17.993432693065188,17.993432693065188,34526.19286307535,,22331.768492844178,925.5987816,13,82,0,17.993432693065188,17.993432693065188,17.993432693065188,17.64957187805251,17.64957187805251,0.0,1.5879893485720113,1.3939365263748507,31.09783857112829,5.630454417302334,20.034093428991152,20.034093428991152,33988.76153401274,,22213.022383515923,901.0190904000001,15,81,0,18.34495710380045,20.034093428991152,21.72322975418185,t0_immediate,15,-0.34386081501267896,-0.019110351030751663,-0.34386081501267896,-0.019110351030751663,-0.09812337574860441,-0.05819502713743009,-0.09509092236947692,-0.06386109433352993,-1.141312496457882,-0.03540144385518198,5.630454417302334,,2.0406607359259645,0.11341141908472259,2.0406607359259645,0.11341141908472259,-537.4313290626087,-0.015565901841363293,,,-118.74610932825453,-0.0053173625441399605,-24.579691199999957,-0.026555448957604758,2.0,0.15384615384615385,-1.0,-0.012195121951219513
S1_service,67,link_failure,any_road,severe,,,,,17.993432693065188,17.993432693065188,0.0,1.6861127243206158,1.4890274487443276,32.23915106758617,0.0,17.993432693065188,17.993432693065188,34526.19286307535,,22331.768492844178,925.5987816,13,82,0,17.993432693065188,17.993432693065188,17.993432693065188,15.162875994028017,15.162875994028017,0.0,1.1754862716428947,1.0636022106422236,31.815230078217187,24.41304820368754,26.108984690753115,26.108984690753115,33067.77669436684,,21855.84065195855,865.7280096000001,18,81,0,18.785070229646852,26.108984690753115,33.432899151859374,t0_immediate,18,-2.830556699037171,-0.15731054475937156,-2.830556699037171,-0.15731054475937156,-0.5106264526777211,-0.3028424169466294,-0.425425238102104,-0.28570678026174606,-0.4239209893689839,-0.013149260304040754,24.41304820368754,,8.115551997687927,0.45102855781463674,8.115551997687927,0.45102855781463674,-1458.416168708507,-0.04224086259647342,,,-475.9278408856262,-0.021311695087566796,-59.87077199999999,-0.06468328739208874,5.0,0.38461538461538464,-1.0,-0.012195121951219513
S1_service,68,link_failure,any_road,moderate,,,,,17.993432693065188,17.993432693065188,0.0,1.6861127243206158,1.4890274487443276,32.23915106758617,0.0,17.993432693065188,17.993432693065188,34526.19286307535,,22331.768492844178,925.5987816,13,82,0,17.993432693065188,17.993432693065188,17.993432693065188,18.015847120274227,18.015847120274227,0.0,1.6605971180498145,1.4635118424735263,32.04349688185781,1.695648087900547,18.72775060580054,18.72775060580054,34398.59131073706,,22279.93423642132,920.8135512000001,14,82,0,18.219056179430375,18.72775060580054,19.236445032170703,t0_immediate,14,0.02241442720903919,0.0012457004503469695,0.02241442720903919,0.0012457004503469695,-0.025515606270801294,-0.01513279978423879,-0.025515606270801294,-0.01713575279778636,-0.19565418572835824,-0.0060688380199028415,1.695648087900547,,0.734317912735353,0.040810329260762175,0.734317912735353,0.040810329260762175,-127.60155233828846,-0.0036957898267073117,,,-51.83425642285874,-0.0023210994883574995,-4.785230399999932,-0.0051698754310459775,1.0,0.07692307692307693,0.0,0.0
S1_service,69,link_failure,any_road,mild,,,,,17.993432693065188,17.993432693065188,0.0,1.6861127243206158,1.4890274487443276,32.23915106758617,0.0,17.993432693065188,17.993432693065188,34526.19286307535,,22331.768492844178,925.5987816,13,82,0,17.993432693065188,17.993432693065188,17.993432693065188,18.29819127367958,18.29819127367958,0.0,1.5068039315325827,1.391870844211378,28.20654275402296,3.576096228027195,19.78948808256064,19.78948808256064,33357.72134396052,,21067.572773950644,916.8701736,15,82,0,18.716659214152482,19.78948808256064,20.8623169509688,t0_immediate,15,0.30475858061439354,0.01693721180460746,0.30475858061439354,0.01693721180460746,-0.17930879278803302,-0.10634448705692663,-0.0971566045329495,-0.0652483636986545,-4.0326083135632125,-0.12508419669951143,3.576096228027195,,1.7960553894954536,0.09981727334260503,1.7960553894954536,0.09981727334260503,-1168.471519114828,-0.03384304559001843,,,-1264.195718893534,-0.05660974496035203,-8.728608000000008,-0.009430228489401902,2.0,0.15384615384615385,0.0,0.0
S1_service,70,combined_disruption,any_road + central,severe,link_failure,any_road,node_removal,central,17.993432693065188,17.993432693065188,0.0,1.6861127243206158,1.4890274487443276,32.23915106758617,0.0,17.993432693065188,17.993432693065188,34526.19286307535,,22331.768492844178,925.5987816,13,82,0,17.993432693065188,17.993432693065188,17.993432693065188,17.183035763794265,17.70302928614731,0.5199935223530446,1.156762538195575,1.0419399661732291,28.173908614365487,27.31521250212527,28.87858053187284,29.256536718597864,30906.85906535572,,19767.801353694642,838.4787768000002,19,79,0,20.684016781235258,28.87858053187284,37.07314428251042,t0_immediate,19,-0.8103969292709223,-0.04503848393437767,-0.29040340691787847,-0.0161394110768982,-0.5293501861250407,-0.31394709172741186,-0.4470874825710984,-0.30025469506832797,-4.065242453220684,-0.12609644852925275,27.31521250212527,,10.88514783880765,0.6049511521502439,11.263104025532677,0.6259563818455589,-3619.333797719628,-0.10482863871128952,,,-2563.967139149536,-0.11481254339400455,-87.12000479999983,-0.09412286028445635,6.0,0.46153846153846156,-3.0,-0.036585365853658534
S1_service,71,demand_surge,central_area,mild,,,,,17.993432693065188,17.993432693065188,0.0,1.6861127243206158,1.4890274487443276,32.23915106758617,0.0,17.993432693065188,17.993432693065188,34526.19286307535,,22331.768492844178,925.5987816,13,82,0,17.993432693065188,17.993432693065188,17.993432693065188,17.83386969082654,17.83386969082654,0.0,1.6688732140284344,1.4794940185245018,33.18965510592168,0.0,17.83386969082654,17.83386969082654,34526.19286307535,,22331.768492844178,925.5987816,13,82,0,17.83386969082654,17.83386969082654,17.83386969082654,t0_immediate,13,-0.15956300223864872,-0.00886784667275553,-0.15956300223864872,-0.00886784667275553,-0.017239510292181404,-0.010224411478258495,-0.009533430219825778,-0.006402454318666297,0.9505040383355094,0.029482911517827264,0.0,,-0.15956300223864872,-0.00886784667275553,-0.15956300223864872,-0.00886784667275553,0.0,0.0,,,0.0,0.0,0.0,0.0,0.0,0.0,0.0,0.0
S1_service,72,combined_disruption,peripheral_area + peripheral,mild,area_closure,peripheral_area,node_removal,peripheral,17.993432693065188,17.993432693065188,0.0,1.6861127243206158,1.4890274487443276,32.23915106758617,0.0,17.993432693065188,17.993432693065188,34526.19286307535,,22331.768492844178,925.5987816,13,82,0,17.993432693065188,17.993432693065188,17.993432693065188,17.319191471297103,17.67126761976423,0.35207614846712726,1.4662925197457948,1.2933221004796762,30.489146225193508,12.880477553178444,22.81668343335175,23.12341049254547,32970.016518736506,,21823.363430420624,861.7403208000001,16,77,0,18.952540167398215,22.81668343335175,26.680826699305282,t0_immediate,16,-0.6742412217680851,-0.037471517151251695,-0.3221650733009582,-0.017904592125165934,-0.219820204574821,-0.13037100153751166,-0.19570534826465136,-0.131431659254963,-1.7500048423926629,-0.054281976554654054,12.880477553178444,,4.823250740286561,0.2680561748590351,5.129977799480283,0.28510278649928855,-1556.1763443388409,-0.04507234117906818,,,-508.4050624235533,-0.022766000936578882,-63.85846079999999,-0.06899151346073897,3.0,0.23076923076923078,-5.0,-0.06097560975609756
S1_service,73,area_closure,central_area,mild,,,,,17.993432693065188,17.993432693065188,0.0,1.6861127243206158,1.4890274487443276,32.23915106758617,0.0,17.993432693065188,17.993432693065188,34526.19286307535,,22331.768492844178,925.5987816,13,82,0,17.993432693065188,17.993432693065188,17.993432693065188,17.75803426406734,18.19064357633801,0.43260931227067173,1.4186511895833913,1.2320219085126458,27.271745750710757,17.96740029513487,25.347817340376075,25.702698005797046,33167.50926182493,,21414.50330928116,890.8837008,16,78,0,19.957597251835615,25.347817340376075,30.738037428916535,t0_immediate,16,-0.23539842899784702,-0.01308246364178034,0.19721088327282388,0.01096015900005731,-0.26746153473722445,-0.1586261291308341,-0.25700554023168176,-0.17259959878403203,-4.967405316875414,-0.1540799044758264,17.96740029513487,,7.354384647310887,0.40872604870694434,7.709265312731858,0.42844883709727444,-1358.6836012504136,-0.03935225660815566,,,-917.2651835630168,-0.04107445336704696,-34.71508080000001,-0.037505538566063305,3.0,0.23076923076923078,-4.0,-0.04878048780487805
S1_service,74,combined_disruption,peripheral + peripheral_area,moderate,node_removal,peripheral,demand_surge,peripheral_area,17.993432693065188,17.993432693065188,0.0,1.6861127243206158,1.4890274487443276,32.23915106758617,0.0,17.993432693065188,17.993432693065188,34526.19286307535,,22331.768492844178,925.5987816,13,82,0,17.993432693065188,17.993432693065188,17.993432693065188,18.270810644014574,18.270810644014574,0.0,1.699804806785245,1.4971589858494736,30.825692188974536,0.1390297661490582,18.328826638392098,18.328826638392098,33461.38086670275,,21688.879655378438,895.0153968000001,13,79,0,18.28711770854738,18.328826638392098,18.370535568236818,t0_immediate,13,0.27737795094938633,0.015415510518806675,0.27737795094938633,0.015415510518806675,0.013692082464629163,0.008120502423790263,0.008131537105146025,0.005460971933058196,-1.4134588786116353,-0.04384293108861519,0.1390297661490582,,0.3353939453269099,0.01863979769997825,0.3353939453269099,0.01863979769997825,-1064.8119963725985,-0.03084070116260576,,,-642.8888374657399,-0.028788084457876336,-30.583384799999976,-0.033041729751559536,0.0,0.0,-3.0,-0.036585365853658534
S1_service,75,link_failure,any_road,severe,,,,,17.993432693065188,17.993432693065188,0.0,1.6861127243206158,1.4890274487443276,32.23915106758617,0.0,17.993432693065188,17.993432693065188,34526.19286307535,,22331.768492844178,925.5987816,13,82,0,17.993432693065188,17.993432693065188,17.993432693065188,17.806223750374,17.806223750374,0.0,1.311970020210435,1.1775100480168537,39.11956692509499,13.695663870513705,23.584941519799422,23.584941519799422,32937.369943942016,,21158.73047192752,889.4658648,19,82,0,19.476242358645308,23.584941519799422,27.69364068095353,t0_immediate,19,-0.18720894269118915,-0.01040429282642333,-0.18720894269118915,-0.01040429282642333,-0.3741427041101808,-0.22189661385832543,-0.3115174007274739,-0.20920863546885682,6.880415857508822,0.21341802217697095,13.695663870513705,,5.591508826734234,0.31075275752631937,5.591508826734234,0.31075275752631937,-1588.8229191333303,-0.046017900827766196,,,-1173.0380209166578,-0.052527770977589046,-36.13291680000009,-0.03903734265676143,6.0,0.46153846153846156,0.0,0.0
S1_service,76,area_closure,peripheral_area,severe,,,,,17.993432693065188,17.993432693065188,0.0,1.6861127243206158,1.4890274487443276,32.23915106758617,0.0,17.993432693065188,17.993432693065188,34526.19286307535,,22331.768492844178,925.5987816,13,82,0,17.993432693065188,17.993432693065188,17.993432693065188,17.87569370667278,18.498705852138986,0.6230121454662061,0.8368099616511067,0.8335548197091623,37.4877217011524,29.473336273864,30.291132153537568,30.730521834343506,28729.696633138614,,18334.123411423265,781.2443280000001,22,74,0,21.44913127137837,30.291132153537568,39.133133035696765,t0_immediate,22,-0.11773898639240699,-0.006543442176977411,0.5052731590737984,0.02808097641471906,-0.8493027626695091,-0.5037046161974242,-0.6554726290351652,-0.44020184422249203,5.248570633566231,0.16280114270264517,29.473336273864,,12.29769946047238,0.6834548843596704,12.737089141278318,0.707874331626966,-5796.496229936733,-0.16788692147218753,,,-3997.645081420913,-0.17901157638732856,-144.35445359999994,-0.1559579122937773,9.0,0.6923076923076923,-8.0,-0.0975609756097561
S1_service,77,link_failure,any_road,mild,,,,,17.993432693065188,17.993432693065188,0.0,1.6861127243206158,1.4890274487443276,32.23915106758617,0.0,17.993432693065188,17.993432693065188,34526.19286307535,,22331.768492844178,925.5987816,13,82,0,17.993432693065188,17.993432693065188,17.993432693065188,17.670992279514294,17.670992279514294,0.0,1.5971717977973945,1.4004583325657958,31.09783857112829,5.304364107755074,19.91627697220861,19.91627697220861,34120.73373385061,,22276.550685313257,905.5273992000001,15,82,0,18.32496773988209,19.91627697220861,21.507586204535134,t0_immediate,15,-0.32244041355089337,-0.017919894388754652,-0.32244041355089337,-0.017919894388754652,-0.08894092652322128,-0.05274909870516408,-0.0885691161785318,-0.059481184348361534,-1.141312496457882,-0.03540144385518198,5.304364107755074,,1.9228442791434226,0.10686367142632557,1.9228442791434226,0.10686367142632557,-405.4591292247351,-0.011743522688201183,,,-55.217807530920254,-0.0024726123929062686,-20.071382399999948,-0.021684754559966404,2.0,0.15384615384615385,0.0,0.0
S1_service,78,combined_disruption,any_road + peripheral_area,mild,link_failure,any_road,demand_surge,peripheral_area,17.993432693065188,17.993432693065188,0.0,1.6861127243206158,1.4890274487443276,32.23915106758617,0.0,17.993432693065188,17.993432693065188,34526.19286307535,,22331.768492844178,925.5987816,13,82,0,17.993432693065188,17.993432693065188,17.993432693065188,18.132145214444503,18.132145214444503,0.0,1.7010995063842724,1.4973151227328627,31.412851675565822,0.0,18.132145214444503,18.132145214444503,34526.19286307535,,22331.768492844178,925.5987816,13,82,0,18.132145214444503,18.132145214444503,18.132145214444503,t0_immediate,13,0.13871252137931478,0.007709063842652753,0.13871252137931478,0.007709063842652753,0.014986782063656667,0.008888363065817726,0.008287673988535138,0.005565830230681105,-0.8262993920203492,-0.025630308635860008,0.0,,0.13871252137931478,0.007709063842652753,0.13871252137931478,0.007709063842652753,0.0,0.0,,,0.0,0.0,0.0,0.0,0.0,0.0,0.0,0.0
S1_service,79,node_removal,central,mild,,,,,17.993432693065188,17.993432693065188,0.0,1.6861127243206158,1.4890274487443276,32.23915106758617,0.0,17.993432693065188,17.993432693065188,34526.19286307535,,22331.768492844178,925.5987816,13,82,0,17.993432693065188,17.993432693065188,17.993432693065188,18.186273456993295,18.203512839088262,0.017239382094966775,1.5833428455712464,1.3963510046243155,34.41306255151767,4.076082238892806,19.890635338032,19.9071720287353,33802.77680540206,,21834.492262752578,907.5101664,15,81,0,18.667810666364154,19.890635338032,21.11346000969984,t0_immediate,15,0.1928407639281069,0.01071728597970243,0.21008014602307412,0.01167537899002677,-0.10276987874936938,-0.06095077586866464,-0.09267644412001208,-0.06223958073987461,2.173911483931498,0.06743079181502357,4.076082238892806,,1.8972026449668107,0.10543861626236598,1.9137393356701118,0.1063576566136645,-723.4160576732829,-0.02095267383062536,,,-497.27623009160015,-0.022267660093778223,-18.08861520000005,-0.01954260912998597,2.0,0.15384615384615385,-1.0,-0.012195121951219513
S1_service,80,combined_disruption,central_area + any_road,mild,demand_surge,central_area,link_failure,any_road,17.993432693065188,17.993432693065188,0.0,1.6861127243206158,1.4890274487443276,32.23915106758617,0.0,17.993432693065188,17.993432693065188,34526.19286307535,,22331.768492844178,925.5987816,13,82,0,17.993432693065188,17.993432693065188,17.993432693065188,17.867277174114207,17.867277174114207,0.0,1.6596688680300196,1.4753202673983454,33.314312291377085,0.0,17.867277174114207,17.867277174114207,34122.873704587706,,22039.46570273463,916.1833968000001,13,82,0,17.867277174114207,17.867277174114207,17.867277174114207,t0_immediate,13,-0.12615551895098065,-0.0070111979800053376,-0.12615551895098065,-0.0070111979800053376,-0.0264438562905962,-0.015683326452121525,-0.013707181345982145,-0.009205459145525615,1.0751612237909143,0.03334955134323934,0.0,,-0.12615551895098065,-0.0070111979800053376,-0.12615551895098065,-0.0070111979800053376,-403.3191584876404,-0.011681541607762299,,,-292.30279010954837,-0.01308910175220613,-9.41538479999997,-0.0101722095871004,0.0,0.0,0.0,0.0
S1_service,81,area_closure,central_area,mild,,,,,17.993432693065188,17.993432693065188,0.0,1.6861127243206158,1.4890274487443276,32.23915106758617,0.0,17.993432693065188,17.993432693065188,34526.19286307535,,22331.768492844178,925.5987816,13,82,0,17.993432693065188,17.993432693065188,17.993432693065188,17.274802548775625,17.510033208243446,0.23523065946782146,1.1321996972552912,1.017377125232945,26.53261728095706,29.586961839793563,29.915890414645833,30.081523468661416,31363.640102435755,,20102.506806044687,848.9797032000001,16,78,0,21.039801862707762,29.915890414645833,38.7919789665839,t0_immediate,16,-0.7186301442895626,-0.03993846847058418,-0.4833994848217422,-0.026865328760089686,-0.5539130270653245,-0.32851482529942494,-0.4716503235113825,-0.3167505903998731,-5.706533786629112,-0.1770063291885674,29.586961839793563,,11.922457721580646,0.6626005123622496,12.088090775596228,0.6718057072153373,-3162.5527606395917,-0.09159865303370417,,,-2229.261686799491,-0.09982468193299689,-76.61907839999992,-0.08277785140074985,3.0,0.23076923076923078,-4.0,-0.04878048780487805
S1_service,82,node_removal,central,severe,,,,,17.993432693065188,17.993432693065188,0.0,1.6861127243206158,1.4890274487443276,32.23915106758617,0.0,17.993432693065188,17.993432693065188,34526.19286307535,,22331.768492844178,925.5987816,13,82,0,17.993432693065188,17.993432693065188,17.993432693065188,15.373869881064037,15.521652483855569,0.14778260279153246,1.2235126390774316,1.0402302950269022,28.84784771787001,29.249974353253613,28.42700149570239,28.531557725078827,32308.070960296587,,20905.95927437073,865.7390856000001,19,79,0,19.652009189726307,28.42700149570239,37.201993801678476,t0_immediate,19,-2.619562812001151,-0.14558438385193456,-2.4717802092096193,-0.1373712426846859,-0.4626000852431842,-0.2743589313873302,-0.44879715371742535,-0.3014028748065649,-3.3913033497161607,-0.10519207973580418,29.249974353253613,,10.433568802637204,0.5798542713119095,10.538125032013639,0.5856650707941412,-2218.1219027787592,-0.06424461311374326,,,-1425.8092184734487,-0.06384667738832794,-59.859695999999985,-0.06467132108420223,6.0,0.46153846153846156,-3.0,-0.036585365853658534
S1_service,83,demand_surge,peripheral_area,moderate,,,,,17.993432693065188,17.993432693065188,0.0,1.6861127243206158,1.4890274487443276,32.23915106758617,0.0,17.993432693065188,17.993432693065188,34526.19286307535,,22331.768492844178,925.5987816,13,82,0,17.993432693065188,17.993432693065188,17.993432693065188,18.23071284455943,18.23071284455943,0.0,1.7117489529978482,1.5032042549906584,30.825692188974536,0.0,18.23071284455943,18.23071284455943,34526.19286307535,,22331.768492844178,925.5987816,13,82,0,18.23071284455943,18.23071284455943,18.23071284455943,t0_immediate,13,0.23728015149424309,0.01318704193589991,0.23728015149424309,0.01318704193589991,0.025636228677232475,0.015204338540035668,0.014176806246330775,0.00952084950367157,-1.4134588786116353,-0.04384293108861519,0.0,,0.23728015149424309,0.01318704193589991,0.23728015149424309,0.01318704193589991,0.0,0.0,,,0.0,0.0,0.0,0.0,0.0,0.0,0.0,0.0
S1_service,84,combined_disruption,any_road + peripheral,mild,link_failure,any_road,node_removal,peripheral,17.993432693065188,17.993432693065188,0.0,1.6861127243206158,1.4890274487443276,32.23915106758617,0.0,17.993432693065188,17.993432693065188,34526.19286307535,,22331.768492844178,925.5987816,13,82,0,17.993432693065188,17.993432693065188,17.993432693065188,18.41416957514484,18.433697169307816,0.01952759416297737,1.5445286524085802,1.4480461307278205,31.130458362955615,1.369564952268356,18.983714533753407,19.002974684830708,33032.5096684024,,21284.633601503,889.1557104,15,80,0,18.5728450480729,18.983714533753407,19.394584019433914,t0_immediate,15,0.42073688207965176,0.023382802451130245,0.44026447624262843,0.024468064751886384,-0.1415840719120356,-0.08397070366044712,-0.04098131801650706,-0.02752220454435943,-1.1086927046305561,-0.034389637069111786,1.369564952268356,,0.990281840688219,0.055035737626088516,1.00954199176552,0.05610613655473341,-1493.6831946729435,-0.04326231972915814,,,-1047.1348913411784,-0.046889922384638474,-36.44307120000008,-0.039372427799660874,2.0,0.15384615384615385,-2.0,-0.024390243902439025
S1_service,85,link_failure,any_road,mild,,,,,17.993432693065188,17.993432693065188,0.0,1.6861127243206158,1.4890274487443276,32.23915106758617,0.0,17.993432693065188,17.993432693065188,34526.19286307535,,22331.768492844178,925.5987816,13,82,0,17.993432693065188,17.993432693065188,17.993432693065188,17.887837877553743,17.887837877553743,0.0,1.6195237027717648,1.4452594953913387,34.76088982372973,0.456526433366166,18.08009102930472,18.08009102930472,33764.8706839001,,21737.512608875124,909.7144776,15,82,0,17.943133099294872,18.08009102930472,18.21704895931457,t0_immediate,15,-0.105594815511445,-0.0058685197712242025,-0.105594815511445,-0.0058685197712242025,-0.06658902154885094,-0.03949262738390258,-0.043767953352988886,-0.029393651131077322,2.521738756143556,0.07821976300979457,0.456526433366166,,0.0866583362395339,0.00481610917259455,0.0866583362395339,0.00481610917259455,-761.322179175244,-0.02205056845376814,,,-594.2558839690537,-0.026610336935897958,-15.884304000000043,-0.01716111161311412,2.0,0.15384615384615385,0.0,0.0
S1_service,86,combined_disruption,central_area + peripheral,mild,demand_surge,central_area,node_removal,peripheral,17.993432693065188,17.993432693065188,0.0,1.6861127243206158,1.4890274487443276,32.23915106758617,0.0,17.993432693065188,17.993432693065188,34526.19286307535,,22331.768492844178,925.5987816,13,82,0,17.993432693065188,17.993432693065188,17.993432693065188,17.76713711133412,17.812738696543438,0.04560158520931968,1.643750899342973,1.450945873374789,31.70416954871847,2.347692043205967,18.758634672989412,18.803165673411197,33759.17438440415,,22194.46002650519,889.0892424,14,80,0,18.054327060027624,18.758634672989412,19.462942285951204,t0_immediate,14,-0.226295581731069,-0.01257656532754226,-0.18069399652175022,-0.010042219269889015,-0.04236182497764274,-0.02512395782714442,-0.03808157536953849,-0.02557479743012935,-0.5349815188677027,-0.016594156519387476,2.347692043205967,,0.7652019799242247,0.04252673700328118,0.8097329803460092,0.045001584420191636,-767.018478671198,-0.022215553325356633,,,-137.3084663389891,-0.0061485710987460385,-36.50953920000006,-0.03944423861156048,1.0,0.07692307692307693,-2.0,-0.024390243902439025
S1_service,87,demand_surge,peripheral_area,severe,,,,,17.993432693065188,17.993432693065188,0.0,1.6861127243206158,1.4890274487443276,32.23915106758617,0.0,17.993432693065188,17.993432693065188,34526.19286307535,,22331.768492844178,925.5987816,13,82,0,17.993432693065188,17.993432693065188,17.993432693065188,18.3614770206727,18.3614770206727,0.0,1.7258769797228746,1.511017038221976,30.04674045378864,0.0,18.3614770206727,18.3614770206727,34526.19286307535,,22331.768492844178,925.5987816,13,82,0,18.3614770206727,18.3614770206727,18.3614770206727,t0_immediate,13,0.3680443276075138,0.020454369874035264,0.3680443276075138,0.020454369874035264,0.03976425540225881,0.023583390854416922,0.021989589477648508,0.014767752935778295,-2.1924106137975308,-0.06800460127505716,0.0,,0.3680443276075138,0.020454369874035264,0.3680443276075138,0.020454369874035264,0.0,0.0,,,0.0,0.0,0.0,0.0,0.0,0.0,0.0,0.0
S1_service,88,combined_disruption,any_road + peripheral,mild,link_failure,any_road,node_removal,peripheral,17.993432693065188,17.993432693065188,0.0,1.6861127243206158,1.4890274487443276,32.23915106758617,0.0,17.993432693065188,17.993432693065188,34526.19286307535,,22331.768492844178,925.5987816,13,82,0,17.993432693065188,17.993432693065188,17.993432693065188,18.817713969671,19.062920497910667,0.24520652823966804,1.6219875389014544,1.4347089277513674,28.84784771787001,5.8478312178653455,21.22598454838318,21.456851812716202,34021.84767964174,,22087.64475155217,908.4295487999999,14,80,0,19.47163518302358,21.22598454838318,22.980333913742786,t0_immediate,14,0.824281276605813,0.04581011809511464,1.0694878048454797,0.05943767501671145,-0.06412518541916135,-0.038031375064202344,-0.054318520992960195,-0.03647919387837082,-3.3913033497161607,-0.10519207973580418,5.8478312178653455,,3.2325518553179933,0.17965176019825524,3.4634191196510145,0.1924824005919584,-504.3451834336083,-0.014607610674995369,,,-244.12374129200907,-0.010931679744496466,-17.169232800000145,-0.01854932519500644,1.0,0.07692307692307693,-2.0,-0.024390243902439025
S1_service,89,link_failure,any_road,mild,,,,,17.993432693065188,17.993432693065188,0.0,1.6861127243206158,1.4890274487443276,32.23915106758617,0.0,17.993432693065188,17.993432693065188,34526.19286307535,,22331.768492844178,925.5987816,13,82,0,17.993432693065188,17.993432693065188,17.993432693065188,17.993432693065188,17.993432693065188,0.0,1.6861127243206158,1.4890274487443276,32.23915106758617,0.0,17.993432693065188,17.993432693065188,34526.19286307535,,22331.768492844178,925.5987816,13,82,0,17.993432693065188,17.993432693065188,17.993432693065188,t0_immediate,13,0.0,0.0,0.0,0.0,0.0,0.0,0.0,0.0,0.0,0.0,0.0,,0.0,0.0,0.0,0.0,0.0,0.0,,,0.0,0.0,0.0,0.0,0.0,0.0,0.0,0.0
S1_service,90,combined_disruption,central_area + any_road,severe,area_closure,central_area,link_failure,any_road,17.993432693065188,17.993432693065188,0.0,1.6861127243206158,1.4890274487443276,32.23915106758617,0.0,17.993432693065188,17.993432693065188,34526.19286307535,,22331.768492844178,925.5987816,13,82,0,17.993432693065188,17.993432693065188,17.993432693065188,15.168710491966186,15.663939194630501,0.49522870266431607,0.9319277946735479,0.7629744074925954,17.98913725779967,49.913052149340785,37.54537540333305,37.793420345378024,29264.40483673587,,19121.14293991983,775.9716936000001,19,71,0,22.571459758530814,37.54537540333305,52.51929104813528,t0_immediate,19,-2.824722201099002,-0.1569862876797084,-2.3294934984346867,-0.129463540291147,-0.7541849296470678,-0.4472921168132167,-0.7260530412517322,-0.4876021874976185,-14.250013809786502,-0.4420095857956299,49.913052149340785,,19.55194271026786,1.0866154915400514,19.799987652312836,1.100400795671629,-5261.788026339476,-0.1523998909235889,,,-3210.6255529243463,-0.14376942667810366,-149.62708799999996,-0.16165437009473257,6.0,0.46153846153846156,-11.0,-0.13414634146341464
S1_service,91,node_removal,peripheral,moderate,,,,,17.993432693065188,17.993432693065188,0.0,1.6861127243206158,1.4890274487443276,32.23915106758617,0.0,17.993432693065188,17.993432693065188,34526.19286307535,,22331.768492844178,925.5987816,13,82,0,17.993432693065188,17.993432693065188,17.993432693065188,18.0754383135809,18.130235419822796,0.05479710624189517,1.5102822458005578,1.3097055234456532,23.695656696598633,14.96741249079049,24.350460396143156,24.39705579346081,33241.52836797332,,21775.947137966647,878.9317032,15,79,0,19.86023664890601,24.350460396143156,28.840684143380305,t0_immediate,15,0.08200562051571225,0.004557530623232212,0.13680272675760818,0.007602925416801267,-0.17583047852005795,-0.1042815678832536,-0.1793219252986744,-0.12042889165669421,-8.543494370987538,-0.26500370165073367,14.96741249079049,,6.357027703077968,0.35329710631190553,6.403623100395624,0.3558866843047481,-1284.664495102028,-0.03720840291302246,,,-555.8213548775311,-0.024889267281076925,-46.66707840000004,-0.05041825824287584,2.0,0.15384615384615385,-3.0,-0.036585365853658534
S1_service,92,link_failure,any_road,moderate,,,,,17.993432693065188,17.993432693065188,0.0,1.6861127243206158,1.4890274487443276,32.23915106758617,0.0,17.993432693065188,17.993432693065188,34526.19286307535,,22331.768492844178,925.5987816,13,82,0,17.993432693065188,17.993432693065188,17.993432693065188,17.731374213860885,17.731374213860885,0.0,1.5425614188465544,1.3523989136269399,35.260883008510405,6.891284338841227,20.644225402904496,20.644225402904496,34306.30368705696,,22161.583916821193,920.9464752000001,14,82,0,18.576840101252127,20.644225402904496,22.71161070455686,t0_immediate,14,-0.2620584792043026,-0.01456411812434778,-0.2620584792043026,-0.01456411812434778,-0.14355130547406136,-0.08513743085113268,-0.1366285351173877,-0.09175689489982493,3.0217319409242336,0.09372864485759794,6.891284338841227,,2.6507927098393083,0.14732001142066375,2.6507927098393083,0.14732001142066375,-219.8891760183833,-0.006368764053726517,,,-170.1845760229844,-0.007620738862554349,-4.6523063999999295,-0.005026266771827316,1.0,0.07692307692307693,0.0,0.0
S1_service,93,area_closure,peripheral_area,moderate,,,,,17.993432693065188,17.993432693065188,0.0,1.6861127243206158,1.4890274487443276,32.23915106758617,0.0,17.993432693065188,17.993432693065188,34526.19286307535,,22331.768492844178,925.5987816,13,82,0,17.993432693065188,17.993432693065188,17.993432693065188,17.16120278653312,17.33016028720733,0.1689575006742101,1.2456305391851306,1.1529473167450126,36.44565508246774,15.94564037594185,23.99212333157155,24.13413947680007,27837.18799479692,,16689.620199496152,804.7495464,18,76,0,19.208431218788995,23.99212333157155,28.7758154443541,t0_immediate,18,-0.8322299065320671,-0.046251869819860174,-0.6632724058578567,-0.036861916076385316,-0.4404821851354852,-0.2612412437092356,-0.33608013199931497,-0.2257044571493466,4.206504014881567,0.13047812599230824,15.94564037594185,,5.9986906385063605,0.3333822256616051,6.140706783734881,0.3412748911496781,-6689.004868278425,-0.19373711126523022,,,-5642.148293348026,-0.2526512083069441,-120.84923520000007,-0.13056330410364064,5.0,0.38461538461538464,-6.0,-0.07317073170731707
S1_service,94,combined_disruption,peripheral + central_area,severe,node_removal,peripheral,demand_surge,central_area,17.993432693065188,17.993432693065188,0.0,1.6861127243206158,1.4890274487443276,32.23915106758617,0.0,17.993432693065188,17.993432693065188,34526.19286307535,,22331.768492844178,925.5987816,13,82,0,17.993432693065188,17.993432693065188,17.993432693065188,16.47803637369029,16.575659778255133,0.09762340456484275,1.1998576631147901,1.1277640461997398,33.73109836651893,19.0179074228257,24.755003124737748,24.834060600599436,32671.231757836948,,21771.63948129618,847.4400095999999,18,79,0,19.049630897890037,24.755003124737748,30.460375351585455,t0_immediate,18,-1.5153963193748972,-0.08421941189459324,-1.4177729148100546,-0.07879390992228379,-0.4862550612058256,-0.2883882282554697,-0.3612634025445878,-0.24261702015583075,1.4919472989327573,0.04627749954721321,19.0179074228257,,6.76157043167256,0.3757799052027756,6.840627907534248,0.3801735902327676,-1854.9611052383989,-0.0537261989062866,,,-560.1290115479969,-0.025082160946074666,-78.15877200000011,-0.08444130821444472,5.0,0.38461538461538464,-3.0,-0.036585365853658534
S1_service,95,demand_surge,central_area,mild,,,,,17.993432693065188,17.993432693065188,0.0,1.6861127243206158,1.4890274487443276,32.23915106758617,0.0,17.993432693065188,17.993432693065188,34526.19286307535,,22331.768492844178,925.5987816,13,82,0,17.993432693065188,17.993432693065188,17.993432693065188,17.83386969082654,17.83386969082654,0.0,1.6688732140284344,1.4794940185245018,33.18965510592168,0.0,17.83386969082654,17.83386969082654,34526.19286307535,,22331.768492844178,925.5987816,13,82,0,17.83386969082654,17.83386969082654,17.83386969082654,t0_immediate,13,-0.15956300223864872,-0.00886784667275553,-0.15956300223864872,-0.00886784667275553,-0.017239510292181404,-0.010224411478258495,-0.009533430219825778,-0.006402454318666297,0.9505040383355094,0.029482911517827264,0.0,,-0.15956300223864872,-0.00886784667275553,-0.15956300223864872,-0.00886784667275553,0.0,0.0,,,0.0,0.0,0.0,0.0,0.0,0.0,0.0,0.0
S1_service,96,link_failure,any_road,mild,,,,,17.993432693065188,17.993432693065188,0.0,1.6861127243206158,1.4890274487443276,32.23915106758617,0.0,17.993432693065188,17.993432693065188,34526.19286307535,,22331.768492844178,925.5987816,13,82,0,17.993432693065188,17.993432693065188,17.993432693065188,18.013269004540266,18.013269004540266,0.0,1.6753785180960417,1.4804404876219257,32.11958342509967,0.4891318773633567,18.21863949010186,18.21863949010186,34308.460953630296,,22205.403660037868,919.1187792000001,13,81,0,18.071899926892854,18.21863949010186,18.365379053310868,t0_immediate,13,0.01983631147507836,0.0011024195223584788,0.01983631147507836,0.0011024195223584788,-0.010734206224574105,-0.006366244717653282,-0.00858696112240187,-0.005766825272188981,-0.11956764248650131,-0.0037087714324685428,0.4891318773633567,,0.22520679703667312,0.01251605521182568,0.22520679703667312,0.01251605521182568,-217.7319094450504,-0.006306282025027662,,,-126.36483280631,-0.005658523320569143,-6.480002399999989,-0.007000876112648493,0.0,0.0,-1.0,-0.012195121951219513
S1_service,97,demand_surge,peripheral_area,mild,,,,,17.993432693065188,17.993432693065188,0.0,1.6861127243206158,1.4890274487443276,32.23915106758617,0.0,17.993432693065188,17.993432693065188,34526.19286307535,,22331.768492844178,925.5987816,13,82,0,17.993432693065188,17.993432693065188,17.993432693065188,18.132145214444503,18.132145214444503,0.0,1.7010995063842724,1.4973151227328627,31.412851675565822,0.0,18.132145214444503,18.132145214444503,34526.19286307535,,22331.768492844178,925.5987816,13,82,0,18.132145214444503,18.132145214444503,18.132145214444503,t0_immediate,13,0.13871252137931478,0.007709063842652753,0.13871252137931478,0.007709063842652753,0.014986782063656667,0.008888363065817726,0.008287673988535138,0.005565830230681105,-0.8262993920203492,-0.025630308635860008,0.0,,0.13871252137931478,0.007709063842652753,0.13871252137931478,0.007709063842652753,0.0,0.0,,,0.0,0.0,0.0,0.0,0.0,0.0,0.0,0.0
S1_service,98,demand_surge,peripheral_area,moderate,,,,,17.993432693065188,17.993432693065188,0.0,1.6861127243206158,1.4890274487443276,32.23915106758617,0.0,17.993432693065188,17.993432693065188,34526.19286307535,,22331.768492844178,925.5987816,13,82,0,17.993432693065188,17.993432693065188,17.993432693065188,18.23071284455943,18.23071284455943,0.0,1.7117489529978482,1.5032042549906584,30.825692188974536,0.0,18.23071284455943,18.23071284455943,34526.19286307535,,22331.768492844178,925.5987816,13,82,0,18.23071284455943,18.23071284455943,18.23071284455943,t0_immediate,13,0.23728015149424309,0.01318704193589991,0.23728015149424309,0.01318704193589991,0.025636228677232475,0.015204338540035668,0.014176806246330775,0.00952084950367157,-1.4134588786116353,-0.04384293108861519,0.0,,0.23728015149424309,0.01318704193589991,0.23728015149424309,0.01318704193589991,0.0,0.0,,,0.0,0.0,0.0,0.0,0.0,0.0,0.0,0.0
S1_service,99,area_closure,peripheral_area,severe,,,,,17.993432693065188,17.993432693065188,0.0,1.6861127243206158,1.4890274487443276,32.23915106758617,0.0,17.993432693065188,17.993432693065188,34526.19286307535,,22331.768492844178,925.5987816,13,82,0,17.993432693065188,17.993432693065188,17.993432693065188,12.158381512867773,12.867788257564552,0.7094067446967778,0.7711398233713572,0.7033899229010143,26.150839889581935,48.351324665440764,35.290437792782605,35.656836979152516,25469.157248306412,,16385.384764383016,686.7138576,25,72,0,20.78504039315038,35.290437792782605,49.795835192414835,t0_immediate,25,-5.835051180197414,-0.3242878265494215,-5.125644435500636,-0.28486195618894333,-0.9149729009492585,-0.54265227214742,-0.7856375258433133,-0.5276178934819694,-6.088311178004236,-0.18884837151079747,48.351324665440764,,17.297005099717417,0.9612954567798406,17.663404286087328,0.9816583965601485,-9057.035614768934,-0.26232361183544056,,,-5946.383728461162,-0.2662746450361321,-238.88492400000007,-0.25808690411958085,12.0,0.9230769230769231,-10.0,-0.12195121951219512
S1_service,100,node_removal,peripheral,severe,,,,,17.993432693065188,17.993432693065188,0.0,1.6861127243206158,1.4890274487443276,32.23915106758617,0.0,17.993432693065188,17.993432693065188,34526.19286307535,,22331.768492844178,925.5987816,13,82,0,17.993432693065188,17.993432693065188,17.993432693065188,17.635527080037356,17.635527080037356,0.0,1.5891236582479997,1.4124943531264518,31.38045495534597,4.576075423673489,19.574157313696578,19.574157313696578,34066.97104673828,,22107.412012422854,910.0578576,14,80,0,18.20133468659453,19.574157313696578,20.946979940798627,t0_immediate,14,-0.35790561302783175,-0.01989090237160647,-0.35790561302783175,-0.01989090237160647,-0.09698906607261604,-0.057522290576210305,-0.0765330956178758,-0.05139804218009205,-0.8586961122401995,-0.02663519614520955,4.576075423673489,,1.5807246206313899,0.0878500866174698,1.5807246206313899,0.0878500866174698,-459.2218163370635,-0.013300679230932134,,,-224.3564804213238,-0.010046516490318036,-15.540924000000018,-0.01679013013947124,1.0,0.07692307692307693,-2.0,-0.024390243902439025
S1_service,101,demand_surge,peripheral_area,mild,,,,,17.993432693065188,17.993432693065188,0.0,1.6861127243206158,1.4890274487443276,32.23915106758617,0.0,17.993432693065188,17.993432693065188,34526.19286307535,,22331.768492844178,925.5987816,13,82,0,17.993432693065188,17.993432693065188,17.993432693065188,18.132145214444503,18.132145214444503,0.0,1.7010995063842724,1.4973151227328627,31.412851675565822,0.0,18.132145214444503,18.132145214444503,34526.19286307535,,22331.768492844178,925.5987816,13,82,0,18.132145214444503,18.132145214444503,18.132145214444503,t0_immediate,13,0.13871252137931478,0.007709063842652753,0.13871252137931478,0.007709063842652753,0.014986782063656667,0.008888363065817726,0.008287673988535138,0.005565830230681105,-0.8262993920203492,-0.025630308635860008,0.0,,0.13871252137931478,0.007709063842652753,0.13871252137931478,0.007709063842652753,0.0,0.0,,,0.0,0.0,0.0,0.0,0.0,0.0,0.0,0.0
S1_service,102,demand_surge,peripheral_area,severe,,,,,17.993432693065188,17.993432693065188,0.0,1.6861127243206158,1.4890274487443276,32.23915106758617,0.0,17.993432693065188,17.993432693065188,34526.19286307535,,22331.768492844178,925.5987816,13,82,0,17.993432693065188,17.993432693065188,17.993432693065188,18.3614770206727,18.3614770206727,0.0,1.7258769797228746,1.511017038221976,30.04674045378864,0.0,18.3614770206727,18.3614770206727,34526.19286307535,,22331.768492844178,925.5987816,13,82,0,18.3614770206727,18.3614770206727,18.3614770206727,t0_immediate,13,0.3680443276075138,0.020454369874035264,0.3680443276075138,0.020454369874035264,0.03976425540225881,0.023583390854416922,0.021989589477648508,0.014767752935778295,-2.1924106137975308,-0.06800460127505716,0.0,,0.3680443276075138,0.020454369874035264,0.3680443276075138,0.020454369874035264,0.0,0.0,,,0.0,0.0,0.0,0.0,0.0,0.0,0.0,0.0
S1_service,103,area_closure,central_area,mild,,,,,17.993432693065188,17.993432693065188,0.0,1.6861127243206158,1.4890274487443276,32.23915106758617,0.0,17.993432693065188,17.993432693065188,34526.19286307535,,22331.768492844178,925.5987816,13,82,0,17.993432693065188,17.993432693065188,17.993432693065188,15.378959464063907,15.408406481766717,0.02944701770280941,1.2257042848779693,1.04242194082744,28.84784771787001,29.119545403349782,28.37240362237293,28.393275802385837,32202.329412073646,,21085.320867092054,851.8929288,18,79,0,19.636540001367997,28.37240362237293,37.10826724337787,t0_immediate,18,-2.6144732290012804,-0.145301526040049,-2.585026211298471,-0.14366498351894583,-0.4604084394426464,-0.2730591097508967,-0.4466055079168876,-0.29993101087122515,-3.3913033497161607,-0.10519207973580418,29.119545403349782,,10.37897092930774,0.5768199490532943,10.39984310932065,0.5779799378319197,-2323.8634510017,-0.06730726032313274,,,-1246.4476257521237,-0.05581499853679416,-73.7058528,-0.07963045572790325,5.0,0.38461538461538464,-3.0,-0.036585365853658534
S1_service,104,area_closure,central_area,severe,,,,,17.993432693065188,17.993432693065188,0.0,1.6861127243206158,1.4890274487443276,32.23915106758617,0.0,17.993432693065188,17.993432693065188,34526.19286307535,,22331.768492844178,925.5987816,13,82,0,17.993432693065188,17.993432693065188,17.993432693065188,14.820027330828543,15.784721532935434,0.9646942021068913,1.0334256936489894,0.9180009074388845,22.00613803046919,38.58170491343156,32.251231066017304,32.84372979775033,28768.615785923666,,18453.30510040458,778.1095392000001,17,73,0,20.676719591987833,32.251231066017304,43.825742540046775,t0_immediate,17,-3.173405362236645,-0.17636464461056953,-2.208711160129754,-0.12275096129828572,-0.6526870306716264,-0.3870957269091324,-0.5710265413054431,-0.383489600401242,-10.23301303711698,-0.3174095067101639,38.58170491343156,,14.257798372952116,0.7923890130451421,14.85029710468514,0.8253176232686587,-5757.57707715168,-0.16675968589949064,,,-3878.4633924395966,-0.173674708909972,-147.48924239999997,-0.15934468079684425,4.0,0.3076923076923077,-9.0,-0.10975609756097561
S1_service,105,demand_surge,peripheral_area,mild,,,,,17.993432693065188,17.993432693065188,0.0,1.6861127243206158,1.4890274487443276,32.23915106758617,0.0,17.993432693065188,17.993432693065188,34526.19286307535,,22331.768492844178,925.5987816,13,82,0,17.993432693065188,17.993432693065188,17.993432693065188,18.132145214444503,18.132145214444503,0.0,1.7010995063842724,1.4973151227328627,31.412851675565822,0.0,18.132145214444503,18.132145214444503,34526.19286307535,,22331.768492844178,925.5987816,13,82,0,18.132145214444503,18.132145214444503,18.132145214444503,t0_immediate,13,0.13871252137931478,0.007709063842652753,0.13871252137931478,0.007709063842652753,0.014986782063656667,0.008888363065817726,0.008287673988535138,0.005565830230681105,-0.8262993920203492,-0.025630308635860008,0.0,,0.13871252137931478,0.007709063842652753,0.13871252137931478,0.007709063842652753,0.0,0.0,,,0.0,0.0,0.0,0.0,0.0,0.0,0.0,0.0
S1_service,106,link_failure,any_road,moderate,,,,,17.993432693065188,17.993432693065188,0.0,1.6861127243206158,1.4890274487443276,32.23915106758617,0.0,17.993432693065188,17.993432693065188,34526.19286307535,,22331.768492844178,925.5987816,13,82,0,17.993432693065188,17.993432693065188,17.993432693065188,17.868358575668342,17.868358575668342,0.0,1.6472551796609582,1.46334727613539,31.48914694258501,1.641312855153633,18.559870622453133,18.559870622453133,34026.737097840916,,22033.193364301147,911.1212448000001,14,81,0,18.067476765907042,18.559870622453133,19.05226447899922,t0_immediate,14,-0.1250741173968457,-0.006951098188454628,-0.1250741173968457,-0.006951098188454628,-0.03885754465965752,-0.0230456387044433,-0.025680172608937513,-0.017246272142661428,-0.750004125001162,-0.023263767815376188,1.641312855153633,,0.5664379293879449,0.031480259439670706,0.5664379293879449,0.031480259439670706,-499.45576523443015,-0.014465995924172168,,,-298.5751285430306,-0.01336997240673992,-14.477536799999939,-0.015641266051554123,1.0,0.07692307692307693,-1.0,-0.012195121951219513
S1_service,107,node_removal,central,mild,,,,,17.993432693065188,17.993432693065188,0.0,1.6861127243206158,1.4890274487443276,32.23915106758617,0.0,17.993432693065188,17.993432693065188,34526.19286307535,,22331.768492844178,925.5987816,13,82,0,17.993432693065188,17.993432693065188,17.993432693065188,17.22065463178117,17.57797439021157,0.35731975843039887,1.5510051427089786,1.3528941302798405,28.35870866659158,10.978270928641788,21.917087067803607,22.235179295071948,34226.2152136449,,22130.261117056125,917.8892400000001,14,81,0,18.62360578921107,21.917087067803607,25.21056834639614,t0_immediate,14,-0.7727780612840185,-0.04294778403132901,-0.41545830285361873,-0.023089441016651575,-0.13510758161163716,-0.08012962577343455,-0.13613331846448706,-0.09142431765061555,-3.8804424009945926,-0.12036428604647906,10.978270928641788,,3.923654374738419,0.21806035800220747,4.24174660200676,0.23573859831879454,-299.97764943044604,-0.008688407975362453,,,-201.50737578805274,-0.009023350562344502,-7.709541599999966,-0.008329247783443674,1.0,0.07692307692307693,-1.0,-0.012195121951219513
S1_service,108,link_failure,any_road,moderate,,,,,17.993432693065188,17.993432693065188,0.0,1.6861127243206158,1.4890274487443276,32.23915106758617,0.0,17.993432693065188,17.993432693065188,34526.19286307535,,22331.768492844178,925.5987816,13,82,0,17.993432693065188,17.993432693065188,17.993432693065188,17.71790743623706,17.71790743623706,0.0,1.524140462373008,1.3381042460868189,36.739147121932874,6.402159635392942,20.42487449935377,20.42487449935377,34229.52855946536,,22114.962745331697,918.7532424000001,15,82,0,18.504226608735888,20.42487449935377,22.345522389971652,t0_immediate,15,-0.27552525682812856,-0.0153125455007992,-0.27552525682812856,-0.0153125455007992,-0.16197226194760783,-0.0960625346166409,-0.1509232026575087,-0.10135689760775045,4.499996054346703,0.13958171680491552,6.402159635392942,,2.431441806288582,0.13512940236387908,2.431441806288582,0.13512940236387908,-296.6643036099849,-0.008592441824863286,,,-216.8057475124806,-0.009708400281059343,-6.845539199999962,-0.007395795387896567,2.0,0.15384615384615385,0.0,0.0
S1_service,109,demand_surge,central_area,mild,,,,,17.993432693065188,17.993432693065188,0.0,1.6861127243206158,1.4890274487443276,32.23915106758617,0.0,17.993432693065188,17.993432693065188,34526.19286307535,,22331.768492844178,925.5987816,13,82,0,17.993432693065188,17.993432693065188,17.993432693065188,17.83386969082654,17.83386969082654,0.0,1.6688732140284344,1.4794940185245018,33.18965510592168,0.0,17.83386969082654,17.83386969082654,34526.19286307535,,22331.768492844178,925.5987816,13,82,0,17.83386969082654,17.83386969082654,17.83386969082654,t0_immediate,13,-0.15956300223864872,-0.00886784667275553,-0.15956300223864872,-0.00886784667275553,-0.017239510292181404,-0.010224411478258495,-0.009533430219825778,-0.006402454318666297,0.9505040383355094,0.029482911517827264,0.0,,-0.15956300223864872,-0.00886784667275553,-0.15956300223864872,-0.00886784667275553,0.0,0.0,,,0.0,0.0,0.0,0.0,0.0,0.0,0.0,0.0
S1_service,110,link_failure,any_road,severe,,,,,17.993432693065188,17.993432693065188,0.0,1.6861127243206158,1.4890274487443276,32.23915106758617,0.0,17.993432693065188,17.993432693065188,34526.19286307535,,22331.768492844178,925.5987816,13,82,0,17.993432693065188,17.993432693065188,17.993432693065188,18.159234714063402,18.159234714063402,0.0,1.4120845801028812,1.3422405370852892,27.380459259695012,5.706526612714044,20.54688912006859,20.54688912006859,32910.974860289236,,20835.133565361546,902.381556,16,81,0,18.83493113625438,20.54688912006859,22.258847103882808,t0_immediate,16,0.16580202099821406,0.009214585333798785,0.16580202099821406,0.009214585333798785,-0.2740281442177346,-0.16252065491537557,-0.14678691165903834,-0.09857905022692587,-4.858691807891159,-0.15070780858048635,5.706526612714044,,2.553456427003404,0.14191046647744576,2.553456427003404,0.14191046647744576,-1615.2180027861104,-0.046782395301786496,,,-1496.6349274826316,-0.06701820001233677,-23.217225600000006,-0.025083466034674828,3.0,0.23076923076923078,-1.0,-0.012195121951219513
S1_service,111,node_removal,peripheral,severe,,,,,17.993432693065188,17.993432693065188,0.0,1.6861127243206158,1.4890274487443276,32.23915106758617,0.0,17.993432693065188,17.993432693065188,34526.19286307535,,22331.768492844178,925.5987816,13,82,0,17.993432693065188,17.993432693065188,17.993432693065188,17.41053346502136,17.48776656762332,0.07723310260196165,1.3663521289984646,1.2791859933290939,34.5345863444419,10.734865103796798,21.982455245977995,22.051397479200162,32806.42307077286,,21130.87783246607,883.4289336,17,78,0,18.761995714838957,21.982455245977995,25.202914777117037,t0_immediate,17,-0.5828992280438285,-0.03239510981517621,-0.5056661254418664,-0.028102815847737276,-0.3197605953221512,-0.1896436642164551,-0.2098414554152337,-0.14092517608872124,2.295435276855727,0.07120023948656637,10.734865103796798,,3.9890225529128074,0.22169324891799042,4.057964786134974,0.2255247709181665,-1719.7697923024898,-0.0498105829137544,,,-1200.890660378107,-0.05377499147740634,-42.169848,-0.04555953274604008,4.0,0.3076923076923077,-4.0,-0.04878048780487805
S1_service,112,link_failure,any_road,mild,,,,,17.993432693065188,17.993432693065188,0.0,1.6861127243206158,1.4890274487443276,32.23915106758617,0.0,17.993432693065188,17.993432693065188,34526.19286307535,,22331.768492844178,925.5987816,13,82,0,17.993432693065188,17.993432693065188,17.993432693065188,17.993432693065188,17.993432693065188,0.0,1.6861127243206158,1.4890274487443276,32.23915106758617,0.0,17.993432693065188,17.993432693065188,34526.19286307535,,22331.768492844178,925.5987816,13,82,0,17.993432693065188,17.993432693065188,17.993432693065188,t0_immediate,13,0.0,0.0,0.0,0.0,0.0,0.0,0.0,0.0,0.0,0.0,0.0,,0.0,0.0,0.0,0.0,0.0,0.0,,,0.0,0.0,0.0,0.0,0.0,0.0,0.0,0.0
S1_service,113,link_failure,any_road,mild,,,,,17.993432693065188,17.993432693065188,0.0,1.6861127243206158,1.4890274487443276,32.23915106758617,0.0,17.993432693065188,17.993432693065188,34526.19286307535,,22331.768492844178,925.5987816,13,82,0,17.993432693065188,17.993432693065188,17.993432693065188,18.12552843181796,18.12552843181796,0.0,1.5627024863069192,1.4232474301717122,33.21740764839781,0.0,18.12552843181796,18.12552843181796,34329.6846109388,,22186.8224416735,921.1237032000001,15,82,0,18.12552843181796,18.12552843181796,18.12552843181796,t0_immediate,15,0.1320957387527706,0.007341330640244168,0.1320957387527706,0.007341330640244168,-0.12341023801369655,-0.07319216339074966,-0.0657800185726154,-0.044176498309743455,0.9782565808116388,0.030343745055842856,0.0,,0.1320957387527706,0.007341330640244168,0.1320957387527706,0.007341330640244168,-196.50825213654753,-0.005691570249748179,,,-144.9460511706784,-0.006490576472576447,-4.475078399999916,-0.0048347928810626205,2.0,0.15384615384615385,0.0,0.0
S1_service,114,combined_disruption,any_road + peripheral_area,moderate,link_failure,any_road,demand_surge,peripheral_area,17.993432693065188,17.993432693065188,0.0,1.6861127243206158,1.4890274487443276,32.23915106758617,0.0,17.993432693065188,17.993432693065188,34526.19286307535,,22331.768492844178,925.5987816,13,82,0,17.993432693065188,17.993432693065188,17.993432693065188,17.98549249778823,17.98549249778823,0.0,1.5628607112184003,1.3618190137617598,33.729835541596316,7.129043995124043,20.9807252219556,20.9807252219556,34274.55604181983,,22170.250150274787,918.7975512,15,82,0,18.842012023418388,20.9807252219556,23.119438420492813,t0_immediate,15,-0.007940195276958661,-0.0004412829620897671,-0.007940195276958661,-0.0004412829620897671,-0.12325201310221545,-0.07309832333533768,-0.12720843498256773,-0.08543055071942462,1.4906844740101448,0.046238329008263065,7.129043995124043,,2.9872925288904106,0.1660212689734148,2.9872925288904106,0.1660212689734148,-251.63682125551713,-0.007288287540229628,,,-161.51834256939037,-0.007232671367748867,-6.801230400000009,-0.007347924970518358,2.0,0.15384615384615385,0.0,0.0
S1_service,115,combined_disruption,central + peripheral_area,moderate,node_removal,central,demand_surge,peripheral_area,17.993432693065188,17.993432693065188,0.0,1.6861127243206158,1.4890274487443276,32.23915106758617,0.0,17.993432693065188,17.993432693065188,34526.19286307535,,22331.768492844178,925.5987816,13,82,0,17.993432693065188,17.993432693065188,17.993432693065188,15.4690149220912,15.664715089585844,0.1957001674946449,1.3238105307545216,1.126518815344358,28.31545886054776,24.57710377593538,26.413441337135144,26.56104407137495,33146.10674385597,,21434.854739819955,888.7901640000001,16,79,0,19.04031020435453,26.413441337135144,33.786572469915754,t0_immediate,16,-2.5244177709739883,-0.14029661899626963,-2.328717603479344,-0.1294204192831338,-0.36230219356609417,-0.2148742420006802,-0.36250863339996964,-0.24345329141223504,-3.9236922070384104,-0.12170581659587687,24.57710377593538,,8.420008644069956,0.4679489893729446,8.567611378309763,0.4761521341957051,-1380.086119219377,-0.039972148817350055,,,-896.9137530242224,-0.04016313142918451,-36.808617599999934,-0.039767357446573295,3.0,0.23076923076923078,-3.0,-0.036585365853658534
S1_service,116,link_failure,any_road,severe,,,,,17.993432693065188,17.993432693065188,0.0,1.6861127243206158,1.4890274487443276,32.23915106758617,0.0,17.993432693065188,17.993432693065188,34526.19286307535,,22331.768492844178,925.5987816,13,82,0,17.993432693065188,17.993432693065188,17.993432693065188,17.520347794193125,17.520347794193125,0.0,1.4899422482951699,1.3570349947056395,31.40217757018062,6.619586653361445,20.33232518200308,20.33232518200308,33374.86943729868,,21802.555844623344,885.1569312000001,16,81,0,18.346449185994647,20.33232518200308,22.318201178011513,t0_immediate,16,-0.47308489887206306,-0.02629208705987456,-0.47308489887206306,-0.02629208705987456,-0.1961704760254459,-0.1163448168060583,-0.1319924540386881,-0.08864339885070296,-0.8369734974055518,-0.02596140002728112,6.619586653361445,,2.3388924889378906,0.12998589701226484,2.3388924889378906,0.12998589701226484,-1151.3234257766671,-0.033346376484155324,,,-529.2126482208332,-0.02369774916798059,-40.44185039999991,-0.04369263573369413,3.0,0.23076923076923078,-1.0,-0.012195121951219513
S1_service,117,demand_surge,central_area,mild,,,,,17.993432693065188,17.993432693065188,0.0,1.6861127243206158,1.4890274487443276,32.23915106758617,0.0,17.993432693065188,17.993432693065188,34526.19286307535,,22331.768492844178,925.5987816,13,82,0,17.993432693065188,17.993432693065188,17.993432693065188,17.83386969082654,17.83386969082654,0.0,1.6688732140284344,1.4794940185245018,33.18965510592168,0.0,17.83386969082654,17.83386969082654,34526.19286307535,,22331.768492844178,925.5987816,13,82,0,17.83386969082654,17.83386969082654,17.83386969082654,t0_immediate,13,-0.15956300223864872,-0.00886784667275553,-0.15956300223864872,-0.00886784667275553,-0.017239510292181404,-0.010224411478258495,-0.009533430219825778,-0.006402454318666297,0.9505040383355094,0.029482911517827264,0.0,,-0.15956300223864872,-0.00886784667275553,-0.15956300223864872,-0.00886784667275553,0.0,0.0,,,0.0,0.0,0.0,0.0,0.0,0.0,0.0,0.0
S1_service,118,link_failure,any_road,mild,,,,,17.993432693065188,17.993432693065188,0.0,1.6861127243206158,1.4890274487443276,32.23915106758617,0.0,17.993432693065188,17.993432693065188,34526.19286307535,,22331.768492844178,925.5987816,13,82,0,17.993432693065188,17.993432693065188,17.993432693065188,18.173655214877712,18.173655214877712,0.0,1.6256795615731037,1.4687961042080995,33.77175758767062,0.19565418572835686,18.255490209186977,18.255490209186977,34456.7707725894,,22299.572459736744,923.1729336,14,82,0,18.196793953468468,18.255490209186977,18.314186464905482,t0_immediate,14,0.1802225218125244,0.010016016670459083,0.1802225218125244,0.010016016670459083,-0.06043316274751209,-0.03584170967683219,-0.020231344536228102,-0.013586952042616047,1.5326065200844496,0.04753867485131642,0.19565418572835686,,0.2620575161217893,0.014564064600235415,0.2620575161217893,0.014564064600235415,-69.42209048594668,-0.002010707950374435,,,-32.19603310743332,-0.0014417144400252033,-2.4258480000000873,-0.0026208418250148733,1.0,0.07692307692307693,0.0,0.0
S1_service,119,link_failure,any_road,moderate,,,,,17.993432693065188,17.993432693065188,0.0,1.6861127243206158,1.4890274487443276,32.23915106758617,0.0,17.993432693065188,17.993432693065188,34526.19286307535,,22331.768492844178,925.5987816,13,82,0,17.993432693065188,17.993432693065188,17.993432693065188,17.993432693065188,17.993432693065188,0.0,1.6861127243206158,1.4890274487443276,32.23915106758617,0.0,17.993432693065188,17.993432693065188,34526.19286307535,,22331.768492844178,925.5987816,13,82,0,17.993432693065188,17.993432693065188,17.993432693065188,t0_immediate,13,0.0,0.0,0.0,0.0,0.0,0.0,0.0,0.0,0.0,0.0,0.0,,0.0,0.0,0.0,0.0,0.0,0.0,,,0.0,0.0,0.0,0.0,0.0,0.0,0.0,0.0
S1_service,120,combined_disruption,peripheral_area + any_road,moderate,demand_surge,peripheral_area,link_failure,any_road,17.993432693065188,17.993432693065188,0.0,1.6861127243206158,1.4890274487443276,32.23915106758617,0.0,17.993432693065188,17.993432693065188,34526.19286307535,,22331.768492844178,925.5987816,13,82,0,17.993432693065188,17.993432693065188,17.993432693065188,18.054615936522705,18.054615936522705,0.0,1.6343100368672028,1.4308826054703394,33.63715157968384,2.726498455076137,19.198256184989166,19.198256184989166,34391.511569902425,,22293.26608637803,919.8277056000001,14,82,0,18.380306648466327,19.198256184989166,20.01620572151201,t0_immediate,14,0.06118324345751702,0.0034003096852718677,0.06118324345751702,0.0034003096852718677,-0.05180268745341299,-0.030723146030634346,-0.05814484327398817,-0.039048872687350904,1.398000512097667,0.043363440593299066,2.726498455076137,,1.2048234919239782,0.06695906848215387,1.2048234919239782,0.06695906848215387,-134.68129317292187,-0.0039008440260715565,,,-38.502406466148386,-0.001724109153222048,-5.771075999999994,-0.006234964992093064,1.0,0.07692307692307693,0.0,0.0
S1_service,121,area_closure,peripheral_area,moderate,,,,,17.993432693065188,17.993432693065188,0.0,1.6861127243206158,1.4890274487443276,32.23915106758617,0.0,17.993432693065188,17.993432693065188,34526.19286307535,,22331.768492844178,925.5987816,13,82,0,17.993432693065188,17.993432693065188,17.993432693065188,17.426940884591467,17.51935502420889,0.0924141396174213,1.5262224656237797,1.3414435224506391,30.64130496384706,8.84784771787001,21.193740323961592,21.27797780123588,31604.146013844595,,20608.256089305734,839.8633968000003,17,76,0,18.539386008600587,21.193740323961592,23.848094639322596,t0_immediate,17,-0.5664918084737209,-0.03148325381471271,-0.47407766885629954,-0.026347261078149522,-0.15989025869683604,-0.09482773980088462,-0.14758392629368844,-0.09911430875108686,-1.597846103739112,-0.04956228842345714,8.84784771787001,,3.200307630896404,0.17785976058530667,3.2845451081706933,0.1825413285057377,-2922.046849230752,-0.08463275579844735,,,-1723.5124035384433,-0.07717760481399906,-85.73538479999979,-0.09262694215283719,4.0,0.3076923076923077,-6.0,-0.07317073170731707
S1_service,122,link_failure,any_road,mild,,,,,17.993432693065188,17.993432693065188,0.0,1.6861127243206158,1.4890274487443276,32.23915106758617,0.0,17.993432693065188,17.993432693065188,34526.19286307535,,22331.768492844178,925.5987816,13,82,0,17.993432693065188,17.993432693065188,17.993432693065188,17.97144023143628,17.97144023143628,0.0,1.6606127846339482,1.4597972546599385,30.68480041092186,2.4565278681491804,19.00388351473278,19.00388351473278,34107.676924205254,,22250.26051725657,905.9704728,14,81,0,18.266925154288025,19.00388351473278,19.740841875177534,t0_immediate,14,-0.021992461628908444,-0.0012222493619788576,-0.021992461628908444,-0.0012222493619788576,-0.025499939686667528,-0.015123508244054205,-0.029230194084389094,-0.019630393052215683,-1.5543506566643117,-0.04821313853475143,2.4565278681491804,,1.0104508216675931,0.056156645533068796,1.0104508216675931,0.056156645533068796,-418.5159388700922,-0.012121693826187293,,,-81.50797558760678,-0.0036498665841769124,-19.628308800000013,-0.021206065943680595,1.0,0.07692307692307693,-1.0,-0.012195121951219513
S1_service,123,combined_disruption,any_road + central_area,mild,link_failure,any_road,demand_surge,central_area,17.993432693065188,17.993432693065188,0.0,1.6861127243206158,1.4890274487443276,32.23915106758617,0.0,17.993432693065188,17.993432693065188,34526.19286307535,,22331.768492844178,925.5987816,13,82,0,17.993432693065188,17.993432693065188,17.993432693065188,17.83386969082654,17.83386969082654,0.0,1.6688732140284344,1.4794940185245018,33.18965510592168,0.0,17.83386969082654,17.83386969082654,34526.19286307535,,22331.768492844178,925.5987816,13,82,0,17.83386969082654,17.83386969082654,17.83386969082654,t0_immediate,13,-0.15956300223864872,-0.00886784667275553,-0.15956300223864872,-0.00886784667275553,-0.017239510292181404,-0.010224411478258495,-0.009533430219825778,-0.006402454318666297,0.9505040383355094,0.029482911517827264,0.0,,-0.15956300223864872,-0.00886784667275553,-0.15956300223864872,-0.00886784667275553,0.0,0.0,,,0.0,0.0,0.0,0.0,0.0,0.0,0.0,0.0
S1_service,124,area_closure,central_area,mild,,,,,17.993432693065188,17.993432693065188,0.0,1.6861127243206158,1.4890274487443276,32.23915106758617,0.0,17.993432693065188,17.993432693065188,34526.19286307535,,22331.768492844178,925.5987816,13,82,0,17.993432693065188,17.993432693065188,17.993432693065188,15.43790896495778,16.136547643838707,0.6986386788809281,1.1478402213759682,0.9629532767712643,22.650799258624797,37.05200018201927,31.949055016373215,32.388834090683524,32535.930760984902,,21254.338029231123,862.9144632000001,18,79,0,20.833454961767437,31.949055016373215,43.064655070979,t0_immediate,18,-2.555523728107408,-0.14202535845716238,-1.8568850492264808,-0.10319793231794726,-0.5382725029446476,-0.3192387407915051,-0.5260741719730633,-0.35330052002512985,-9.588351808961374,-0.29741328451423393,37.05200018201927,,13.955622323308027,0.7755953275489582,14.395401397618336,0.8000364156843979,-1990.2621020904444,-0.05764499173087125,,,-1077.4304636130546,-0.04824653560054137,-62.68431839999994,-0.06772299147978907,5.0,0.38461538461538464,-3.0,-0.036585365853658534
S1_service,125,link_failure,any_road,moderate,,,,,17.993432693065188,17.993432693065188,0.0,1.6861127243206158,1.4890274487443276,32.23915106758617,0.0,17.993432693065188,17.993432693065188,34526.19286307535,,22331.768492844178,925.5987816,13,82,0,17.993432693065188,17.993432693065188,17.993432693065188,17.656759436110054,17.656759436110054,0.0,1.5983061074733829,1.4190161593173969,31.38045495534597,4.249985114126227,19.456340856914036,19.456340856914036,34131.98128144362,,22155.527121804527,911.531088,14,81,0,18.181345322676165,19.456340856914036,20.731336391151903,t0_immediate,14,-0.33667325695513384,-0.018710896508640645,-0.33667325695513384,-0.018710896508640645,-0.0878066168472329,-0.052076362143944295,-0.07001128942693069,-0.04701813219492365,-0.8586961122401995,-0.02663519614520955,4.249985114126227,,1.462908163848848,0.0813023389590728,1.462908163848848,0.0813023389590728,-394.2115816317237,-0.011417754143791517,,,-176.2413710396504,-0.007891957643037713,-14.067693600000098,-0.01519847895184405,1.0,0.07692307692307693,-1.0,-0.012195121951219513
S1_service,126,demand_surge,peripheral_area,mild,,,,,17.993432693065188,17.993432693065188,0.0,1.6861127243206158,1.4890274487443276,32.23915106758617,0.0,17.993432693065188,17.993432693065188,34526.19286307535,,22331.768492844178,925.5987816,13,82,0,17.993432693065188,17.993432693065188,17.993432693065188,18.132145214444503,18.132145214444503,0.0,1.7010995063842724,1.4973151227328627,31.412851675565822,0.0,18.132145214444503,18.132145214444503,34526.19286307535,,22331.768492844178,925.5987816,13,82,0,18.132145214444503,18.132145214444503,18.132145214444503,t0_immediate,13,0.13871252137931478,0.007709063842652753,0.13871252137931478,0.007709063842652753,0.014986782063656667,0.008888363065817726,0.008287673988535138,0.005565830230681105,-0.8262993920203492,-0.025630308635860008,0.0,,0.13871252137931478,0.007709063842652753,0.13871252137931478,0.007709063842652753,0.0,0.0,,,0.0,0.0,0.0,0.0,0.0,0.0,0.0,0.0
S1_service,127,link_failure,any_road,mild,,,,,17.993432693065188,17.993432693065188,0.0,1.6861127243206158,1.4890274487443276,32.23915106758617,0.0,17.993432693065188,17.993432693065188,34526.19286307535,,22331.768492844178,925.5987816,13,82,0,17.993432693065188,17.993432693065188,17.993432693065188,15.31532703898297,15.31532703898297,0.0,1.2780053748075713,1.0931088837247833,30.08698372023453,25.532587867905264,26.72448042624075,26.72448042624075,33972.15841190373,,22044.97322087966,907.5655464000001,17,82,0,19.06470406586917,26.72448042624075,34.384256786612326,t0_immediate,17,-2.678105654082218,-0.14883795103278882,-2.678105654082218,-0.14883795103278882,-0.4081073495130445,-0.2420403711012162,-0.39591856501954426,-0.2658907096396483,-2.1521673473516394,-0.06675632813158866,25.532587867905264,,8.731047733175561,0.48523524566496845,8.731047733175561,0.48523524566496845,-554.0344511716175,-0.016046786663354927,,,-286.7952719645182,-0.012842479181907007,-18.033235199999922,-0.019482777590553304,4.0,0.3076923076923077,0.0,0.0
S1_service,128,link_failure,any_road,mild,,,,,17.993432693065188,17.993432693065188,0.0,1.6861127243206158,1.4890274487443276,32.23915106758617,0.0,17.993432693065188,17.993432693065188,34526.19286307535,,22331.768492844178,925.5987816,13,82,0,17.993432693065188,17.993432693065188,17.993432693065188,17.993432693065188,17.993432693065188,0.0,1.6861127243206158,1.4890274487443276,32.23915106758617,0.0,17.993432693065188,17.993432693065188,34526.19286307535,,22331.768492844178,925.5987816,13,82,0,17.993432693065188,17.993432693065188,17.993432693065188,t0_immediate,13,0.0,0.0,0.0,0.0,0.0,0.0,0.0,0.0,0.0,0.0,0.0,,0.0,0.0,0.0,0.0,0.0,0.0,,,0.0,0.0,0.0,0.0,0.0,0.0,0.0,0.0
S1_service,129,node_removal,peripheral,moderate,,,,,17.993432693065188,17.993432693065188,0.0,1.6861127243206158,1.4890274487443276,32.23915106758617,0.0,17.993432693065188,17.993432693065188,34526.19286307535,,22331.768492844178,925.5987816,13,82,0,17.993432693065188,17.993432693065188,17.993432693065188,18.158841412581634,18.182483332374872,0.023641919793239062,1.4506866287637017,1.3912962480328601,36.07610519542103,0.456526433366166,18.349857361559856,18.373391349739883,33090.26963324247,,21373.283037553083,888.4246224000001,16,80,0,18.212899431550007,18.349857361559856,18.486815291569705,t0_immediate,16,0.16540871951644576,0.009192727276557719,0.18905063930968424,0.010506646649060236,-0.23542609555691407,-0.13962654581814757,-0.09773120071146746,-0.0656342505934881,3.836954127834858,0.11901535867960869,0.456526433366166,,0.35642466849466814,0.019808597646408906,0.3799586566746953,0.021116518629662833,-1435.9232298328789,-0.041589387961988494,,,-958.4854552910947,-0.04292026650725062,-37.17415919999996,-0.04016228190765367,3.0,0.23076923076923078,-2.0,-0.024390243902439025
S1_service,130,link_failure,any_road,mild,,,,,17.993432693065188,17.993432693065188,0.0,1.6861127243206158,1.4890274487443276,32.23915106758617,0.0,17.993432693065188,17.993432693065188,34526.19286307535,,22331.768492844178,925.5987816,13,82,0,17.993432693065188,17.993432693065188,17.993432693065188,17.690233822907683,17.690233822907683,0.0,1.45868110513883,1.2620923336667986,22.978272363424807,18.500013271742887,25.517546180913143,25.517546180913143,34316.58018161133,,22169.943431014162,921.1458576000001,14,82,0,19.96754219939028,25.517546180913143,31.067550162436014,t0_immediate,14,-0.30319887015750524,-0.016850529597632613,-0.30319887015750524,-0.016850529597632613,-0.22743161918178578,-0.13488518051094397,-0.22693511507752895,-0.15240492394475308,-9.260878704161364,-0.2872556626800394,18.500013271742887,,7.524113487847956,0.41815887030537585,7.524113487847956,0.41815887030537585,-209.61268146401562,-0.006071120621242594,,,-161.82506183001533,-0.007246406028338925,-4.452923999999939,-0.004810857672373516,1.0,0.07692307692307693,0.0,0.0
S1_service,131,link_failure,any_road,moderate,,,,,17.993432693065188,17.993432693065188,0.0,1.6861127243206158,1.4890274487443276,32.23915106758617,0.0,17.993432693065188,17.993432693065188,34526.19286307535,,22331.768492844178,925.5987816,13,82,0,17.993432693065188,17.993432693065188,17.993432693065188,17.859456369892012,17.859456369892012,0.0,1.6161827088581464,1.4395855917085254,31.27175579419186,3.1086869654984897,19.169473956911382,19.169473956911382,33876.77738785696,,21792.1590948212,913.502784,15,82,0,18.236867867261836,19.169473956911382,20.10208004656093,t0_immediate,15,-0.13397632317317587,-0.007445845684843194,-0.13397632317317587,-0.007445845684843194,-0.06993001546246935,-0.04147410458019419,-0.04944185703580217,-0.03320412735003353,-0.9673952733943096,-0.030006846996878476,3.1086869654984897,,1.1760412638461943,0.06535947219784527,1.1760412638461943,0.06535947219784527,-649.4154752183895,-0.01880935664681751,,,-539.609398022978,-0.024163307899053597,-12.095997600000032,-0.013068294643917703,2.0,0.15384615384615385,0.0,0.0
S1_service,132,combined_disruption,peripheral_area + central_area,moderate,demand_surge,peripheral_area,area_closure,central_area,17.993432693065188,17.993432693065188,0.0,1.6861127243206158,1.4890274487443276,32.23915106758617,0.0,17.993432693065188,17.993432693065188,34526.19286307535,,22331.768492844178,925.5987816,13,82,0,17.993432693065188,17.993432693065188,17.993432693065188,15.83656810012752,16.144443008440216,0.30787490831269515,1.268179451160741,1.1457033139312884,26.9715222964151,21.112984943284815,25.16078682758544,25.403660152861924,30343.998429707462,,19380.748557134324,824.4110880000002,17,76,0,18.826891344599996,25.16078682758544,31.494682310570887,t0_immediate,17,-2.1568645929376675,-0.11986954516849585,-1.8489896846249714,-0.10275914085796352,-0.41793327315987483,-0.2478679314446621,-0.34332413481303914,-0.23056937943122455,-5.267628771171072,-0.1633922915689688,21.112984943284815,,7.167354134520252,0.3983316722707729,7.410227459796737,0.41182955949548733,-4182.194433367884,-0.12113106272544188,,,-2951.0199357098536,-0.132144480033252,-101.18769359999988,-0.10932133405046811,4.0,0.3076923076923077,-6.0,-0.07317073170731707
S1_service,133,node_removal,central,mild,,,,,17.993432693065188,17.993432693065188,0.0,1.6861127243206158,1.4890274487443276,32.23915106758617,0.0,17.993432693065188,17.993432693065188,34526.19286307535,,22331.768492844178,925.5987816,13,82,0,17.993432693065188,17.993432693065188,17.993432693065188,15.219450898644347,15.455698687986494,0.2362477893421473,1.3084950101901913,1.123275312589709,29.50002116304946,24.01085700306829,25.971644508559635,26.15116717902993,33436.961261474324,,21582.339780842904,898.3938576,15,80,0,18.768387407639146,25.971644508559635,33.174901609480116,t0_immediate,15,-2.773981794420841,-0.15416634734126944,-2.5377340050786934,-0.14103667979133055,-0.37761771413042444,-0.22395757334823369,-0.36575213615461855,-0.24563156069624595,-2.7391299045367106,-0.08496284219129707,24.01085700306829,,7.978211815494447,0.4433957628645986,8.157734485964742,0.4533728847141434,-1089.2316016010227,-0.03154797883220773,,,-749.4287120012741,-0.03355886087756173,-27.204924000000005,-0.02939170247498952,2.0,0.15384615384615385,-2.0,-0.024390243902439025
S1_service,134,combined_disruption,central_area + peripheral,moderate,area_closure,central_area,node_removal,peripheral,17.993432693065188,17.993432693065188,0.0,1.6861127243206158,1.4890274487443276,32.23915106758617,0.0,17.993432693065188,17.993432693065188,34526.19286307535,,22331.768492844178,925.5987816,13,82,0,17.993432693065188,17.993432693065188,17.993432693065188,16.539783698209337,17.295771046520944,0.7559873483116063,0.7117399816436119,0.7104744926726237,26.431391604454504,38.11188026996832,33.10328930021704,33.57115565548402,27448.582194067843,,17372.2566825848,752.8209360000001,23,73,0,21.66972521922655,33.10328930021704,44.53685338120754,t0_immediate,23,-1.4536489948558504,-0.08078775293477483,-0.697661646544244,-0.038773126753803254,-0.9743727426770039,-0.5778811396311639,-0.7785529560717038,-0.5228600431296581,-5.807759463131667,-0.18014616609960596,38.11188026996832,,15.109856607151855,0.8397428586806182,15.577722962418832,0.865744920835623,-7077.610669007503,-0.20499250227431765,,,-4959.511810259377,-0.22208325381165245,-172.77784559999998,-0.18666602531750778,10.0,0.7692307692307693,-9.0,-0.10975609756097561
S1_service,135,link_failure,any_road,mild,,,,,17.993432693065188,17.993432693065188,0.0,1.6861127243206158,1.4890274487443276,32.23915106758617,0.0,17.993432693065188,17.993432693065188,34526.19286307535,,22331.768492844178,925.5987816,13,82,0,17.993432693065188,17.993432693065188,17.993432693065188,18.00030808300012,18.00030808300012,0.0,1.6848083630824267,1.4877230875061387,32.10871494376727,0.13043612381890457,18.05509085315254,18.05509085315254,34240.157439193616,,22163.390370992016,917.1913968000001,13,81,0,18.015960016006865,18.05509085315254,18.09422169029821,t0_immediate,13,0.006875389934933196,0.00038210551884205096,0.006875389934933196,0.00038210551884205096,-0.0013043612381891112,-0.0007735907685025487,-0.0013043612381888892,-0.0008759819970335911,-0.13043612381890313,-0.004045892013268488,0.13043612381890457,,0.06165816008735092,0.0034267035723047146,0.06165816008735092,0.0034267035723047146,-286.0354238817308,-0.008284592078138928,,,-168.3781218521617,-0.007539847187029344,-8.407384799999932,-0.00908318481736421,0.0,0.0,-1.0,-0.012195121951219513
S1_service,136,node_removal,central,moderate,,,,,17.993432693065188,17.993432693065188,0.0,1.6861127243206158,1.4890274487443276,32.23915106758617,0.0,17.993432693065188,17.993432693065188,34526.19286307535,,22331.768492844178,925.5987816,13,82,0,17.993432693065188,17.993432693065188,17.993432693065188,17.620712070318785,17.81970087245172,0.19898880213293385,1.4381372161711277,1.2368675173824368,22.19566279442644,20.45652643336617,26.29004230792638,26.448324913151552,33649.852605063934,,21770.943278329916,901.8387768,15,80,0,20.153084377916528,26.29004230792638,32.427000237936234,t0_immediate,15,-0.37272062274640305,-0.020714258869017947,-0.1737318206134688,-0.009655290548335808,-0.2479755081494881,-0.14706935341431854,-0.25215993136189074,-0.1693453882092859,-10.043488273159731,-0.3115307922378154,20.45652643336617,,8.296609614861193,0.4610909856049187,8.454892220086364,0.4698876731478228,-876.3402580114125,-0.025381896622278046,,,-560.8252145142615,-0.02511333639760631,-23.760004800000047,-0.025669874758184368,2.0,0.15384615384615385,-2.0,-0.024390243902439025
S1_service,137,link_failure,any_road,severe,,,,,17.993432693065188,17.993432693065188,0.0,1.6861127243206158,1.4890274487443276,32.23915106758617,0.0,17.993432693065188,17.993432693065188,34526.19286307535,,22331.768492844178,925.5987816,13,82,0,17.993432693065188,17.993432693065188,17.993432693065188,18.24381213623559,18.24381213623559,0.0,1.4745859744773155,1.327248731011781,32.86958755010082,7.858701133980757,21.525306145392378,21.525306145392378,33307.318704785066,,21728.83426898133,884.6806272000001,18,81,0,19.16769580519815,21.525306145392378,23.882916485586605,t0_immediate,18,0.2503794431704023,0.013915045974907307,0.2503794431704023,0.013915045974907307,-0.21152674984330022,-0.12545231809962798,-0.16177871773254648,-0.10864723673762483,0.6304364825146465,0.019554996382907204,7.858701133980757,,3.53187345232719,0.19628680711315313,3.53187345232719,0.19628680711315313,-1218.8741582902803,-0.03530288332467224,,,-602.9342238628487,-0.026998946548100228,-40.918154399999935,-0.04420722586655567,5.0,0.38461538461538464,-1.0,-0.012195121951219513
S1_service,138,area_closure,peripheral_area,moderate,,,,,17.993432693065188,17.993432693065188,0.0,1.6861127243206158,1.4890274487443276,32.23915106758617,0.0,17.993432693065188,17.993432693065188,34526.19286307535,,22331.768492844178,925.5987816,13,82,0,17.993432693065188,17.993432693065188,17.993432693065188,15.395380844067391,15.445913893223503,0.05053304915611227,1.283039468387958,1.1781250573619453,33.934799155486715,15.923932108937343,22.498190115908162,22.54067631662408,29326.084221627527,,17718.5589030344,841.7353944000001,18,76,0,17.72101048322696,22.498190115908162,27.275369748589362,t0_immediate,18,-2.5980518489977964,-0.14438889417687967,-2.5475187998416846,-0.141580477905337,-0.40307325593265775,-0.2390547500879977,-0.3109023913823823,-0.20879560792822266,1.695648087900544,0.0525959286069843,15.923932108937343,,4.5047574228429745,0.2503556436220835,4.547243623558892,0.2527168495932094,-5200.1086414478195,-0.1506134389641659,,,-4613.209589809776,-0.2065760976918598,-83.86338719999992,-0.09060447017338631,5.0,0.38461538461538464,-6.0,-0.07317073170731707
S1_service,139,link_failure,any_road,mild,,,,,17.993432693065188,17.993432693065188,0.0,1.6861127243206158,1.4890274487443276,32.23915106758617,0.0,17.993432693065188,17.993432693065188,34526.19286307535,,22331.768492844178,925.5987816,13,82,0,17.993432693065188,17.993432693065188,17.993432693065188,17.80622363589906,17.80622363589906,0.0,1.6463014727778045,1.4461323774854964,31.076101608463496,2.967403882092402,19.058283393728775,19.058283393728775,34177.69032327423,,22275.968002092795,908.7175512,15,82,0,18.168062229101057,19.058283393728775,19.948504558356497,t0_immediate,15,-0.1872090571661289,-0.010404299188463398,-0.1872090571661289,-0.010404299188463398,-0.03981125154281129,-0.02361126333285481,-0.042895071258831186,-0.028807441592163998,-1.163049459122675,-0.03607568501678154,2.967403882092402,,1.0648507006635874,0.05917996409178719,1.0648507006635874,0.05917996409178719,-348.502539801113,-0.01009385949916955,,,-55.80049075138231,-0.002498704514569126,-16.88123040000005,-0.01823817266787989,2.0,0.15384615384615385,0.0,0.0
S1_service,140,demand_surge,peripheral_area,moderate,,,,,17.993432693065188,17.993432693065188,0.0,1.6861127243206158,1.4890274487443276,32.23915106758617,0.0,17.993432693065188,17.993432693065188,34526.19286307535,,22331.768492844178,925.5987816,13,82,0,17.993432693065188,17.993432693065188,17.993432693065188,18.23071284455943,18.23071284455943,0.0,1.7117489529978482,1.5032042549906584,30.825692188974536,0.0,18.23071284455943,18.23071284455943,34526.19286307535,,22331.768492844178,925.5987816,13,82,0,18.23071284455943,18.23071284455943,18.23071284455943,t0_immediate,13,0.23728015149424309,0.01318704193589991,0.23728015149424309,0.01318704193589991,0.025636228677232475,0.015204338540035668,0.014176806246330775,0.00952084950367157,-1.4134588786116353,-0.04384293108861519,0.0,,0.23728015149424309,0.01318704193589991,0.23728015149424309,0.01318704193589991,0.0,0.0,,,0.0,0.0,0.0,0.0,0.0,0.0,0.0,0.0
S1_service,141,combined_disruption,any_road + central_area,moderate,link_failure,any_road,demand_surge,central_area,17.993432693065188,17.993432693065188,0.0,1.6861127243206158,1.4890274487443276,32.23915106758617,0.0,17.993432693065188,17.993432693065188,34526.19286307535,,22331.768492844178,925.5987816,13,82,0,17.993432693065188,17.993432693065188,17.993432693065188,17.86553337927705,17.86553337927705,0.0,1.5210903911016165,1.4178818657939434,35.70081039272246,0.2387371824594086,17.966124017731666,17.966124017731666,33308.47015990767,,21380.85195388459,900.2104776,16,82,0,17.894502862993843,17.966124017731666,18.03774517246949,t0_immediate,16,-0.1278993137881379,-0.007108110829649048,-0.1278993137881379,-0.007108110829649048,-0.16502233321899928,-0.09787147136647796,-0.0711455829503842,-0.047779900236479926,3.4616593251362886,0.10737439450186714,0.2387371824594086,,-0.027308675333522103,-0.0015177023639323186,-0.027308675333522103,-0.0015177023639323186,-1217.722703167674,-0.035269533133784614,,,-950.9165389595873,-0.0425813360578358,-25.388304000000062,-0.027429059442054975,3.0,0.23076923076923078,0.0,0.0
S1_service,142,link_failure,any_road,moderate,,,,,17.993432693065188,17.993432693065188,0.0,1.6861127243206158,1.4890274487443276,32.23915106758617,0.0,17.993432693065188,17.993432693065188,34526.19286307535,,22331.768492844178,925.5987816,13,82,0,17.993432693065188,17.993432693065188,17.993432693065188,17.993432693065188,17.993432693065188,0.0,1.6861127243206158,1.4890274487443276,32.23915106758617,0.0,17.993432693065188,17.993432693065188,34526.19286307535,,22331.768492844178,925.5987816,13,82,0,17.993432693065188,17.993432693065188,17.993432693065188,t0_immediate,13,0.0,0.0,0.0,0.0,0.0,0.0,0.0,0.0,0.0,0.0,0.0,,0.0,0.0,0.0,0.0,0.0,0.0,,,0.0,0.0,0.0,0.0,0.0,0.0,0.0,0.0
S1_service,143,demand_surge,peripheral_area,moderate,,,,,17.993432693065188,17.993432693065188,0.0,1.6861127243206158,1.4890274487443276,32.23915106758617,0.0,17.993432693065188,17.993432693065188,34526.19286307535,,22331.768492844178,925.5987816,13,82,0,17.993432693065188,17.993432693065188,17.993432693065188,18.23071284455943,18.23071284455943,0.0,1.7117489529978482,1.5032042549906584,30.825692188974536,0.0,18.23071284455943,18.23071284455943,34526.19286307535,,22331.768492844178,925.5987816,13,82,0,18.23071284455943,18.23071284455943,18.23071284455943,t0_immediate,13,0.23728015149424309,0.01318704193589991,0.23728015149424309,0.01318704193589991,0.025636228677232475,0.015204338540035668,0.014176806246330775,0.00952084950367157,-1.4134588786116353,-0.04384293108861519,0.0,,0.23728015149424309,0.01318704193589991,0.23728015149424309,0.01318704193589991,0.0,0.0,,,0.0,0.0,0.0,0.0,0.0,0.0,0.0,0.0
S1_service,144,demand_surge,peripheral_area,mild,,,,,17.993432693065188,17.993432693065188,0.0,1.6861127243206158,1.4890274487443276,32.23915106758617,0.0,17.993432693065188,17.993432693065188,34526.19286307535,,22331.768492844178,925.5987816,13,82,0,17.993432693065188,17.993432693065188,17.993432693065188,18.132145214444503,18.132145214444503,0.0,1.7010995063842724,1.4973151227328627,31.412851675565822,0.0,18.132145214444503,18.132145214444503,34526.19286307535,,22331.768492844178,925.5987816,13,82,0,18.132145214444503,18.132145214444503,18.132145214444503,t0_immediate,13,0.13871252137931478,0.007709063842652753,0.13871252137931478,0.007709063842652753,0.014986782063656667,0.008888363065817726,0.008287673988535138,0.005565830230681105,-0.8262993920203492,-0.025630308635860008,0.0,,0.13871252137931478,0.007709063842652753,0.13871252137931478,0.007709063842652753,0.0,0.0,,,0.0,0.0,0.0,0.0,0.0,0.0,0.0,0.0
S1_service,145,node_removal,peripheral,mild,,,,,17.993432693065188,17.993432693065188,0.0,1.6861127243206158,1.4890274487443276,32.23915106758617,0.0,17.993432693065188,17.993432693065188,34526.19286307535,,22331.768492844178,925.5987816,13,82,0,17.993432693065188,17.993432693065188,17.993432693065188,15.187448990314463,15.245433119751532,0.05798412943706865,1.3800850255641772,1.1901329660613857,30.369585756622065,19.652158379957807,23.994082488837243,24.0406714853221,33650.94671911879,,21660.406126898484,906.8123232,15,81,0,18.0984349748499,23.994082488837243,29.889730002824585,t0_immediate,15,-2.8059837027507246,-0.15594488003571286,-2.747999573313656,-0.1527223637751321,-0.30602769875643854,-0.18149895575916852,-0.29889448268294183,-0.20073134510380897,-1.8695653109641057,-0.057990525465287476,19.652158379957807,,6.0006497957720555,0.3334911074574866,6.047238792256913,0.33608032971871826,-875.2461439565595,-0.025350207230424388,,,-671.3623659456935,-0.030063107906604877,-18.786458400000015,-0.020296546163906505,2.0,0.15384615384615385,-1.0,-0.012195121951219513
S1_service,146,area_closure,central_area,mild,,,,,17.993432693065188,17.993432693065188,0.0,1.6861127243206158,1.4890274487443276,32.23915106758617,0.0,17.993432693065188,17.993432693065188,34526.19286307535,,22331.768492844178,925.5987816,13,82,0,17.993432693065188,17.993432693065188,17.993432693065188,15.133263872935359,15.503148740759032,0.36988486782367325,1.2626058816541004,1.0773861840536185,29.8913223605911,26.749979733689926,27.135106694093285,27.406047434736138,32857.00544908,,21279.841227350003,879.6184704000001,16,77,0,19.11011277398631,27.135106694093285,35.16010061420026,t0_immediate,16,-2.8601688201298288,-0.15895626303880084,-2.4902839523061555,-0.1383996036101511,-0.4235068426665154,-0.2511735049251578,-0.41164126469070905,-0.2764497491552888,-2.3478287069950703,-0.07282538867332707,26.749979733689926,,9.141674001028097,0.5080561423141551,9.41261474167095,0.5231138995117173,-1669.1874139953434,-0.04834553930156851,,,-1051.9272654941742,-0.047104521338345674,-45.98031119999996,-0.04967628751684169,3.0,0.23076923076923078,-5.0,-0.06097560975609756
S1_service,147,combined_disruption,peripheral_area + any_road,mild,demand_surge,peripheral_area,link_failure,any_road,17.993432693065188,17.993432693065188,0.0,1.6861127243206158,1.4890274487443276,32.23915106758617,0.0,17.993432693065188,17.993432693065188,34526.19286307535,,22331.768492844178,925.5987816,13,82,0,17.993432693065188,17.993432693065188,17.993432693065188,18.138814072961182,18.138814072961182,0.0,1.634049038902033,1.4617362937187186,35.95072155760871,1.0385086267224073,18.573546100061787,18.573546100061787,34280.16569906588,,22257.514537832347,915.2307816,14,81,0,18.261993512045063,18.573546100061787,18.885098688078507,t0_immediate,14,0.1453813798959942,0.008079691206004585,0.1453813798959942,0.008079691206004585,-0.05206368541858275,-0.03087793874490849,-0.02729115502560897,-0.018328174573694497,3.711570490022538,0.11512618561951585,1.0385086267224073,,0.580113406996599,0.03224028549150487,0.580113406996599,0.03224028549150487,-246.0271640094652,-0.0071258121329845015,,,-74.25395501183084,-0.0033250369327276616,-10.368000000000052,-0.011201397631571873,1.0,0.07692307692307693,-1.0,-0.012195121951219513
S1_service,148,link_failure,any_road,moderate,,,,,17.993432693065188,17.993432693065188,0.0,1.6861127243206158,1.4890274487443276,32.23915106758617,0.0,17.993432693065188,17.993432693065188,34526.19286307535,,22331.768492844178,925.5987816,13,82,0,17.993432693065188,17.993432693065188,17.993432693065188,18.08291662295741,18.08291662295741,0.0,1.6369784067917643,1.4756751963076762,31.608707411156452,0.4456579520337692,18.269723438287823,18.269723438287823,34264.54659780476,,22244.719871255937,914.9317056000001,15,82,0,18.136026052677693,18.269723438287823,18.403420823897953,t0_immediate,15,0.08948392989222143,0.004973143891921703,0.08948392989222143,0.004973143891921703,-0.049134317528851446,-0.02914058877566985,-0.01335225243665139,-0.008967096239838376,-0.6304436564297191,-0.01955521890474277,0.4456579520337692,,0.2762907452226351,0.01535508815553131,0.2762907452226351,0.01535508815553131,-261.64626527058863,-0.0075781962496771806,,,-87.04862158824108,-0.003897972595235092,-10.667075999999952,-0.0115245138736686,2.0,0.15384615384615385,0.0,0.0
S1_service,149,link_failure,any_road,severe,,,,,17.993432693065188,17.993432693065188,0.0,1.6861127243206158,1.4890274487443276,32.23915106758617,0.0,17.993432693065188,17.993432693065188,34526.19286307535,,22331.768492844178,925.5987816,13,82,0,17.993432693065188,17.993432693065188,17.993432693065188,14.769995301979346,14.769995301979346,0.0,1.0512951635305348,0.9574465528460187,31.815251599962405,30.554342765357724,28.58972597019998,28.58972597019998,32735.65745849965,,20878.42713712456,890.7175416000001,22,82,0,19.42342314059266,28.58972597019998,37.7560287998073,t0_immediate,22,-3.2234373910858416,-0.17914521626149635,-3.2234373910858416,-0.17914521626149635,-0.634817560790081,-0.37649769889843376,-0.5315808958983089,-0.35699872178083913,-0.42389946762376596,-0.013148592738534056,30.554342765357724,,10.59629327713479,0.5888978194371265,10.59629327713479,0.5888978194371265,-1790.5354045756976,-0.05186020398126831,,,-1453.3413557196182,-0.06507954603708685,-34.881239999999934,-0.037685053927689754,9.0,0.6923076923076923,0.0,0.0
S1_service,150,link_failure,any_road,moderate,,,,,17.993432693065188,17.993432693065188,0.0,1.6861127243206158,1.4890274487443276,32.23915106758617,0.0,17.993432693065188,17.993432693065188,34526.19286307535,,22331.768492844178,925.5987816,13,82,0,17.993432693065188,17.993432693065188,17.993432693065188,17.639476043009886,17.639476043009886,0.0,1.3812489888709432,1.3085226703442356,35.141315366023896,5.989135823016645,20.17650535813553,20.17650535813553,33712.299833737736,,21928.756210172174,898.2941592000001,17,82,0,18.379764611230534,20.17650535813553,21.97324610504052,t0_immediate,17,-0.3539566500553022,-0.019671435467214653,-0.3539566500553022,-0.019671435467214653,-0.3048637354496726,-0.18080863221793853,-0.18050477840009194,-0.12122327130524602,2.902164298437725,0.09001987342512917,5.989135823016645,,2.183072665070341,0.12132608059337753,2.183072665070341,0.12132608059337753,-813.8930293376106,-0.023573205205837888,,,-403.0122826720035,-0.01804659056899778,-27.30462239999997,-0.029499414803464744,4.0,0.3076923076923077,0.0,0.0
S2_energy,1,area_closure,peripheral_area,severe,,,,,19.290549203913802,19.290549203913802,0.0,1.8871700274134395,1.59901925861323,31.43479018809288,0.0,19.290549203913802,19.290549203913802,34343.26313456302,25293.325286644533,21077.771072203777,971.1692376000001,12,82,0,19.290549203913802,19.290549203913802,19.290549203913802,16.979080372284283,17.229966600009167,0.2508862277248829,1.344114715241703,1.1999603944932864,35.63042572164206,17.347860989612897,24.442289705753495,24.649652539450585,30250.6097113473,22712.164139020944,18926.80344918412,839.3981640000001,21,73,0,19.237931408869628,24.442289705753495,29.646648002637367,t0_immediate,21,-2.3114688316295187,-0.11982389963063113,-2.060582603904635,-0.10681824462968476,-0.5430553121717365,-0.2877617301478922,-0.3990588641199435,-0.24956476413300516,4.195635533549183,0.13347108437639388,17.347860989612897,,5.151740501839694,0.2670603333986195,5.359103335536783,0.2778097854492132,-4092.653423215721,-0.11916903199267861,-2581.1611476235885,-0.10204910261390193,-2150.9676230196565,-0.1020491026139019,-131.77107360000002,-0.13568291549847586,9.0,0.75,-9.0,-0.10975609756097561
S2_energy,2,combined_disruption,peripheral_area + central_area,mild,area_closure,peripheral_area,demand_surge,central_area,19.290549203913802,19.290549203913802,0.0,1.8871700274134395,1.59901925861323,31.43479018809288,0.0,19.290549203913802,19.290549203913802,34343.26313456302,25293.325286644533,21077.771072203777,971.1692376000001,12,82,0,19.290549203913802,19.290549203913802,19.290549203913802,18.67624048879321,18.692492710094616,0.016252221301408645,1.5061868983159914,1.3346780735342558,26.66077444013493,13.86799190057387,24.40701611081999,24.421014475387658,32805.580497312345,24123.89196676851,20103.243305640426,929.0547696000001,16,79,0,20.24661854064783,24.40701611081999,28.567413680992154,t0_immediate,16,-0.6143087151205933,-0.03184506094808115,-0.5980564938191861,-0.031002564390331003,-0.38098312909744814,-0.20188065916859896,-0.2643411850789741,-0.16531457245125827,-4.77401574795795,-0.15187045052288245,13.86799190057387,,5.1164669069061866,0.2652317905945426,5.130465271473856,0.2659574497979016,-1537.6826372506766,-0.04477392352688684,-1169.4333198760214,-0.046234858668168455,-974.5277665633512,-0.046234858668168455,-42.11446799999999,-0.04336470552143443,4.0,0.3333333333333333,-3.0,-0.036585365853658534
S2_energy,3,combined_disruption,central + any_road,moderate,node_removal,central,link_failure,any_road,19.290549203913802,19.290549203913802,0.0,1.8871700274134395,1.59901925861323,31.43479018809288,0.0,19.290549203913802,19.290549203913802,34343.26313456302,25293.325286644533,21077.771072203777,971.1692376000001,12,82,0,19.290549203913802,19.290549203913802,19.290549203913802,19.881330020526395,20.035802269145638,0.15447224861924233,1.5833192106605847,1.4043950421725802,29.097829962430207,7.836942649570749,23.025407178588296,23.16777352567375,32637.796459654153,23860.252793481224,19883.543994567688,929.4978480000001,16,80,0,20.67432438371707,23.025407178588296,25.37648997345952,t0_immediate,16,0.5907808166125932,0.03062540160819949,0.7452530652318359,0.03863306624160984,-0.30385081675285486,-0.16100871269628717,-0.19462421644064976,-0.1217147419534147,-2.336960225662672,-0.07434311511797156,7.836942649570749,,3.734857974674494,0.19361076427604973,3.8772243217599467,0.20099087282456987,-1705.4666749088683,-0.04965942427271824,-1433.0724931633085,-0.05665812924645398,-1194.2270776360892,-0.05665812924645392,-41.6713896,-0.04290847360752523,4.0,0.3333333333333333,-2.0,-0.024390243902439025
S2_energy,4,demand_surge,peripheral_area,mild,,,,,19.290549203913802,19.290549203913802,0.0,1.8871700274134395,1.59901925861323,31.43479018809288,0.0,19.290549203913802,19.290549203913802,34343.26313456302,25293.325286644533,21077.771072203777,971.1692376000001,12,82,0,19.290549203913802,19.290549203913802,19.290549203913802,19.49027816077978,19.49027816077978,0.0,1.9011586132186167,1.608948304504843,30.405929004909016,0.0,19.49027816077978,19.49027816077978,34343.26313456302,25293.325286644533,21077.771072203777,971.1692376000001,12,82,0,19.49027816077978,19.49027816077978,19.49027816077978,t0_immediate,12,0.1997289568659788,0.010353720609751038,0.1997289568659788,0.010353720609751038,0.013988585805177145,0.007412467134373653,0.00992904589161303,0.006209459853675636,-1.0288611831838637,-0.03273001591636466,0.0,,0.1997289568659788,0.010353720609751038,0.1997289568659788,0.010353720609751038,0.0,0.0,0.0,0.0,0.0,0.0,0.0,0.0,0.0,0.0,0.0,0.0
S2_energy,5,area_closure,central_area,moderate,,,,,19.290549203913802,19.290549203913802,0.0,1.8871700274134395,1.59901925861323,31.43479018809288,0.0,19.290549203913802,19.290549203913802,34343.26313456302,25293.325286644533,21077.771072203777,971.1692376000001,12,82,0,19.290549203913802,19.290549203913802,19.290549203913802,17.56410668432742,18.084840811643218,0.5207341273157962,1.064056766527015,0.935099824976851,18.00699995377403,40.20976784392899,34.62748086905674,34.93882901269475,30080.23987814383,21565.958596415745,17971.632163679787,872.3852304000001,17,76,0,22.564550515878047,34.62748086905674,46.69041122223544,t0_immediate,17,-1.7264425195863815,-0.0894968049554602,-1.2057083922705836,-0.0625025435784877,-0.8231132608864244,-0.43616274576731473,-0.663919433636379,-0.41520415095698826,-13.427790234318849,-0.4271633484420435,40.20976784392899,,15.336931665142938,0.7950489902087015,15.648279808780945,0.8111889217548099,-4263.02325641919,-0.12412982539591261,-3727.366690228788,-0.14736562504088477,-3106.13890852399,-0.14736562504088477,-98.78400720000002,-0.10171657356458261,5.0,0.4166666666666667,-6.0,-0.07317073170731707
S2_energy,6,area_closure,peripheral_area,moderate,,,,,19.290549203913802,19.290549203913802,0.0,1.8871700274134395,1.59901925861323,31.43479018809288,0.0,19.290549203913802,19.290549203913802,34343.26313456302,25293.325286644533,21077.771072203777,971.1692376000001,12,82,0,19.290549203913802,19.290549203913802,19.290549203913802,18.697529256029043,18.76282298916371,0.06529373313466592,1.56686734929777,1.410649818606604,31.20652338445227,5.467398501656099,20.95569992263186,21.01742378717945,32129.991584144584,23611.163441016877,19675.96953418073,910.5119976,17,77,0,19.31548037213503,20.95569992263186,22.59591947312869,t0_immediate,17,-0.5930199478847591,-0.030741475611510482,-0.5277262147500927,-0.027356723189769214,-0.3203026781156695,-0.1697264546717485,-0.1883694400066258,-0.11780310899444178,-0.22826680364060792,-0.007261597811684222,5.467398501656099,,1.6651507187180599,0.08631950812370974,1.7268745832656478,0.08951920264226004,-2213.271550418438,-0.06444558112449728,-1682.1618456276556,-0.06650615633033732,-1401.8015380230463,-0.06650615633033732,-60.657240000000115,-0.06245795032583527,5.0,0.4166666666666667,-5.0,-0.06097560975609756
S2_energy,7,combined_disruption,any_road + central_area,mild,link_failure,any_road,area_closure,central_area,19.290549203913802,19.290549203913802,0.0,1.8871700274134395,1.59901925861323,31.43479018809288,0.0,19.290549203913802,19.290549203913802,34343.26313456302,25293.325286644533,21077.771072203777,971.1692376000001,12,82,0,19.290549203913802,19.290549203913802,19.290549203913802,18.205526754113006,19.117908605376833,0.9123818512638285,0.7654364990522439,0.7211021648070679,18.317383089168704,48.94427265220084,38.66152769313107,39.12735088348313,30939.911654504358,22585.698612156535,18821.415510130446,882.3766248000001,21,78,0,23.97824589747082,38.66152769313107,53.34480948879133,t0_immediate,21,-1.085022449800796,-0.056246322400227936,-0.17264059853696878,-0.008949491106346638,-1.1217335283611956,-0.5943998219909452,-0.877917093806162,-0.5490347218003784,-13.117407098924176,-0.41728947514632664,48.94427265220084,,19.37097848921727,1.0041693621292622,19.83680167956933,1.0283171033588148,-3403.3514800586636,-0.09909808123717674,-2707.6266744879977,-0.10704905914121493,-2256.3555620733314,-0.10704905914121493,-88.79261280000003,-0.09142856812415989,9.0,0.75,-4.0,-0.04878048780487805
S2_energy,8,combined_disruption,peripheral_area + central_area,moderate,demand_surge,peripheral_area,area_closure,central_area,19.290549203913802,19.290549203913802,0.0,1.8871700274134395,1.59901925861323,31.43479018809288,0.0,19.290549203913802,19.290549203913802,34343.26313456302,25293.325286644533,21077.771072203777,971.1692376000001,12,82,0,19.290549203913802,19.290549203913802,19.290549203913802,19.3848510202767,20.502286310463017,1.1174352901863172,1.2866468281416912,1.2089267344335517,29.39826565629467,16.16651717079182,25.950906054026348,26.887690976152207,30872.554608281214,22647.36113322181,18872.800944351507,876.3507696000003,19,76,0,21.1009509027888,25.950906054026348,30.800861205263892,t0_immediate,19,0.09430181636289703,0.004888498267522856,1.211737106549215,0.0628150652291107,-0.6005231992717484,-0.31821361644601104,-0.3900925241796782,-0.2439573645398061,-2.036524531798211,-0.06478568871026287,16.16651717079182,,6.660356850112546,0.34526527885277863,7.597141772238405,0.3938271374200712,-3470.7085262818073,-0.10105936971344141,-2645.964153422723,-0.10461116217169966,-2204.97012785227,-0.10461116217169969,-94.81846799999983,-0.09763331078558436,7.0,0.5833333333333334,-6.0,-0.07317073170731707
S2_energy,9,combined_disruption,central + central_area,mild,node_removal,central,demand_surge,central_area,19.290549203913802,19.290549203913802,0.0,1.8871700274134395,1.59901925861323,31.43479018809288,0.0,19.290549203913802,19.290549203913802,34343.26313456302,25293.325286644533,21077.771072203777,971.1692376000001,12,82,0,19.290549203913802,19.290549203913802,19.290549203913802,19.1230266113197,19.353356450452353,0.2303298391326558,1.4714309346803254,1.2814299781142504,35.12439879706709,11.839703899762107,23.962739223723997,24.165798691910545,33254.031532962006,24394.010832243,20328.3423602025,943.9643136000001,14,80,0,20.410828053795367,23.962739223723997,27.51465039365263,t0_immediate,14,-0.16752259259410351,-0.00868417953388882,0.06280724653855074,0.0032558558014412556,-0.41573909273311416,-0.22029763439117742,-0.3175892804989795,-0.19861504405795144,3.6896086089742077,0.11737341292552311,11.839703899762107,,4.672190019810195,0.24220098507419727,4.875249487996744,0.25272735558029724,-1089.2316016010154,-0.03171601945141939,-899.314454401534,-0.035555406187591836,-749.4287120012777,-0.03555540618759181,-27.204924000000005,-0.02801254708935192,2.0,0.16666666666666666,-2.0,-0.024390243902439025
S2_energy,10,demand_surge,peripheral_area,severe,,,,,19.290549203913802,19.290549203913802,0.0,1.8871700274134395,1.59901925861323,31.43479018809288,0.0,19.290549203913802,19.290549203913802,34343.26313456302,25293.325286644533,21077.771072203777,971.1692376000001,12,82,0,19.290549203913802,19.290549203913802,19.290549203913802,19.82048773363374,19.82048773363374,0.0,1.9242857802355466,1.6253638811651425,28.7049247181192,0.0,19.82048773363374,19.82048773363374,34343.26313456302,25293.325286644533,21077.771072203777,971.1692376000001,12,82,0,19.82048773363374,19.82048773363374,19.82048773363374,t0_immediate,12,0.5299385297199386,0.02747140706664904,0.5299385297199386,0.02747140706664904,0.037115752822107106,0.01966741326057306,0.02634462255191261,0.016475487965517267,-2.729865469973678,-0.0868421724350404,0.0,,0.5299385297199386,0.02747140706664904,0.5299385297199386,0.02747140706664904,0.0,0.0,0.0,0.0,0.0,0.0,0.0,0.0,0.0,0.0,0.0,0.0
S2_energy,11,combined_disruption,central_area + central_area,moderate,demand_surge,central_area,area_closure,central_area,19.290549203913802,19.290549203913802,0.0,1.8871700274134395,1.59901925861323,31.43479018809288,0.0,19.290549203913802,19.290549203913802,34343.26313456302,25293.325286644533,21077.771072203777,971.1692376000001,12,82,0,19.290549203913802,19.290549203913802,19.290549203913802,18.824200690651306,19.533214818300657,0.7090141276493491,1.3063793309130913,1.1399406235010365,26.575506711027288,23.454517645698974,28.481785805420095,29.024504089389428,31296.096372083357,23010.513714125034,19175.428095104195,886.430772,16,74,0,21.445430511710402,28.481785805420095,35.518141099129785,t0_immediate,16,-0.4663485132624956,-0.024174973368196254,0.24266561438685486,0.012579507810882915,-0.5807906965003482,-0.3077574824015097,-0.4590786351121934,-0.2871001288066632,-4.859283477065592,-0.15458297790408762,23.454517645698974,,9.191236601506294,0.47646318953125044,9.733954885475626,0.5045970844365972,-3047.1667624796646,-0.08872676863990246,-2282.8115725194984,-0.09025351734692141,-1902.3429770995826,-0.09025351734692144,-84.73846560000004,-0.08725406687037349,4.0,0.3333333333333333,-8.0,-0.0975609756097561
S2_energy,12,area_closure,peripheral_area,mild,,,,,19.290549203913802,19.290549203913802,0.0,1.8871700274134395,1.59901925861323,31.43479018809288,0.0,19.290549203913802,19.290549203913802,34343.26313456302,25293.325286644533,21077.771072203777,971.1692376000001,12,82,0,19.290549203913802,19.290549203913802,19.290549203913802,18.57507448176961,18.58467749896929,0.009603017199681057,1.774382899857093,1.502863795529861,30.717398681003974,5.0543603414496605,20.66883948863811,20.677957134744865,32710.334451035902,24742.17354695385,20618.477955794875,900.8640048000001,14,78,0,19.15253138620321,20.66883948863811,22.185147591073008,t0_immediate,14,-0.7154747221441902,-0.037089391005986995,-0.70587170494451,-0.03659158158137342,-0.11278712755634657,-0.05976521771646242,-0.09615546308336897,-0.06013402438114538,-0.7173915070889052,-0.022821577710438943,5.0543603414496605,,1.378290284724308,0.07144899142864583,1.3874079308310634,0.07192163977112566,-1632.9286835271196,-0.04754727811183853,-551.151739690682,-0.021790402544726018,-459.2931164089023,-0.02179040254472605,-70.3052328,-0.07239235972274169,2.0,0.16666666666666666,-4.0,-0.04878048780487805
S2_energy,13,combined_disruption,peripheral + peripheral_area,mild,node_removal,peripheral,area_closure,peripheral_area,19.290549203913802,19.290549203913802,0.0,1.8871700274134395,1.59901925861323,31.43479018809288,0.0,19.290549203913802,19.290549203913802,34343.26313456302,25293.325286644533,21077.771072203777,971.1692376000001,12,82,0,19.290549203913802,19.290549203913802,19.290549203913802,17.57627209605886,17.90915658468431,0.3328844886254476,1.0480894543883115,1.0173785059469742,34.83170718770669,24.07630907575154,27.790339947667583,28.04307813794633,30250.500057719004,22518.796449778503,18765.663708148753,846.5538384,18,78,0,20.56744722494212,27.790339947667583,35.013232670393045,t0_immediate,18,-1.7142771078549401,-0.08886616393001064,-1.3813926192294907,-0.0716098128999471,-0.8390805730251281,-0.44462372803534517,-0.5816407526662557,-0.36374843488169817,3.3969169996138113,0.10806234046061877,24.07630907575154,,8.499790743753781,0.4406194273633891,8.75252893403253,0.45372108598425775,-4092.7630768440176,-0.11917222486424318,-2774.5288368660295,-0.10969411121008457,-2312.107364055024,-0.10969411121008453,-124.61539920000007,-0.12831481308855663,6.0,0.5,-4.0,-0.04878048780487805
S2_energy,14,demand_surge,central_area,mild,,,,,19.290549203913802,19.290549203913802,0.0,1.8871700274134395,1.59901925861323,31.43479018809288,0.0,19.290549203913802,19.290549203913802,34343.26313456302,25293.325286644533,21077.771072203777,971.1692376000001,12,82,0,19.290549203913802,19.290549203913802,19.290549203913802,19.060798121065375,19.060798121065375,0.0,1.871078756589784,1.5875977347588799,32.618303959187145,0.0,19.060798121065375,19.060798121065375,34343.26313456302,25293.325286644533,21077.771072203777,971.1692376000001,12,82,0,19.060798121065375,19.060798121065375,19.060798121065375,t0_immediate,12,-0.22975108284842705,-0.011910033271723209,-0.22975108284842705,-0.011910033271723209,-0.01609127082365558,-0.00852666722654043,-0.011421523854350024,-0.007142830702524176,1.1835137710942654,0.03764980660003152,0.0,,-0.22975108284842705,-0.011910033271723209,-0.22975108284842705,-0.011910033271723209,0.0,0.0,0.0,0.0,0.0,0.0,0.0,0.0,0.0,0.0,0.0,0.0
S2_energy,15,link_failure,any_road,mild,,,,,19.290549203913802,19.290549203913802,0.0,1.8871700274134395,1.59901925861323,31.43479018809288,0.0,19.290549203913802,19.290549203913802,34343.26313456302,25293.325286644533,21077.771072203777,971.1692376000001,12,82,0,19.290549203913802,19.290549203913802,19.290549203913802,20.001574735003555,20.001574735003555,0.0,1.7023640101004698,1.4837062803632959,28.52175023440768,5.010864894374861,22.00584178491003,22.00584178491003,34133.65045309902,25099.135212448517,20915.946010373766,966.7163136000001,13,82,0,20.502582316597568,22.00584178491003,23.509101253222486,t0_immediate,13,0.7110255310897529,0.036858750032139835,0.7110255310897529,0.036858750032139835,-0.18480601731296975,-0.09792759244182432,-0.11531297824993403,-0.07211481514609192,-2.9130399536851996,-0.09266929845100809,5.010864894374861,,2.715292580996227,0.14075766077439253,2.715292580996227,0.14075766077439253,-209.61268146400107,-0.006103458504880601,-194.1900741960162,-0.007677522508222875,-161.8250618300117,-0.007677522508222789,-4.452923999999939,-0.004585116401549351,1.0,0.08333333333333333,0.0,0.0
S2_energy,16,area_closure,central_area,mild,,,,,19.290549203913802,19.290549203913802,0.0,1.8871700274134395,1.59901925861323,31.43479018809288,0.0,19.290549203913802,19.290549203913802,34343.26313456302,25293.325286644533,21077.771072203777,971.1692376000001,12,82,0,19.290549203913802,19.290549203913802,19.290549203913802,17.716703635679202,17.974260266987923,0.257556631308721,1.1562467456429943,0.9766454866446748,19.973781723836517,37.54369021587962,33.59141343576209,33.75227380328181,31851.055216005145,23534.304590407715,19611.92049200643,897.8621568000002,18,79,0,22.328306370998206,33.59141343576209,44.85452050052598,t0_immediate,18,-1.5738455682345993,-0.0815863535868272,-1.3162889369258792,-0.06823491249584648,-0.7309232817704452,-0.3873118326133288,-0.6223737719685551,-0.3892221864221428,-11.461008464256363,-0.36459630860197867,37.54369021587962,,14.30086423184829,0.7413404398536684,14.461724599368008,0.7496792572620956,-2492.207918557877,-0.07256759233369765,-1759.0206962368175,-0.06954485724206542,-1465.8505801973479,-0.06954485724206542,-73.30708079999988,-0.07548332253723342,6.0,0.5,-3.0,-0.036585365853658534
S2_energy,17,area_closure,peripheral_area,severe,,,,,19.290549203913802,19.290549203913802,0.0,1.8871700274134395,1.59901925861323,31.43479018809288,0.0,19.290549203913802,19.290549203913802,34343.26313456302,25293.325286644533,21077.771072203777,971.1692376000001,12,82,0,19.290549203913802,19.290549203913802,19.290549203913802,18.599381023828023,19.009652274472376,0.41027125064435455,1.2621998519045927,1.1374980776433656,32.71738576795685,24.673920451325355,28.814536816365006,29.123578064990713,29204.22547553193,21359.717810897895,17799.764842414912,831.3563112,21,73,0,21.4123606809674,28.814536816365006,36.21671295176262,t0_immediate,21,-0.6911681800857785,-0.035829367675314784,-0.2808969294414254,-0.014561375442044703,-0.6249701755088468,-0.3311679215070158,-0.4615211809698643,-0.28862765628609405,1.282595579863969,0.04080178592538533,24.673920451325355,,9.523987612451204,0.4937126212310695,9.833028861076912,0.5097329659791084,-5139.037659031092,-0.14963743075011326,-3933.6074757466376,-0.15551958594482135,-3278.0062297888653,-0.15551958594482138,-139.81292640000004,-0.1439635039774452,9.0,0.75,-9.0,-0.10975609756097561
S2_energy,18,link_failure,any_road,moderate,,,,,19.290549203913802,19.290549203913802,0.0,1.8871700274134395,1.59901925861323,31.43479018809288,0.0,19.290549203913802,19.290549203913802,34343.26313456302,25293.325286644533,21077.771072203777,971.1692376000001,12,82,0,19.290549203913802,19.290549203913802,19.290549203913802,19.579845192222095,19.579845192222095,0.0,1.5671312365207688,1.4152373468510755,31.70653809097815,6.586959687619041,22.242304495083637,22.242304495083637,33346.48193025175,24373.577480177624,20311.314566814686,949.8572376,14,82,0,20.266216588797924,22.242304495083637,24.21839240136935,t0_immediate,14,0.28929598830829306,0.014996773044159814,0.28929598830829306,0.014996773044159814,-0.32003879089267073,-0.16958662242602315,-0.18378191176215442,-0.11493414527198481,0.27174790288527007,0.008644813636714042,6.586959687619041,,2.9517552911698353,0.15301561712773645,2.9517552911698353,0.15301561712773645,-996.7812043112717,-0.02902406799277359,-919.7478064669085,-0.036363261692307296,-766.456505389091,-0.03636326169230732,-21.312000000000126,-0.021944681910093612,2.0,0.16666666666666666,0.0,0.0
S2_energy,19,node_removal,central,mild,,,,,19.290549203913802,19.290549203913802,0.0,1.8871700274134395,1.59901925861323,31.43479018809288,0.0,19.290549203913802,19.290549203913802,34343.26313456302,25293.325286644533,21077.771072203777,971.1692376000001,12,82,0,19.290549203913802,19.290549203913802,19.290549203913802,19.46159919638205,19.527652960102124,0.06605376372007292,1.473281987409324,1.2922652731754296,38.293483430767054,9.78258732986164,23.427303657125307,23.486895653724805,32923.1433862122,24159.0719625183,20132.55996876525,934.2830784,16,81,0,20.492527458166816,23.427303657125307,26.362079856083803,t0_immediate,16,0.17104999246824804,0.008867035907590656,0.23710375618832202,0.012291187445312171,-0.4138880400041156,-0.21931677272947775,-0.3067539854378003,-0.19183883107439034,6.858693242674175,0.21818797585842215,9.78258732986164,,4.1367544532115055,0.21444461790503153,4.196346449811003,0.21753379882826865,-1420.1197483508222,-0.04135075175549103,-1134.2533241262317,-0.04484397805634295,-945.2111034385271,-0.04484397805634298,-36.886159200000066,-0.037981185741791934,4.0,0.3333333333333333,-1.0,-0.012195121951219513
S2_energy,20,link_failure,any_road,mild,,,,,19.290549203913802,19.290549203913802,0.0,1.8871700274134395,1.59901925861323,31.43479018809288,0.0,19.290549203913802,19.290549203913802,34343.26313456302,25293.325286644533,21077.771072203777,971.1692376000001,12,82,0,19.290549203913802,19.290549203913802,19.290549203913802,19.579845192222095,19.579845192222095,0.0,1.5671312365207688,1.4152373468510755,31.70653809097815,6.586959687619041,22.242304495083637,22.242304495083637,33346.48193025175,24373.577480177624,20311.314566814686,949.8572376,14,82,0,20.266216588797924,22.242304495083637,24.21839240136935,t0_immediate,14,0.28929598830829306,0.014996773044159814,0.28929598830829306,0.014996773044159814,-0.32003879089267073,-0.16958662242602315,-0.18378191176215442,-0.11493414527198481,0.27174790288527007,0.008644813636714042,6.586959687619041,,2.9517552911698353,0.15301561712773645,2.9517552911698353,0.15301561712773645,-996.7812043112717,-0.02902406799277359,-919.7478064669085,-0.036363261692307296,-766.456505389091,-0.03636326169230732,-21.312000000000126,-0.021944681910093612,2.0,0.16666666666666666,0.0,0.0
S2_energy,21,link_failure,any_road,moderate,,,,,19.290549203913802,19.290549203913802,0.0,1.8871700274134395,1.59901925861323,31.43479018809288,0.0,19.290549203913802,19.290549203913802,34343.26313456302,25293.325286644533,21077.771072203777,971.1692376000001,12,82,0,19.290549203913802,19.290549203913802,19.290549203913802,19.00636473626127,19.00636473626127,0.0,1.5219867177140787,1.40282386912191,36.77173821809993,5.043470338372051,21.07386657140836,21.07386657140836,33659.14377416722,24945.153894850828,20787.628245709024,946.0578432000001,15,82,0,19.56082546989674,21.07386657140836,22.586907672919974,t0_immediate,15,-0.28418446765253336,-0.014731797661565594,-0.28418446765253336,-0.014731797661565594,-0.36518330969936086,-0.193508430292252,-0.19619538949131998,-0.1226973273989664,5.336948030007047,0.16977838878748486,5.043470338372051,,1.7833173674945577,0.09244513199928729,1.7833173674945577,0.09244513199928729,-684.1193603958018,-0.019920045387513127,-348.17139179370497,-0.013765346701074042,-290.14282649475354,-0.013765346701074013,-25.111394399999995,-0.025856867606367427,3.0,0.25,0.0,0.0
S2_energy,22,demand_surge,central_area,mild,,,,,19.290549203913802,19.290549203913802,0.0,1.8871700274134395,1.59901925861323,31.43479018809288,0.0,19.290549203913802,19.290549203913802,34343.26313456302,25293.325286644533,21077.771072203777,971.1692376000001,12,82,0,19.290549203913802,19.290549203913802,19.290549203913802,19.060798121065375,19.060798121065375,0.0,1.871078756589784,1.5875977347588799,32.618303959187145,0.0,19.060798121065375,19.060798121065375,34343.26313456302,25293.325286644533,21077.771072203777,971.1692376000001,12,82,0,19.060798121065375,19.060798121065375,19.060798121065375,t0_immediate,12,-0.22975108284842705,-0.011910033271723209,-0.22975108284842705,-0.011910033271723209,-0.01609127082365558,-0.00852666722654043,-0.011421523854350024,-0.007142830702524176,1.1835137710942654,0.03764980660003152,0.0,,-0.22975108284842705,-0.011910033271723209,-0.22975108284842705,-0.011910033271723209,0.0,0.0,0.0,0.0,0.0,0.0,0.0,0.0,0.0,0.0,0.0,0.0
S2_energy,23,combined_disruption,central + peripheral_area,severe,node_removal,central,area_closure,peripheral_area,19.290549203913802,19.290549203913802,0.0,1.8871700274134395,1.59901925861323,31.43479018809288,0.0,19.290549203913802,19.290549203913802,34343.26313456302,25293.325286644533,21077.771072203777,971.1692376000001,12,82,0,19.290549203913802,19.290549203913802,19.290549203913802,15.468303053758781,16.827892717621946,1.3595896638631655,0.5233227603336168,0.500678763553981,32.09969501482538,57.67934680743314,41.153894974616364,41.72928220110188,25465.062389261067,18842.53122069159,15702.109350576327,716.8541616000002,29,70,0,23.850090932386426,41.153894974616364,58.457699016846306,t0_immediate,29,-3.8222461501550207,-0.19814086731027525,-2.4626564862918556,-0.12766129467128984,-1.3638472670798227,-0.7226944298967675,-1.098340495059249,-0.6868838440456302,0.6649048267324993,0.021151877354802808,57.67934680743314,,21.863345770702562,1.133370830430622,22.43873299718808,1.1631982459387704,-8878.200745301954,-0.25851360456097555,-6450.794065952941,-0.25503938263740716,-5375.66172162745,-0.2550393826374071,-254.31507599999986,-0.26186483895276114,17.0,1.4166666666666667,-12.0,-0.14634146341463414
S2_energy,24,combined_disruption,central + any_road,moderate,node_removal,central,link_failure,any_road,19.290549203913802,19.290549203913802,0.0,1.8871700274134395,1.59901925861323,31.43479018809288,0.0,19.290549203913802,19.290549203913802,34343.26313456302,25293.325286644533,21077.771072203777,971.1692376000001,12,82,0,19.290549203913802,19.290549203913802,19.290549203913802,19.23862024534855,19.342006377328513,0.10338613197996302,1.440464522026504,1.2596791549136521,38.71738289839082,11.576080445414043,23.957190356407715,24.048608426580277,32760.996524065456,24203.26461729818,20169.387181081816,923.6381544000002,16,78,0,20.4843662227835,23.957190356407715,27.430014490031926,t0_immediate,16,-0.05192895856525226,-0.002691937798987939,0.05145717341471112,0.002667480996563391,-0.44670550538693554,-0.23670654943539526,-0.3393401036995778,-0.21221764645528715,7.282592710297937,0.23167301791174338,11.576080445414043,,4.666641152493913,0.24191333814109928,4.758059222666475,0.246652346305471,-1582.2666104975651,-0.046072110396090285,-1090.0606693463524,-0.04309677185553494,-908.3838911219609,-0.04309677185553497,-47.5310831999999,-0.048942121887489955,4.0,0.3333333333333333,-4.0,-0.04878048780487805
S2_energy,25,link_failure,any_road,moderate,,,,,19.290549203913802,19.290549203913802,0.0,1.8871700274134395,1.59901925861323,31.43479018809288,0.0,19.290549203913802,19.290549203913802,34343.26313456302,25293.325286644533,21077.771072203777,971.1692376000001,12,82,0,19.290549203913802,19.290549203913802,19.290549203913802,19.715965193224434,19.715965193224434,0.0,1.4582306138771186,1.2789261072870954,38.08695358979123,10.51086166611308,23.95016436529346,23.95016436529346,33423.38723546169,24785.91882759254,20654.932356327117,938.8578528,17,82,0,20.796905865459536,23.95016436529346,27.103422865127385,t0_immediate,17,0.4254159893106326,0.022053078158309834,0.4254159893106326,0.022053078158309834,-0.4289394135363209,-0.227292404661718,-0.3200931513261345,-0.20018092315144434,6.652163401698349,0.21161787185136385,10.51086166611308,,4.659615161379659,0.24154911880032337,4.659615161379659,0.24154911880032337,-919.875899101331,-0.026784755295298918,-507.406459051992,-0.020060883782644208,-422.83871587666,-0.020060883782644208,-32.31138480000004,-0.03327060160992072,5.0,0.4166666666666667,0.0,0.0
S2_energy,26,link_failure,any_road,mild,,,,,19.290549203913802,19.290549203913802,0.0,1.8871700274134395,1.59901925861323,31.43479018809288,0.0,19.290549203913802,19.290549203913802,34343.26313456302,25293.325286644533,21077.771072203777,971.1692376000001,12,82,0,19.290549203913802,19.290549203913802,19.290549203913802,19.290549203913802,19.290549203913802,0.0,1.8871700274134395,1.59901925861323,31.43479018809288,0.0,19.290549203913802,19.290549203913802,34343.26313456302,25293.325286644533,21077.771072203777,971.1692376000001,12,82,0,19.290549203913802,19.290549203913802,19.290549203913802,t0_immediate,12,0.0,0.0,0.0,0.0,0.0,0.0,0.0,0.0,0.0,0.0,0.0,,0.0,0.0,0.0,0.0,0.0,0.0,0.0,0.0,0.0,0.0,0.0,0.0,0.0,0.0,0.0,0.0
S2_energy,27,link_failure,any_road,moderate,,,,,19.290549203913802,19.290549203913802,0.0,1.8871700274134395,1.59901925861323,31.43479018809288,0.0,19.290549203913802,19.290549203913802,34343.26313456302,25293.325286644533,21077.771072203777,971.1692376000001,12,82,0,19.290549203913802,19.290549203913802,19.290549203913802,19.342093988804567,19.342093988804567,0.0,1.8777561439550177,1.5928488072964253,31.500008250002328,0.13043612381890457,19.395126585431505,19.395126585431505,34215.57426712605,25251.92859588908,21043.273829907568,965.6086224000001,13,82,0,19.35599574828583,19.395126585431505,19.434257422577176,t0_immediate,13,0.05154478489076553,0.002672022675243884,0.05154478489076553,0.002672022675243884,-0.009413883458421868,-0.0049883599896531645,-0.006170451316804604,-0.003858897435766976,0.06521806190944801,0.0020747096296558653,0.13043612381890457,,0.10457738151770357,0.005421171808653648,0.10457738151770357,0.005421171808653648,-127.6888674369693,-0.003718017910431562,-41.396690755453164,-0.0016366646254026387,-34.49724229620915,-0.0016366646254025524,-5.560615200000029,-0.0057256912438265525,1.0,0.08333333333333333,0.0,0.0
S2_energy,28,node_removal,peripheral,moderate,,,,,19.290549203913802,19.290549203913802,0.0,1.8871700274134395,1.59901925861323,31.43479018809288,0.0,19.290549203913802,19.290549203913802,34343.26313456302,25293.325286644533,21077.771072203777,971.1692376000001,12,82,0,19.290549203913802,19.290549203913802,19.290549203913802,18.20873773762619,18.27375727058043,0.06501953295423732,1.4908735567034275,1.281967543984548,30.380432716209246,18.36959149575412,25.885621896143512,25.938697606501606,31802.719131514157,23328.411996471234,19440.343330392694,902.8024704000001,16,80,0,20.374744447417275,25.885621896143512,31.396499344869746,t0_immediate,16,-1.0818114662876113,-0.05607986868865951,-1.0167919333333728,-0.05270933049055332,-0.39629647071001206,-0.20999510640447014,-0.317051714628682,-0.1982788593200867,-1.054357471883634,-0.033541100976809186,18.36959149575412,,6.59507269222971,0.341881022801137,6.648148402587804,0.3446324069010426,-2540.5440030488644,-0.0739750323984812,-1964.9132901732992,-0.07768505200108344,-1637.4277418110833,-0.07768505200108347,-68.36676720000003,-0.07039634757063687,4.0,0.3333333333333333,-2.0,-0.024390243902439025
S2_energy,29,demand_surge,peripheral_area,mild,,,,,19.290549203913802,19.290549203913802,0.0,1.8871700274134395,1.59901925861323,31.43479018809288,0.0,19.290549203913802,19.290549203913802,34343.26313456302,25293.325286644533,21077.771072203777,971.1692376000001,12,82,0,19.290549203913802,19.290549203913802,19.290549203913802,19.49027816077978,19.49027816077978,0.0,1.9011586132186167,1.608948304504843,30.405929004909016,0.0,19.49027816077978,19.49027816077978,34343.26313456302,25293.325286644533,21077.771072203777,971.1692376000001,12,82,0,19.49027816077978,19.49027816077978,19.49027816077978,t0_immediate,12,0.1997289568659788,0.010353720609751038,0.1997289568659788,0.010353720609751038,0.013988585805177145,0.007412467134373653,0.00992904589161303,0.006209459853675636,-1.0288611831838637,-0.03273001591636466,0.0,,0.1997289568659788,0.010353720609751038,0.1997289568659788,0.010353720609751038,0.0,0.0,0.0,0.0,0.0,0.0,0.0,0.0,0.0,0.0,0.0,0.0
S2_energy,30,combined_disruption,central + peripheral_area,moderate,node_removal,central,area_closure,peripheral_area,19.290549203913802,19.290549203913802,0.0,1.8871700274134395,1.59901925861323,31.43479018809288,0.0,19.290549203913802,19.290549203913802,34343.26313456302,25293.325286644533,21077.771072203777,971.1692376000001,12,82,0,19.290549203913802,19.290549203913802,19.290549203913802,19.448631491253202,19.863033604041604,0.4144021127883999,1.187398452105957,1.126613996018298,36.755578546379965,15.688610121549978,25.810577595543485,26.159965776521048,30155.730102326903,22085.639491090362,18404.699575908635,857.3316911999998,20,73,0,21.10399455907849,25.810577595543485,30.517160632008476,t0_immediate,20,0.15808228733940055,0.00819480491034064,0.5724844001278022,0.029676936310950263,-0.6997715753074825,-0.3708047314987253,-0.472405262594932,-0.2954343795737842,5.320788358287086,0.1692643191333447,15.688610121549978,,6.520028391629683,0.3379908121178247,6.869416572607246,0.3561026956771936,-4187.533032236119,-0.1219317167337483,-3207.685795554171,-0.12681945767122618,-2673.0714962951424,-0.12681945767122618,-113.83754640000029,-0.1172170019319404,8.0,0.6666666666666666,-9.0,-0.10975609756097561
S2_energy,31,combined_disruption,central_area + peripheral_area,mild,demand_surge,central_area,area_closure,peripheral_area,19.290549203913802,19.290549203913802,0.0,1.8871700274134395,1.59901925861323,31.43479018809288,0.0,19.290549203913802,19.290549203913802,34343.26313456302,25293.325286644533,21077.771072203777,971.1692376000001,12,82,0,19.290549203913802,19.290549203913802,19.290549203913802,18.002418944524035,19.14103738423975,1.1386184397157137,1.295989238030123,1.2168015489614605,28.335487874989337,19.703531337573946,26.27742548881276,27.191695887443693,29536.901511486278,21145.732604829416,17621.44383735785,857.7636911999999,21,79,0,20.366366087540577,26.27742548881276,32.18848489008494,t0_immediate,21,-1.2881302593897672,-0.06677519886932107,-0.14951181967405347,-0.0077505216722248355,-0.5911807893833165,-0.31326312986943233,-0.3822177096517694,-0.23903258675148956,-3.099302313103543,-0.0985946556206862,19.703531337573946,,6.986876284898958,0.36219167277422104,7.901146683529891,0.40958640420288556,-4806.361623076744,-0.13995063905967708,-4147.5926818151165,-0.1639797312062065,-3456.3272348459286,-0.1639797312062064,-113.40554640000016,-0.11677217729862756,9.0,0.75,-3.0,-0.036585365853658534
S2_energy,32,demand_surge,central_area,severe,,,,,19.290549203913802,19.290549203913802,0.0,1.8871700274134395,1.59901925861323,31.43479018809288,0.0,19.290549203913802,19.290549203913802,34343.26313456302,25293.325286644533,21077.771072203777,971.1692376000001,12,82,0,19.290549203913802,19.290549203913802,19.290549203913802,18.4793630446313,18.4793630446313,0.0,1.8303562965896873,1.5586930849399778,35.613442921865996,0.0,18.4793630446313,18.4793630446313,34343.26313456302,25293.325286644533,21077.771072203777,971.1692376000001,12,82,0,18.4793630446313,18.4793630446313,18.4793630446313,t0_immediate,12,-0.8111861592825029,-0.042050962401730056,-0.8111861592825029,-0.042050962401730056,-0.056813730823752184,-0.030105252838092834,-0.040326173673252086,-0.025219317063276323,4.1786527337731165,0.13293082946537177,0.0,,-0.8111861592825029,-0.042050962401730056,-0.8111861592825029,-0.042050962401730056,0.0,0.0,0.0,0.0,0.0,0.0,0.0,0.0,0.0,0.0,0.0,0.0
S2_energy,33,link_failure,any_road,moderate,,,,,19.290549203913802,19.290549203913802,0.0,1.8871700274134395,1.59901925861323,31.43479018809288,0.0,19.290549203913802,19.290549203913802,34343.26313456302,25293.325286644533,21077.771072203777,971.1692376000001,12,82,0,19.290549203913802,19.290549203913802,19.290549203913802,19.58305429369609,19.58305429369609,0.0,1.5991274974176457,1.4527047968910014,31.11957553379308,5.054353167534591,21.6258694692234,21.6258694692234,33639.808857449876,24652.66454617481,20543.887121812342,955.81662,19,82,0,20.10956351896302,21.6258694692234,23.142175419483777,t0_immediate,19,0.2925050897822885,0.015163129192969945,0.2925050897822885,0.015163129192969945,-0.28804252999579383,-0.15263199701755847,-0.1463144617222285,-0.09150262633429544,-0.3152146542998011,-0.01002757303018999,5.054353167534591,,2.3353202653095977,0.12106033066366984,2.3353202653095977,0.12106033066366984,-703.4542771131455,-0.020483035475018386,-640.6607404697243,-0.02532924133973037,-533.8839503914351,-0.025329241339730284,-15.352617600000144,-0.015808385403495964,7.0,0.5833333333333334,0.0,0.0
S2_energy,34,link_failure,any_road,moderate,,,,,19.290549203913802,19.290549203913802,0.0,1.8871700274134395,1.59901925861323,31.43479018809288,0.0,19.290549203913802,19.290549203913802,34343.26313456302,25293.325286644533,21077.771072203777,971.1692376000001,12,82,0,19.290549203913802,19.290549203913802,19.290549203913802,19.290549203913802,19.290549203913802,0.0,1.8871700274134395,1.59901925861323,31.43479018809288,0.0,19.290549203913802,19.290549203913802,34343.26313456302,25293.325286644533,21077.771072203777,971.1692376000001,12,82,0,19.290549203913802,19.290549203913802,19.290549203913802,t0_immediate,12,0.0,0.0,0.0,0.0,0.0,0.0,0.0,0.0,0.0,0.0,0.0,,0.0,0.0,0.0,0.0,0.0,0.0,0.0,0.0,0.0,0.0,0.0,0.0,0.0,0.0,0.0,0.0
S2_energy,35,demand_surge,peripheral_area,mild,,,,,19.290549203913802,19.290549203913802,0.0,1.8871700274134395,1.59901925861323,31.43479018809288,0.0,19.290549203913802,19.290549203913802,34343.26313456302,25293.325286644533,21077.771072203777,971.1692376000001,12,82,0,19.290549203913802,19.290549203913802,19.290549203913802,19.49027816077978,19.49027816077978,0.0,1.9011586132186167,1.608948304504843,30.405929004909016,0.0,19.49027816077978,19.49027816077978,34343.26313456302,25293.325286644533,21077.771072203777,971.1692376000001,12,82,0,19.49027816077978,19.49027816077978,19.49027816077978,t0_immediate,12,0.1997289568659788,0.010353720609751038,0.1997289568659788,0.010353720609751038,0.013988585805177145,0.007412467134373653,0.00992904589161303,0.006209459853675636,-1.0288611831838637,-0.03273001591636466,0.0,,0.1997289568659788,0.010353720609751038,0.1997289568659788,0.010353720609751038,0.0,0.0,0.0,0.0,0.0,0.0,0.0,0.0,0.0,0.0,0.0,0.0
S2_energy,36,node_removal,central,mild,,,,,19.290549203913802,19.290549203913802,0.0,1.8871700274134395,1.59901925861323,31.43479018809288,0.0,19.290549203913802,19.290549203913802,34343.26313456302,25293.325286644533,21077.771072203777,971.1692376000001,12,82,0,19.290549203913802,19.290549203913802,19.290549203913802,19.327309317340205,19.529415092254556,0.20210577491435147,1.4979703286744273,1.3014647641100656,34.086957894140276,11.173903592624931,23.872036562747155,24.051559233217446,33254.031532962006,24394.010832243,20328.3423602025,943.9643136000001,14,80,0,20.519865484959674,23.872036562747155,27.224207640534633,t0_immediate,14,0.03676011342640351,0.00190560222199093,0.2388658883407544,0.012382534360001094,-0.3891996987390123,-0.20623456979785254,-0.2975544945031643,-0.1860856227342892,2.652167706047397,0.08437045993238429,11.173903592624931,,4.581487358833353,0.2374990629040167,4.761010029303645,0.24680531274546075,-1089.2316016010154,-0.03171601945141939,-899.314454401534,-0.035555406187591836,-749.4287120012777,-0.03555540618759181,-27.204924000000005,-0.02801254708935192,2.0,0.16666666666666666,-2.0,-0.024390243902439025
S2_energy,37,link_failure,any_road,mild,,,,,19.290549203913802,19.290549203913802,0.0,1.8871700274134395,1.59901925861323,31.43479018809288,0.0,19.290549203913802,19.290549203913802,34343.26313456302,25293.325286644533,21077.771072203777,971.1692376000001,12,82,0,19.290549203913802,19.290549203913802,19.290549203913802,19.290549203913802,19.290549203913802,0.0,1.8871700274134395,1.59901925861323,31.43479018809288,0.0,19.290549203913802,19.290549203913802,34343.26313456302,25293.325286644533,21077.771072203777,971.1692376000001,12,82,0,19.290549203913802,19.290549203913802,19.290549203913802,t0_immediate,12,0.0,0.0,0.0,0.0,0.0,0.0,0.0,0.0,0.0,0.0,0.0,,0.0,0.0,0.0,0.0,0.0,0.0,0.0,0.0,0.0,0.0,0.0,0.0,0.0,0.0,0.0,0.0
S2_energy,38,link_failure,any_road,moderate,,,,,19.290549203913802,19.290549203913802,0.0,1.8871700274134395,1.59901925861323,31.43479018809288,0.0,19.290549203913802,19.290549203913802,34343.26313456302,25293.325286644533,21077.771072203777,971.1692376000001,12,82,0,19.290549203913802,19.290549203913802,19.290549203913802,19.269470460015825,19.269470460015825,0.0,1.7694632070316445,1.5148430182385175,32.79348665902883,3.7173793114332843,20.78357873857242,20.78357873857242,34217.67772643897,25168.052395258448,20973.376996048708,968.8320072,13,82,0,19.668364945142432,20.78357873857242,21.898792532002403,t0_immediate,13,-0.021078743897977148,-0.0010926979670283594,-0.021078743897977148,-0.0010926979670283594,-0.11770682038179503,-0.06237213323227919,-0.08417624037471239,-0.052642418108031615,1.35869647093595,0.043222698888908374,3.7173793114332843,,1.4930295346586178,0.07739694286960484,1.4930295346586178,0.07739694286960484,-125.58540812405408,-0.003656769819221548,-125.27289138608467,-0.004952804345272533,-104.39407615506934,-0.0049528043452724746,-2.3372304000000668,-0.0024066149436280976,1.0,0.08333333333333333,0.0,0.0
S2_energy,39,link_failure,any_road,mild,,,,,19.290549203913802,19.290549203913802,0.0,1.8871700274134395,1.59901925861323,31.43479018809288,0.0,19.290549203913802,19.290549203913802,34343.26313456302,25293.325286644533,21077.771072203777,971.1692376000001,12,82,0,19.290549203913802,19.290549203913802,19.290549203913802,18.558324742326256,18.558324742326256,0.0,1.7799923844142718,1.5052298479454225,30.2717407289702,5.304364107755074,20.756542090346716,20.756542090346716,33937.80400533829,25227.063917607422,21022.553264672853,951.0978552000001,14,82,0,19.165232858020197,20.756542090346716,22.34785132267324,t0_immediate,14,-0.7322244615875455,-0.03795767833499456,-0.7322244615875455,-0.03795767833499456,-0.10717764299916777,-0.05679278572798538,-0.09378941066780744,-0.058654334625805264,-1.1630494591226785,-0.036998798215717936,5.304364107755074,,1.4659928864329146,0.07599539395879323,1.4659928864329146,0.07599539395879323,-405.4591292247351,-0.011806074677181198,-66.26136903711085,-0.002619717585022259,-55.21780753092389,-0.0026197175850221728,-20.071382399999948,-0.020667234528146,2.0,0.16666666666666666,0.0,0.0
S2_energy,40,link_failure,any_road,mild,,,,,19.290549203913802,19.290549203913802,0.0,1.8871700274134395,1.59901925861323,31.43479018809288,0.0,19.290549203913802,19.290549203913802,34343.26313456302,25293.325286644533,21077.771072203777,971.1692376000001,12,82,0,19.290549203913802,19.290549203913802,19.290549203913802,20.001574735003555,20.001574735003555,0.0,1.7023640101004698,1.4837062803632959,28.52175023440768,5.010864894374861,22.00584178491003,22.00584178491003,34133.65045309902,25099.135212448517,20915.946010373766,966.7163136000001,13,82,0,20.502582316597568,22.00584178491003,23.509101253222486,t0_immediate,13,0.7110255310897529,0.036858750032139835,0.7110255310897529,0.036858750032139835,-0.18480601731296975,-0.09792759244182432,-0.11531297824993403,-0.07211481514609192,-2.9130399536851996,-0.09266929845100809,5.010864894374861,,2.715292580996227,0.14075766077439253,2.715292580996227,0.14075766077439253,-209.61268146400107,-0.006103458504880601,-194.1900741960162,-0.007677522508222875,-161.8250618300117,-0.007677522508222789,-4.452923999999939,-0.004585116401549351,1.0,0.08333333333333333,0.0,0.0
S2_energy,41,link_failure,any_road,moderate,,,,,19.290549203913802,19.290549203913802,0.0,1.8871700274134395,1.59901925861323,31.43479018809288,0.0,19.290549203913802,19.290549203913802,34343.26313456302,25293.325286644533,21077.771072203777,971.1692376000001,12,82,0,19.290549203913802,19.290549203913802,19.290549203913802,20.078424624766598,20.078424624766598,0.0,1.4539195401318947,1.346424981680439,36.58695968761903,7.119565490311986,22.9206673283706,22.9206673283706,33531.822241752874,24621.680414629303,20518.067012191088,950.9649240000001,19,82,0,20.784797681277006,22.9206673283706,25.056536975464198,t0_immediate,19,0.7878754208527958,0.04084256039184961,0.7878754208527958,0.04084256039184961,-0.4332504872815448,-0.22957681660266677,-0.2525942769327909,-0.15796825183447544,5.152169499526149,0.16390023501660683,7.119565490311986,,3.6301181244568,0.1881811702758725,3.6301181244568,0.1881811702758725,-811.4408928101475,-0.023627367313081973,-671.6448720152293,-0.02655423375153735,-559.7040600126893,-0.026554233751537263,-20.204313599999978,-0.020804112010312275,7.0,0.5833333333333334,0.0,0.0
S2_energy,42,demand_surge,peripheral_area,mild,,,,,19.290549203913802,19.290549203913802,0.0,1.8871700274134395,1.59901925861323,31.43479018809288,0.0,19.290549203913802,19.290549203913802,34343.26313456302,25293.325286644533,21077.771072203777,971.1692376000001,12,82,0,19.290549203913802,19.290549203913802,19.290549203913802,19.49027816077978,19.49027816077978,0.0,1.9011586132186167,1.608948304504843,30.405929004909016,0.0,19.49027816077978,19.49027816077978,34343.26313456302,25293.325286644533,21077.771072203777,971.1692376000001,12,82,0,19.49027816077978,19.49027816077978,19.49027816077978,t0_immediate,12,0.1997289568659788,0.010353720609751038,0.1997289568659788,0.010353720609751038,0.013988585805177145,0.007412467134373653,0.00992904589161303,0.006209459853675636,-1.0288611831838637,-0.03273001591636466,0.0,,0.1997289568659788,0.010353720609751038,0.1997289568659788,0.010353720609751038,0.0,0.0,0.0,0.0,0.0,0.0,0.0,0.0,0.0,0.0,0.0,0.0
S2_energy,43,node_removal,central,mild,,,,,19.290549203913802,19.290549203913802,0.0,1.8871700274134395,1.59901925861323,31.43479018809288,0.0,19.290549203913802,19.290549203913802,34343.26313456302,25293.325286644533,21077.771072203777,971.1692376000001,12,82,0,19.290549203913802,19.290549203913802,19.290549203913802,19.109286706682177,19.126812056439917,0.017525349757740814,1.6579770310876307,1.4592474406448859,33.16303654607554,5.641308550804591,21.416058012183104,21.4325947028864,33280.487447946725,24431.002977520075,20359.169147933397,944.0640072000001,15,81,0,19.723665446941727,21.416058012183104,23.10845057742448,t0_immediate,15,-0.18126249723162502,-0.009396440470178485,-0.1637371474738849,-0.008487946389865601,-0.2291929963258088,-0.12144798454643822,-0.13977181796834404,-0.08741096595019308,1.728246357982659,0.05497877821488683,5.641308550804591,,2.125508808269302,0.1101839447804868,2.1420454989725997,0.11104118790656341,-1062.7756866162963,-0.03094568161598832,-862.3223091244581,-0.034092880210566244,-718.6019242703806,-0.03409288021056618,-27.105230399999982,-0.02790989392022314,3.0,0.25,-1.0,-0.012195121951219513
S2_energy,44,node_removal,peripheral,mild,,,,,19.290549203913802,19.290549203913802,0.0,1.8871700274134395,1.59901925861323,31.43479018809288,0.0,19.290549203913802,19.290549203913802,34343.26313456302,25293.325286644533,21077.771072203777,971.1692376000001,12,82,0,19.290549203913802,19.290549203913802,19.290549203913802,18.019228282226024,18.101752147336793,0.08252386511076965,1.7229528987612681,1.473430537576262,31.108699878545618,6.1847971826600725,20.615653868685865,20.69307380011224,32904.29003513418,24197.785091901267,20164.820909917722,931.8018504,14,81,0,18.76021471388784,20.615653868685865,22.471093023483885,t0_immediate,14,-1.2713209216877779,-0.06590382203477356,-1.188797056577009,-0.0616258792847545,-0.16421712865217142,-0.0870176646866567,-0.12558872103696794,-0.07854109346117968,-0.32609030954726137,-0.010373548148280006,6.1847971826600725,,1.3251046647720628,0.06869190974112942,1.4025245961984396,0.07270527040846954,-1438.9730994288402,-0.04189971971477164,-1095.5401947432656,-0.043313411041360245,-912.9501622860553,-0.04331341104136027,-39.36738720000005,-0.04053607309194289,2.0,0.16666666666666666,-1.0,-0.012195121951219513
S2_energy,45,link_failure,any_road,severe,,,,,19.290549203913802,19.290549203913802,0.0,1.8871700274134395,1.59901925861323,31.43479018809288,0.0,19.290549203913802,19.290549203913802,34343.26313456302,25293.325286644533,21077.771072203777,971.1692376000001,12,82,0,19.290549203913802,19.290549203913802,19.290549203913802,19.085323447823505,19.085323447823505,0.0,1.8187981834843316,1.5426036660732478,30.673917581759316,3.4456457563781484,20.495098264179422,20.495098264179422,33327.83692415425,24425.164477431375,20354.303731192813,946.9107743999999,12,79,0,19.461404537265977,20.495098264179422,21.528791991092866,t0_immediate,12,-0.20522575609029658,-0.01063866839253384,-0.20522575609029658,-0.01063866839253384,-0.06837184392910789,-0.036229827167623324,-0.05641559253998207,-0.03528137152576213,-0.7608726063335638,-0.024204793535468647,3.4456457563781484,,1.2045490602656201,0.062442445133767,1.2045490602656201,0.062442445133767,-1015.4262104087684,-0.029566969406201956,-868.1608092131573,-0.03432371186368154,-723.4673410109644,-0.03432371186368154,-24.258463200000165,-0.02497861573534685,0.0,0.0,-3.0,-0.036585365853658534
S2_energy,46,link_failure,any_road,moderate,,,,,19.290549203913802,19.290549203913802,0.0,1.8871700274134395,1.59901925861323,31.43479018809288,0.0,19.290549203913802,19.290549203913802,34343.26313456302,25293.325286644533,21077.771072203777,971.1692376000001,12,82,0,19.290549203913802,19.290549203913802,19.290549203913802,18.427854235031017,18.427854235031017,0.0,1.7083164866292277,1.4593706592884874,33.81522433908513,6.358700057893495,21.071302291855666,21.071302291855666,34027.89817799725,24906.41195579587,20755.343296496558,967.9790856000001,13,82,0,19.163692274487616,21.071302291855666,22.978912309223716,t0_immediate,13,-0.862694968882785,-0.044721120159075374,-0.862694968882785,-0.044721120159075374,-0.17885354078421178,-0.09477341107910077,-0.1396485993247425,-0.0873339070636676,2.3804341509922473,0.07572610272722377,6.358700057893495,,1.7807530879418643,0.09231220268112286,1.7807530879418643,0.09231220268112286,-315.3649565657688,-0.009182731277750537,-386.91333084866346,-0.01529705273876989,-322.42777570721955,-0.01529705273876989,-3.190152000000012,-0.0032848569296569444,1.0,0.08333333333333333,0.0,0.0
S2_energy,47,link_failure,any_road,moderate,,,,,19.290549203913802,19.290549203913802,0.0,1.8871700274134395,1.59901925861323,31.43479018809288,0.0,19.290549203913802,19.290549203913802,34343.26313456302,25293.325286644533,21077.771072203777,971.1692376000001,12,82,0,19.290549203913802,19.290549203913802,19.290549203913802,18.677108904259576,18.677108904259576,0.0,1.8229486936485646,1.5610443509553045,31.565226311911776,1.467388458174999,19.283476238782697,19.283476238782697,33903.37420737473,24958.88755826209,20799.07296521841,959.1175464,13,82,0,18.843259701330197,19.283476238782697,19.723692776235197,t0_immediate,13,-0.6134402996542256,-0.0318000432838774,-0.6134402996542256,-0.0318000432838774,-0.06422133376487493,-0.03403049689852105,-0.03797490765792544,-0.023748874476258446,0.13043612381889602,0.004149419259311731,1.467388458174999,,-0.00707296513110478,-0.0003666544200654364,-0.00707296513110478,-0.0003666544200654364,-439.8889271882945,-0.012808594380351434,-334.4377283824433,-0.013222370905854527,-278.6981069853682,-0.01322237090585447,-12.05169120000005,-0.012409465552865704,1.0,0.08333333333333333,0.0,0.0
S2_energy,48,link_failure,any_road,mild,,,,,19.290549203913802,19.290549203913802,0.0,1.8871700274134395,1.59901925861323,31.43479018809288,0.0,19.290549203913802,19.290549203913802,34343.26313456302,25293.325286644533,21077.771072203777,971.1692376000001,12,82,0,19.290549203913802,19.290549203913802,19.290549203913802,19.442531110693352,19.442531110693352,0.0,1.7970628635175765,1.5450497333890654,31.923914891541166,2.3478215330799985,20.394748098548718,20.394748098548718,34090.49894316563,25154.636895548443,20962.197412957037,962.2633896,14,82,0,19.690401638624717,20.394748098548718,21.099094558472714,t0_immediate,14,0.15198190677955026,0.007878568161694178,0.15198190677955026,0.007878568161694178,-0.09010716389586304,-0.047747241947968075,-0.05396952522416454,-0.03375164178508413,0.4891247034482866,0.01555997989875438,2.3478215330799985,,1.1041988946349157,0.05724040736024706,1.1041988946349157,0.05724040736024706,-252.764191397393,-0.007359935204963427,-138.68839109608962,-0.005483201181511722,-115.57365924674014,-0.005483201181511664,-8.905848000000105,-0.009170232803098937,2.0,0.16666666666666666,0.0,0.0
S2_energy,49,combined_disruption,peripheral_area + central,moderate,area_closure,peripheral_area,node_removal,central,19.290549203913802,19.290549203913802,0.0,1.8871700274134395,1.59901925861323,31.43479018809288,0.0,19.290549203913802,19.290549203913802,34343.26313456302,25293.325286644533,21077.771072203777,971.1692376000001,12,82,0,19.290549203913802,19.290549203913802,19.290549203913802,17.559826649847707,17.702738312777303,0.14291166292959487,0.9445592406988395,0.9274013823623076,40.70654454750172,27.391299045367134,29.18474144756013,29.288507749525973,29329.85722083768,21384.271389656515,17820.226158047095,837.4264608,22,75,0,20.96735173394999,29.18474144756013,37.40213116117027,t0_immediate,22,-1.7307225540660944,-0.08971867704600932,-1.587810891136499,-0.08231029994803636,-0.9426107867146001,-0.4994837630007006,-0.6716178762509223,-0.42001862868955786,9.271754359408842,0.2949520039399172,27.391299045367134,,9.894192243646327,0.5129036057531697,9.997958545612171,0.5182827321258285,-5013.4059137253425,-0.1459793116944632,-3909.053896988018,-0.1545488326539686,-3257.5449141566824,-0.15454883265396863,-133.74277680000012,-0.13771315196361827,10.0,0.8333333333333334,-7.0,-0.08536585365853659
S2_energy,50,link_failure,any_road,mild,,,,,19.290549203913802,19.290549203913802,0.0,1.8871700274134395,1.59901925861323,31.43479018809288,0.0,19.290549203913802,19.290549203913802,34343.26313456302,25293.325286644533,21077.771072203777,971.1692376000001,12,82,0,19.290549203913802,19.290549203913802,19.290549203913802,19.32889770035483,19.32889770035483,0.0,1.8565795538486505,1.568678531025219,31.271748620276778,1.7608589758949285,20.04505845579354,20.04505845579354,34217.211721431566,25224.776166947348,21020.646805789456,966.7052376000001,13,82,0,19.51680076302506,20.04505845579354,20.573316148562018,t0_immediate,13,0.03834849644102789,0.0019879421801659997,0.03834849644102789,0.0019879421801659997,-0.030590473564789056,-0.01620970719141637,-0.030340727588010985,-0.018974585468297844,-0.16304156781610146,-0.005186659966251649,1.7608589758949285,,0.7545092518797389,0.039112896367235556,0.7545092518797389,0.039112896367235556,-126.05141313145577,-0.0036703388561990713,-68.54911969718523,-0.002710166374738428,-57.12426641432103,-0.002710166374738428,-4.463999999999942,-0.004596521210897899,1.0,0.08333333333333333,0.0,0.0
S2_energy,51,link_failure,any_road,moderate,,,,,19.290549203913802,19.290549203913802,0.0,1.8871700274134395,1.59901925861323,31.43479018809288,0.0,19.290549203913802,19.290549203913802,34343.26313456302,25293.325286644533,21077.771072203777,971.1692376000001,12,82,0,19.290549203913802,19.290549203913802,19.290549203913802,19.308073398200307,19.308073398200307,0.0,1.8543982773378807,1.5683413458288231,31.239136002364514,1.8478211743842454,20.059987434213255,20.059987434213255,34180.01016928295,25178.54434512442,20982.120287603684,966.3507744000001,13,82,0,19.505641081897984,20.059987434213255,20.61433378652853,t0_immediate,13,0.01752419428650498,0.0009084341820060545,0.01752419428650498,0.0009084341820060545,-0.03277175007555888,-0.017365552440696576,-0.03067791278440679,-0.01918545547163241,-0.19565418572836535,-0.006224128888968275,1.8478211743842454,,0.7694382302994534,0.0398867975279493,0.7694382302994534,0.0398867975279493,-163.2529652800731,-0.004753565921805943,-114.78094152011181,-0.004537993332996782,-95.65078460009317,-0.004537993332996782,-4.8184631999999965,-0.004961507236274919,1.0,0.08333333333333333,0.0,0.0
S2_energy,52,link_failure,any_road,moderate,,,,,19.290549203913802,19.290549203913802,0.0,1.8871700274134395,1.59901925861323,31.43479018809288,0.0,19.290549203913802,19.290549203913802,34343.26313456302,25293.325286644533,21077.771072203777,971.1692376000001,12,82,0,19.290549203913802,19.290549203913802,19.290549203913802,18.460933106662974,18.460933106662974,0.0,1.3778801247057102,1.1921784549999848,31.510883905249795,22.67391901654234,27.87946749428556,27.87946749428556,33492.77257584174,24895.9785909626,20746.648825802167,938.6363064,17,82,0,21.077291789322857,27.87946749428556,34.681643199248256,t0_immediate,17,-0.8296160972508275,-0.04300634929992087,-0.8296160972508275,-0.04300634929992087,-0.5092899027077293,-0.2698696435984433,-0.40684080361324515,-0.25443145942224804,0.07609371715691537,0.0024206847477461057,22.67391901654234,,8.588918290371758,0.44523969740732827,8.588918290371758,0.44523969740732827,-850.4905587212852,-0.02476440737121897,-397.34669568193203,-0.01570954752603211,-331.12224640161,-0.01570954752603211,-32.53293120000012,-0.033498724980619295,5.0,0.4166666666666667,0.0,0.0
S2_energy,53,area_closure,peripheral_area,severe,,,,,19.290549203913802,19.290549203913802,0.0,1.8871700274134395,1.59901925861323,31.43479018809288,0.0,19.290549203913802,19.290549203913802,34343.26313456302,25293.325286644533,21077.771072203777,971.1692376000001,12,82,0,19.290549203913802,19.290549203913802,19.290549203913802,17.876490396792573,18.351827899257028,0.47533750246445466,1.077559513778374,0.9621370493209479,29.272030983523123,34.96441164793775,32.60472769501661,32.91386623640236,28604.10228056888,21290.36874565331,17741.973954711095,800.5846176000002,24,72,0,22.115404200635282,32.60472769501661,43.09405118939794,t0_immediate,24,-1.4140588071212292,-0.07330319070616896,-0.9387213046567737,-0.04866223842223836,-0.8096105136350655,-0.42900772154839695,-0.636882209292282,-0.39829552137141006,-2.162759204569756,-0.06880145188272907,34.96441164793775,,13.314178491102805,0.6901917799417308,13.623317032488561,0.7062171682351359,-5739.160853994141,-0.1671116932455453,-4002.956540991221,-0.15826137906449478,-3335.7971174926824,-0.15826137906449467,-170.58461999999986,-0.17564870611177588,12.0,1.0,-10.0,-0.12195121951219512
S2_energy,54,link_failure,any_road,moderate,,,,,19.290549203913802,19.290549203913802,0.0,1.8871700274134395,1.59901925861323,31.43479018809288,0.0,19.290549203913802,19.290549203913802,34343.26313456302,25293.325286644533,21077.771072203777,971.1692376000001,12,82,0,19.290549203913802,19.290549203913802,19.290549203913802,19.35087147373658,19.35087147373658,0.0,1.8082194405653493,1.5818902238311765,31.71740657231054,0.26087224763780914,19.45691376896822,19.45691376896822,33673.95260234931,24754.723021123962,20628.935850936636,953.9335512,14,82,0,19.37865209467688,19.45691376896822,19.535175443259565,t0_immediate,14,0.060322269822776775,0.003127037451610666,0.060322269822776775,0.003127037451610666,-0.0789505868480902,-0.041835439150281595,-0.01712903478205341,-0.010712212932887866,0.2826163842176612,0.008990560539027009,0.26087224763780914,,0.166364565054419,0.008624148711155709,0.166364565054419,0.008624148711155709,-669.3105322137126,-0.01948884500553237,-538.6022655205707,-0.021294245000081712,-448.8352212671416,-0.02129424500008168,-17.235686400000077,-0.017747356210122276,2.0,0.16666666666666666,0.0,0.0
S2_energy,55,combined_disruption,peripheral_area + peripheral_area,mild,demand_surge,peripheral_area,area_closure,peripheral_area,19.290549203913802,19.290549203913802,0.0,1.8871700274134395,1.59901925861323,31.43479018809288,0.0,19.290549203913802,19.290549203913802,34343.26313456302,25293.325286644533,21077.771072203777,971.1692376000001,12,82,0,19.290549203913802,19.290549203913802,19.290549203913802,18.168455930624727,18.620548637902886,0.4520927072781572,1.6830600640420337,1.4438662947257908,27.782177712416402,10.798560026818521,22.68566032710126,23.08893353200712,32275.245783507107,24286.63214326066,20238.860119383884,893.564316,14,78,0,19.446092319055705,22.68566032710126,25.92522833514682,t0_immediate,14,-1.1220932732890745,-0.05816803147633642,-0.6700005660109163,-0.03473206277999498,-0.20410996337140586,-0.10815663687238586,-0.15515296388743915,-0.09703007831312649,-3.6526124756764773,-0.11619649610577146,10.798560026818521,,3.3951111231874584,0.17599867620661802,3.7983843280933165,0.1969038977554187,-2068.0173510559143,-0.060216099528837844,-1006.6931433838727,-0.03980074315951767,-838.9109528198933,-0.03980074315951764,-77.60492160000013,-0.07990875183791975,2.0,0.16666666666666666,-4.0,-0.04878048780487805
S2_energy,56,demand_surge,central_area,mild,,,,,19.290549203913802,19.290549203913802,0.0,1.8871700274134395,1.59901925861323,31.43479018809288,0.0,19.290549203913802,19.290549203913802,34343.26313456302,25293.325286644533,21077.771072203777,971.1692376000001,12,82,0,19.290549203913802,19.290549203913802,19.290549203913802,19.060798121065375,19.060798121065375,0.0,1.871078756589784,1.5875977347588799,32.618303959187145,0.0,19.060798121065375,19.060798121065375,34343.26313456302,25293.325286644533,21077.771072203777,971.1692376000001,12,82,0,19.060798121065375,19.060798121065375,19.060798121065375,t0_immediate,12,-0.22975108284842705,-0.011910033271723209,-0.22975108284842705,-0.011910033271723209,-0.01609127082365558,-0.00852666722654043,-0.011421523854350024,-0.007142830702524176,1.1835137710942654,0.03764980660003152,0.0,,-0.22975108284842705,-0.011910033271723209,-0.22975108284842705,-0.011910033271723209,0.0,0.0,0.0,0.0,0.0,0.0,0.0,0.0,0.0,0.0,0.0,0.0
S2_energy,57,link_failure,any_road,moderate,,,,,19.290549203913802,19.290549203913802,0.0,1.8871700274134395,1.59901925861323,31.43479018809288,0.0,19.290549203913802,19.290549203913802,34343.26313456302,25293.325286644533,21077.771072203777,971.1692376000001,12,82,0,19.290549203913802,19.290549203913802,19.290549203913802,19.344853187444787,19.344853187444787,0.0,1.794722778953622,1.5650650455733899,33.956536118151504,0.19565418572835686,19.424396683897562,19.424396683897562,33023.81732906829,23859.37366960242,19882.81139133535,950.9760120000002,15,82,0,19.365700428179053,19.424396683897562,19.483092939616068,t0_immediate,15,0.05430398353098553,0.0028150563758945735,0.05430398353098553,0.0028150563758945735,-0.09244724845981755,-0.04898723862551273,-0.03395421303984003,-0.02123439905863752,2.521745930058625,0.0802214971046262,0.19565418572835686,,0.13384747998376056,0.0069385002245869005,0.13384747998376056,0.0069385002245869005,-1319.4458054947318,-0.038419348805758737,-1433.951617042112,-0.05669288639557694,-1194.9596808684255,-0.05669288639557688,-20.19322559999989,-0.020792694844723826,3.0,0.25,0.0,0.0
S2_energy,58,node_removal,peripheral,moderate,,,,,19.290549203913802,19.290549203913802,0.0,1.8871700274134395,1.59901925861323,31.43479018809288,0.0,19.290549203913802,19.290549203913802,34343.26313456302,25293.325286644533,21077.771072203777,971.1692376000001,12,82,0,19.290549203913802,19.290549203913802,19.290549203913802,18.86124015402282,18.86124015402282,0.0,1.5931027579435113,1.3781530773928417,26.130433254252882,13.239137437147543,24.307657109969806,24.307657109969806,33110.6971100231,24332.435769034648,20277.029807528874,938.2818480000001,13,80,0,20.335915878825546,24.307657109969806,28.279398341114067,t0_immediate,13,-0.42930904989098195,-0.022254889964661073,-0.42930904989098195,-0.022254889964661073,-0.2940672694699282,-0.15582447007860634,-0.22086618122038826,-0.13812602945879296,-5.304356933839998,-0.1687416045120996,13.239137437147543,,5.017107906056005,0.26008113366923213,5.017107906056005,0.26008113366923213,-1232.5660245399195,-0.03588960139607312,-960.8895176098849,-0.037989845412586265,-800.7412646749035,-0.03798984541258624,-32.887389600000006,-0.03386370606350022,1.0,0.08333333333333333,-2.0,-0.024390243902439025
S2_energy,59,link_failure,any_road,moderate,,,,,19.290549203913802,19.290549203913802,0.0,1.8871700274134395,1.59901925861323,31.43479018809288,0.0,19.290549203913802,19.290549203913802,34343.26313456302,25293.325286644533,21077.771072203777,971.1692376000001,12,82,0,19.290549203913802,19.290549203913802,19.290549203913802,19.290549203913802,19.290549203913802,0.0,1.8871700274134395,1.59901925861323,31.43479018809288,0.0,19.290549203913802,19.290549203913802,34343.26313456302,25293.325286644533,21077.771072203777,971.1692376000001,12,82,0,19.290549203913802,19.290549203913802,19.290549203913802,t0_immediate,12,0.0,0.0,0.0,0.0,0.0,0.0,0.0,0.0,0.0,0.0,0.0,,0.0,0.0,0.0,0.0,0.0,0.0,0.0,0.0,0.0,0.0,0.0,0.0,0.0,0.0,0.0,0.0
S2_energy,60,demand_surge,peripheral_area,mild,,,,,19.290549203913802,19.290549203913802,0.0,1.8871700274134395,1.59901925861323,31.43479018809288,0.0,19.290549203913802,19.290549203913802,34343.26313456302,25293.325286644533,21077.771072203777,971.1692376000001,12,82,0,19.290549203913802,19.290549203913802,19.290549203913802,19.49027816077978,19.49027816077978,0.0,1.9011586132186167,1.608948304504843,30.405929004909016,0.0,19.49027816077978,19.49027816077978,34343.26313456302,25293.325286644533,21077.771072203777,971.1692376000001,12,82,0,19.49027816077978,19.49027816077978,19.49027816077978,t0_immediate,12,0.1997289568659788,0.010353720609751038,0.1997289568659788,0.010353720609751038,0.013988585805177145,0.007412467134373653,0.00992904589161303,0.006209459853675636,-1.0288611831838637,-0.03273001591636466,0.0,,0.1997289568659788,0.010353720609751038,0.1997289568659788,0.010353720609751038,0.0,0.0,0.0,0.0,0.0,0.0,0.0,0.0,0.0,0.0,0.0,0.0
S2_energy,61,node_removal,central,mild,,,,,19.290549203913802,19.290549203913802,0.0,1.8871700274134395,1.59901925861323,31.43479018809288,0.0,19.290549203913802,19.290549203913802,34343.26313456302,25293.325286644533,21077.771072203777,971.1692376000001,12,82,0,19.290549203913802,19.290549203913802,19.290549203913802,20.556265677513196,20.833174452289864,0.27690877477666753,1.5049577247389816,1.4137447411354123,31.824120435525415,4.016095442292077,22.14036369390838,22.406151548001937,32614.03057802017,23861.98845183025,19884.99037652521,928.1132376000002,16,81,0,20.935535061220758,22.14036369390838,23.345192326596006,t0_immediate,16,1.2657164735993938,0.06561329385804093,1.542625248376062,0.07996792792519787,-0.38221230267445794,-0.20253199082348672,-0.18527451747781765,-0.11586759601538468,0.38933024743253597,0.012385329919587297,4.016095442292077,,2.8498144899945785,0.14773112262746715,3.115602344088135,0.16150926089009532,-1729.232556542851,-0.050351434275986234,-1431.336834814283,-0.056589508045826714,-1192.780695678568,-0.05658950804582666,-43.055999999999926,-0.044334188453499596,4.0,0.3333333333333333,-1.0,-0.012195121951219513
S2_energy,62,link_failure,any_road,mild,,,,,19.290549203913802,19.290549203913802,0.0,1.8871700274134395,1.59901925861323,31.43479018809288,0.0,19.290549203913802,19.290549203913802,34343.26313456302,25293.325286644533,21077.771072203777,971.1692376000001,12,82,0,19.290549203913802,19.290549203913802,19.290549203913802,19.290549203913802,19.290549203913802,0.0,1.8871700274134395,1.59901925861323,31.43479018809288,0.0,19.290549203913802,19.290549203913802,34343.26313456302,25293.325286644533,21077.771072203777,971.1692376000001,12,82,0,19.290549203913802,19.290549203913802,19.290549203913802,t0_immediate,12,0.0,0.0,0.0,0.0,0.0,0.0,0.0,0.0,0.0,0.0,0.0,,0.0,0.0,0.0,0.0,0.0,0.0,0.0,0.0,0.0,0.0,0.0,0.0,0.0,0.0,0.0,0.0
S2_energy,63,link_failure,any_road,mild,,,,,19.290549203913802,19.290549203913802,0.0,1.8871700274134395,1.59901925861323,31.43479018809288,0.0,19.290549203913802,19.290549203913802,34343.26313456302,25293.325286644533,21077.771072203777,971.1692376000001,12,82,0,19.290549203913802,19.290549203913802,19.290549203913802,19.345542725684588,19.345542725684588,0.0,1.7538859501797255,1.502023927762729,32.641306398630064,4.456507781186982,21.157311777513794,21.157311777513794,34211.41847224724,25162.850565970864,20969.042138309054,968.6769312000001,13,82,0,19.8203594431577,21.157311777513794,22.49426411186989,t0_immediate,13,0.0549935217707862,0.0028508012493303576,0.0549935217707862,0.0028508012493303576,-0.13328407723371405,-0.07062642755957373,-0.09699533085050094,-0.06065926368805676,1.2065162105371847,0.038381557609193095,4.456507781186982,,1.866762573599992,0.0967708360123438,1.866762573599992,0.0967708360123438,-131.84466231577971,-0.0038390254822085147,-130.47472067366834,-0.00515846450377808,-108.72893389472301,-0.005158464503778051,-2.4923063999999613,-0.0025662946307474363,1.0,0.08333333333333333,0.0,0.0
S2_energy,64,link_failure,any_road,moderate,,,,,19.290549203913802,19.290549203913802,0.0,1.8871700274134395,1.59901925861323,31.43479018809288,0.0,19.290549203913802,19.290549203913802,34343.26313456302,25293.325286644533,21077.771072203777,971.1692376000001,12,82,0,19.290549203913802,19.290549203913802,19.290549203913802,19.479545832130828,19.479545832130828,0.0,1.7609160414497282,1.5240919103344934,33.39130334971616,2.3478215330799985,20.430893780385873,20.430893780385873,33879.93610960356,25061.60491800534,20884.670765004452,954.0110832,15,82,0,19.726547320461872,20.430893780385873,21.13524024030987,t0_immediate,15,0.18899662821702634,0.009797368971676627,0.18899662821702634,0.009797368971676627,-0.1262539859637113,-0.06690122465369766,-0.07492734827873648,-0.046858315104796294,1.9565131616232811,0.0622403760265715,2.3478215330799985,,1.1403445764720708,0.059114158151635704,1.1403445764720708,0.059114158151635704,-463.3270249594643,-0.013491060041210019,-231.7203686391913,-0.009161324816454444,-193.10030719932547,-0.009161324816454416,-17.158154400000058,-0.01766752254468244,3.0,0.25,0.0,0.0
S2_energy,65,combined_disruption,any_road + central_area,mild,link_failure,any_road,demand_surge,central_area,19.290549203913802,19.290549203913802,0.0,1.8871700274134395,1.59901925861323,31.43479018809288,0.0,19.290549203913802,19.290549203913802,34343.26313456302,25293.325286644533,21077.771072203777,971.1692376000001,12,82,0,19.290549203913802,19.290549203913802,19.290549203913802,19.026684760204308,19.026684760204308,0.0,1.851303397384005,1.578101058005174,32.618303959187145,0.4674610174194912,19.21821903649475,19.21821903649475,33927.753767473565,25017.58856081035,20847.99046734196,958.2978552000001,13,81,0,19.077980731268905,19.21821903649475,19.3584573417206,t0_immediate,13,-0.2638644437094939,-0.01367843086893344,-0.2638644437094939,-0.01367843086893344,-0.035866630029434576,-0.019005510636788504,-0.020918200608055937,-0.013081894101886876,1.1835137710942654,0.03764980660003152,0.4674610174194912,,-0.07233016741905018,-0.0037495131245084165,-0.07233016741905018,-0.0037495131245084165,-415.50936708945665,-0.012098715415055842,-275.73672583418374,-0.01090156089439846,-229.78060486181857,-0.010901560894398402,-12.871382400000016,-0.013253490639600974,1.0,0.08333333333333333,-1.0,-0.012195121951219513
S2_energy,66,link_failure,any_road,severe,,,,,19.290549203913802,19.290549203913802,0.0,1.8871700274134395,1.59901925861323,31.43479018809288,0.0,19.290549203913802,19.290549203913802,34343.26313456302,25293.325286644533,21077.771072203777,971.1692376000001,12,82,0,19.290549203913802,19.290549203913802,19.290549203913802,18.535428593881026,18.535428593881026,0.0,1.7736709227013945,1.4992214513967044,30.2717407289702,5.630454417302334,20.870072386232334,20.870072386232334,33805.83180550042,25150.829955450627,20959.024962875523,946.5895464000001,14,81,0,19.18093606104163,20.870072386232334,22.559208711423032,t0_immediate,14,-0.7551206100327761,-0.03914458847442104,-0.7551206100327761,-0.03914458847442104,-0.11349910471204505,-0.06014249011129497,-0.09979780721652554,-0.06241188570991726,-1.1630494591226785,-0.036998798215717936,5.630454417302334,,1.5795231823185318,0.08188067460505827,1.5795231823185318,0.08188067460505827,-537.4313290626014,-0.01564881377045768,-142.49533119390617,-0.0056337128305208265,-118.74610932825453,-0.005633712830520798,-24.579691199999957,-0.025309379918934075,2.0,0.16666666666666666,-1.0,-0.012195121951219513
S2_energy,67,link_failure,any_road,severe,,,,,19.290549203913802,19.290549203913802,0.0,1.8871700274134395,1.59901925861323,31.43479018809288,0.0,19.290549203913802,19.290549203913802,34343.26313456302,25293.325286644533,21077.771072203777,971.1692376000001,12,82,0,19.290549203913802,19.290549203913802,19.290549203913802,18.658755704359542,18.658755704359542,0.0,1.2480145225403327,1.1661679304629133,42.06520514886234,13.32609246172179,24.167928144022877,24.167928144022877,32672.84535249157,24639.28402873735,20532.73669061446,902.5920000000001,18,81,0,20.17010040550634,24.167928144022877,28.165755882539415,t0_immediate,18,-0.6317934995542593,-0.03275145216840569,-0.6317934995542593,-0.03275145216840569,-0.6391555048731068,-0.3386846418651186,-0.43285132815031657,-0.27069800805633354,10.63041496076946,0.3381735617499408,13.32609246172179,,4.877378940109075,0.2528377439414487,4.877378940109075,0.2528377439414487,-1670.4177820714503,-0.048638877893648486,-654.0412579071817,-0.02585825511256643,-545.0343815893175,-0.0258582551125664,-68.57723759999999,-0.07061306613198678,6.0,0.5,-1.0,-0.012195121951219513
S2_energy,68,link_failure,any_road,moderate,,,,,19.290549203913802,19.290549203913802,0.0,1.8871700274134395,1.59901925861323,31.43479018809288,0.0,19.290549203913802,19.290549203913802,34343.26313456302,25293.325286644533,21077.771072203777,971.1692376000001,12,82,0,19.290549203913802,19.290549203913802,19.290549203913802,19.310787726380894,19.310787726380894,0.0,1.8579193588039657,1.571384807558497,31.239136002364514,1.695648087900547,20.00073357628031,20.00073357628031,34215.66158222474,25231.124178937105,21025.936815780922,966.3840072,13,82,0,19.492039149910145,20.00073357628031,20.509428002650473,t0_immediate,13,0.02023852246709268,0.00104914184936666,0.02023852246709268,0.00104914184936666,-0.029250668609473784,-0.015499752637320566,-0.027634451054732834,-0.017282125218866448,-0.19565418572836535,-0.006224128888968275,1.695648087900547,,0.7101843723665091,0.0368151453263146,0.7101843723665091,0.0368151453263146,-127.60155233828118,-0.0037154754875305695,-62.20110770742758,-0.002459190596827979,-51.834256422855105,-0.0024591905968279213,-4.785230400000046,-0.004927287865733408,1.0,0.08333333333333333,0.0,0.0
S2_energy,69,link_failure,any_road,mild,,,,,19.290549203913802,19.290549203913802,0.0,1.8871700274134395,1.59901925861323,31.43479018809288,0.0,19.290549203913802,19.290549203913802,34343.26313456302,25293.325286644533,21077.771072203777,971.1692376000001,12,82,0,19.290549203913802,19.290549203913802,19.290549203913802,19.75943263166586,19.75943263166586,0.0,1.7100854073547183,1.5447047262717566,25.41304892107905,2.1956484465963,20.642974023990227,20.642974023990227,33174.79161544819,23776.290423972292,19813.575353310243,962.4406296000001,14,82,0,19.98427949001134,20.642974023990227,21.301668557969116,t0_immediate,14,0.4688834277520577,0.024306380435085144,0.4688834277520577,0.024306380435085144,-0.17708462005872128,-0.09383607067002539,-0.05431453234147332,-0.033967403487421596,-6.02174126701383,-0.19156295400676138,2.1956484465963,,1.3524248200764255,0.07010815533453221,1.3524248200764255,0.07010815533453221,-1168.471519114828,-0.03402331090486505,-1517.0348626722407,-0.059977675749628326,-1264.195718893534,-0.059977675749628326,-8.728608000000008,-0.008987731141042484,2.0,0.16666666666666666,0.0,0.0
S2_energy,70,combined_disruption,any_road + central,severe,link_failure,any_road,node_removal,central,19.290549203913802,19.290549203913802,0.0,1.8871700274134395,1.59901925861323,31.43479018809288,0.0,19.290549203913802,19.290549203913802,34343.26313456302,25293.325286644533,21077.771072203777,971.1692376000001,12,82,0,19.290549203913802,19.290549203913802,19.290549203913802,19.286554939567942,19.74103099601213,0.45447605644419076,1.3713060566347985,1.2421580071232343,23.84782260916726,16.836941932179244,26.141454042982588,26.51941022970761,31344.261121861076,22541.73060519161,18784.775504326342,906.4689288000001,18,79,0,21.090371463328815,26.141454042982588,31.19253662263636,t0_immediate,18,-0.003994264345859477,-0.0002070580937658889,0.45048179209832995,0.023352460696501737,-0.515863970778641,-0.27335320256526413,-0.3568612514899956,-0.22317508032985675,-7.58696757892562,-0.24135575690272848,16.836941932179244,,6.850904839068786,0.35514306859023104,7.228861025793808,0.3747358848822804,-2999.002012701945,-0.0873243174636994,-2751.5946814529234,-0.10878738363855343,-2292.995567877435,-0.10878738363855338,-64.70030880000002,-0.06662104429902507,6.0,0.5,-3.0,-0.036585365853658534
S2_energy,71,demand_surge,central_area,mild,,,,,19.290549203913802,19.290549203913802,0.0,1.8871700274134395,1.59901925861323,31.43479018809288,0.0,19.290549203913802,19.290549203913802,34343.26313456302,25293.325286644533,21077.771072203777,971.1692376000001,12,82,0,19.290549203913802,19.290549203913802,19.290549203913802,19.060798121065375,19.060798121065375,0.0,1.871078756589784,1.5875977347588799,32.618303959187145,0.0,19.060798121065375,19.060798121065375,34343.26313456302,25293.325286644533,21077.771072203777,971.1692376000001,12,82,0,19.060798121065375,19.060798121065375,19.060798121065375,t0_immediate,12,-0.22975108284842705,-0.011910033271723209,-0.22975108284842705,-0.011910033271723209,-0.01609127082365558,-0.00852666722654043,-0.011421523854350024,-0.007142830702524176,1.1835137710942654,0.03764980660003152,0.0,,-0.22975108284842705,-0.011910033271723209,-0.22975108284842705,-0.011910033271723209,0.0,0.0,0.0,0.0,0.0,0.0,0.0,0.0,0.0,0.0,0.0,0.0
S2_energy,72,combined_disruption,peripheral_area + peripheral,mild,area_closure,peripheral_area,node_removal,peripheral,19.290549203913802,19.290549203913802,0.0,1.8871700274134395,1.59901925861323,31.43479018809288,0.0,19.290549203913802,19.290549203913802,34343.26313456302,25293.325286644533,21077.771072203777,971.1692376000001,12,82,0,19.290549203913802,19.290549203913802,19.290549203913802,18.324749185363153,18.67682533383028,0.35207614846712726,1.6428519726381903,1.3952308193165766,29.38044634664789,12.880477553178444,23.692720511773267,23.999447570966993,32787.08679022418,24683.23921173627,20569.366009780224,907.3107768000001,15,77,0,19.828577245819734,23.692720511773267,27.5568637777268,t0_immediate,15,-0.9658000185506488,-0.05006596796915976,-0.6137238700835219,-0.03181474325049311,-0.24431805477524926,-0.12946266167130274,-0.20378843929665336,-0.12744589422480848,-2.0543438414449895,-0.06535255457894389,12.880477553178444,,4.402171307859465,0.2282035239808684,4.708898367053191,0.24410390379646718,-1556.1763443388409,-0.045312419447198854,-610.086074908264,-0.024120437625115416,-508.4050624235533,-0.024120437625115416,-63.85846079999999,-0.06575420465109673,3.0,0.25,-5.0,-0.06097560975609756
S2_energy,73,area_closure,central_area,mild,,,,,19.290549203913802,19.290549203913802,0.0,1.8871700274134395,1.59901925861323,31.43479018809288,0.0,19.290549203913802,19.290549203913802,34343.26313456302,25293.325286644533,21077.771072203777,971.1692376000001,12,82,0,19.290549203913802,19.290549203913802,19.290549203913802,18.69984671513685,19.12155975064962,0.42171303551277056,1.4312788895783706,1.2515751041307992,29.510860948721568,15.847831217865346,25.245025300441633,25.599905965862604,32645.219904369587,23927.016233354374,19939.18019446198,927.4375416000001,16,78,0,20.490675935082027,25.245025300441633,29.999374665801234,t0_immediate,16,-0.5907024887769516,-0.03062134118281639,-0.16898945326418158,-0.008760219912758929,-0.45589113783506896,-0.24157396059321407,-0.3474441544824307,-0.2172857847776994,-1.9239292393713114,-0.061203819966963634,15.847831217865346,,5.954476096527831,0.3086732282002497,6.309356761948802,0.3270698358690957,-1698.0432301934343,-0.04944326995196113,-1366.3090532901588,-0.05401856172749266,-1138.5908777417972,-0.05401856172749258,-43.73169599999994,-0.04502994360495994,4.0,0.3333333333333333,-4.0,-0.04878048780487805
S2_energy,74,combined_disruption,peripheral + peripheral_area,moderate,node_removal,peripheral,demand_surge,peripheral_area,19.290549203913802,19.290549203913802,0.0,1.8871700274134395,1.59901925861323,31.43479018809288,0.0,19.290549203913802,19.290549203913802,34343.26313456302,25293.325286644533,21077.771072203777,971.1692376000001,12,82,0,19.290549203913802,19.290549203913802,19.290549203913802,19.68169301032859,19.68169301032859,0.0,1.900235606201579,1.6088861260190834,29.674831281824822,0.1390297661490582,19.73774745825159,19.73774745825159,33278.45113819043,24521.858681685644,20434.882234738037,940.5858528000001,12,79,0,19.696038528406874,19.73774745825159,19.77945638809631,t0_immediate,12,0.39114380641478874,0.02027644740852846,0.39114380641478874,0.02027644740852846,0.01306557878813952,0.006923371290528198,0.009866867405853519,0.006170574464757033,-1.7599589062680572,-0.05598761422415056,0.1390297661490582,,0.44719825433778837,0.023182245855761206,0.44719825433778837,0.023182245855761206,-1064.8119963725912,-0.031004974460361212,-771.4666049588886,-0.03050079798587183,-642.8888374657399,-0.030500797985871804,-30.583384799999976,-0.03149130307666983,0.0,0.0,-3.0,-0.036585365853658534
S2_energy,75,link_failure,any_road,severe,,,,,19.290549203913802,19.290549203913802,0.0,1.8871700274134395,1.59901925861323,31.43479018809288,0.0,19.290549203913802,19.290549203913802,34343.26313456302,25293.325286644533,21077.771072203777,971.1692376000001,12,82,0,19.290549203913802,19.290549203913802,19.290549203913802,19.84884132659635,19.84884132659635,0.0,1.443914709053839,1.3480232932942986,34.6739061034952,6.793482354679797,22.576503206273514,22.576503206273514,33204.740923575635,24297.04584056344,20247.538200469535,944.8172424000002,16,82,0,20.538458499869577,22.576503206273514,24.614547912677452,t0_immediate,16,0.5582921226825484,0.028941224885877182,0.5582921226825484,0.028941224885877182,-0.44325531835960064,-0.2348783161669474,-0.2509959653189313,-0.15696869438371294,3.2391159154023192,0.10304239016773388,6.793482354679797,,3.2859540023597127,0.17034009595190971,3.2859540023597127,0.17034009595190971,-1138.5222109873866,-0.0331512531737725,-996.279446081091,-0.03938902595014464,-830.2328717342425,-0.03938902595014464,-26.35199519999992,-0.027134297689579038,4.0,0.3333333333333333,0.0,0.0
S2_energy,76,area_closure,peripheral_area,severe,,,,,19.290549203913802,19.290549203913802,0.0,1.8871700274134395,1.59901925861323,31.43479018809288,0.0,19.290549203913802,19.290549203913802,34343.26313456302,25293.325286644533,21077.771072203777,971.1692376000001,12,82,0,19.290549203913802,19.290549203913802,19.290549203913802,18.40830177943367,19.047623146783124,0.6393213673494519,0.8728893203620263,0.8711513504687284,34.03118761672434,31.27248622588788,31.41505987657313,31.85444955737907,27003.686633831338,19599.155587547004,16332.62965628917,774.3101616,20,74,0,22.03331400880677,31.41505987657313,40.796805744339494,t0_immediate,20,-0.8822474244801306,-0.045734697086858164,-0.24292605713067772,-0.012593008864744565,-1.0142807070514133,-0.5374612209380991,-0.7278679081445015,-0.4551964613457841,2.596397428631459,0.0825963021574403,31.27248622588788,,12.12451067265933,0.628520761358076,12.563900353465268,0.6512982196959025,-7339.576500731684,-0.21371226350780695,-5694.169699097529,-0.22512538919128136,-4745.141415914608,-0.2251253891912814,-196.85907600000007,-0.2027031627221715,8.0,0.6666666666666666,-8.0,-0.0975609756097561
S2_energy,77,link_failure,any_road,mild,,,,,19.290549203913802,19.290549203913802,0.0,1.8871700274134395,1.59901925861323,31.43479018809288,0.0,19.290549203913802,19.290549203913802,34343.26313456302,25293.325286644533,21077.771072203777,971.1692376000001,12,82,0,19.290549203913802,19.290549203913802,19.290549203913802,18.558324742326256,18.558324742326256,0.0,1.7799923844142718,1.5052298479454225,30.2717407289702,5.304364107755074,20.756542090346716,20.756542090346716,33937.80400533829,25227.063917607422,21022.553264672853,951.0978552000001,14,82,0,19.165232858020197,20.756542090346716,22.34785132267324,t0_immediate,14,-0.7322244615875455,-0.03795767833499456,-0.7322244615875455,-0.03795767833499456,-0.10717764299916777,-0.05679278572798538,-0.09378941066780744,-0.058654334625805264,-1.1630494591226785,-0.036998798215717936,5.304364107755074,,1.4659928864329146,0.07599539395879323,1.4659928864329146,0.07599539395879323,-405.4591292247351,-0.011806074677181198,-66.26136903711085,-0.002619717585022259,-55.21780753092389,-0.0026197175850221728,-20.071382399999948,-0.020667234528146,2.0,0.16666666666666666,0.0,0.0
S2_energy,78,combined_disruption,any_road + peripheral_area,mild,link_failure,any_road,demand_surge,peripheral_area,19.290549203913802,19.290549203913802,0.0,1.8871700274134395,1.59901925861323,31.43479018809288,0.0,19.290549203913802,19.290549203913802,34343.26313456302,25293.325286644533,21077.771072203777,971.1692376000001,12,82,0,19.290549203913802,19.290549203913802,19.290549203913802,19.448338850782147,19.448338850782147,0.0,1.8885268734961458,1.6027912851883155,30.044705049856493,0.47410970047802853,19.640598209995566,19.640598209995566,33970.533104285976,24855.655462028957,20713.046218357464,966.6720072,12,82,0,19.49836529985216,19.640598209995566,19.782831120138976,t0_immediate,12,0.15778964686834485,0.008179634763137348,0.15778964686834485,0.008179634763137348,0.0013568460827062534,0.0007189845445807288,0.003772026575085574,0.0023589625670655855,-1.3900851382363868,-0.04422123163280836,0.47410970047802853,,0.3500490060817647,0.018146139976706537,0.3500490060817647,0.018146139976706537,-372.73003027704544,-0.01085307557457842,-437.66982461557564,-0.017303767680031994,-364.72485384631364,-0.01730376768003202,-4.497230400000035,-0.004630738110191593,0.0,0.0,0.0,0.0
S2_energy,79,node_removal,central,mild,,,,,19.290549203913802,19.290549203913802,0.0,1.8871700274134395,1.59901925861323,31.43479018809288,0.0,19.290549203913802,19.290549203913802,34343.26313456302,25293.325286644533,21077.771072203777,971.1692376000001,12,82,0,19.290549203913802,19.290549203913802,19.290549203913802,19.109286706682177,19.126812056439917,0.017525349757740814,1.6579770310876307,1.4592474406448859,33.16303654607554,5.641308550804591,21.416058012183104,21.4325947028864,33280.487447946725,24431.002977520075,20359.169147933397,944.0640072000001,15,81,0,19.723665446941727,21.416058012183104,23.10845057742448,t0_immediate,15,-0.18126249723162502,-0.009396440470178485,-0.1637371474738849,-0.008487946389865601,-0.2291929963258088,-0.12144798454643822,-0.13977181796834404,-0.08741096595019308,1.728246357982659,0.05497877821488683,5.641308550804591,,2.125508808269302,0.1101839447804868,2.1420454989725997,0.11104118790656341,-1062.7756866162963,-0.03094568161598832,-862.3223091244581,-0.034092880210566244,-718.6019242703806,-0.03409288021056618,-27.105230399999982,-0.02790989392022314,3.0,0.25,-1.0,-0.012195121951219513
S2_energy,80,combined_disruption,central_area + any_road,mild,demand_surge,central_area,link_failure,any_road,19.290549203913802,19.290549203913802,0.0,1.8871700274134395,1.59901925861323,31.43479018809288,0.0,19.290549203913802,19.290549203913802,34343.26313456302,25293.325286644533,21077.771072203777,971.1692376000001,12,82,0,19.290549203913802,19.290549203913802,19.290549203913802,19.10039042203254,19.10039042203254,0.0,1.862253860725435,1.5824624612584264,32.742961144642564,0.0,19.10039042203254,19.10039042203254,33939.94397607539,24942.561938513074,20785.46828209423,961.7538528000001,12,82,0,19.10039042203254,19.10039042203254,19.10039042203254,t0_immediate,12,-0.19015878188126223,-0.009857613687985694,-0.19015878188126223,-0.009857613687985694,-0.02491616668800445,-0.01320292624727334,-0.016556797354803532,-0.010354345181034673,1.3081709565496844,0.04161538692391858,0.0,,-0.19015878188126223,-0.009857613687985694,-0.19015878188126223,-0.009857613687985694,-403.3191584876331,-0.011743763453908174,-350.76334813145877,-0.01386782260364437,-292.30279010954837,-0.013867822603644341,-9.41538479999997,-0.009694896044347244,0.0,0.0,0.0,0.0
S2_energy,81,area_closure,central_area,mild,,,,,19.290549203913802,19.290549203913802,0.0,1.8871700274134395,1.59901925861323,31.43479018809288,0.0,19.290549203913802,19.290549203913802,34343.26313456302,25293.325286644533,21077.771072203777,971.1692376000001,12,82,0,19.290549203913802,19.290549203913802,19.290549203913802,20.79568257885124,20.980500492237326,0.18481791338608655,1.4058467177864526,1.2773988229289357,33.641314289936645,10.380411194464036,24.86525193314938,25.03088498716496,31503.150130888935,22739.688664333396,18949.740553611166,907.9643160000002,16,78,0,21.751128574810167,24.86525193314938,27.97937529148859,t0_immediate,16,1.5051333749374365,0.07802439210139567,1.689951288323524,0.08760514127719364,-0.4813233096269869,-0.25505031482864843,-0.3216204356842942,-0.20113606134001394,2.2065241018437654,0.07019369585865949,10.380411194464036,,5.574702729235579,0.2889862113466704,5.740335783251158,0.29757243936251015,-2840.113003674087,-0.08269782031328876,-2553.6366223111363,-0.10096088961697401,-2128.0305185926118,-0.10096088961697393,-63.20492159999992,-0.06508126406082934,4.0,0.3333333333333333,-4.0,-0.04878048780487805
S2_energy,82,node_removal,central,severe,,,,,19.290549203913802,19.290549203913802,0.0,1.8871700274134395,1.59901925861323,31.43479018809288,0.0,19.290549203913802,19.290549203913802,34343.26313456302,25293.325286644533,21077.771072203777,971.1692376000001,12,82,0,19.290549203913802,19.290549203913802,19.290549203913802,19.652904785940308,19.77305430390434,0.12014951796403057,1.4258675522724433,1.2465630456824204,37.163046589556636,12.978236493849447,24.889246221219587,24.99380245059603,31740.438951398573,23252.63734949785,19377.19779124821,902.1489288000001,19,79,0,20.995775273064755,24.889246221219587,28.782717169374422,t0_immediate,19,0.3623555820265061,0.018784098793464567,0.4825050999905365,0.025012512339080657,-0.4613024751409962,-0.24444139554995936,-0.35245621293080953,-0.22042024261576545,5.7282564014637565,0.18222664656542073,12.978236493849447,,5.598697017305785,0.29023004778785055,5.703253246682227,0.2956501230937018,-2602.824183164448,-0.07578849374231329,-2040.687937146682,-0.08068088770535099,-1700.5732809555666,-0.0806808877053509,-69.02030879999995,-0.07106929063215207,7.0,0.5833333333333334,-3.0,-0.036585365853658534
S2_energy,83,demand_surge,peripheral_area,moderate,,,,,19.290549203913802,19.290549203913802,0.0,1.8871700274134395,1.59901925861323,31.43479018809288,0.0,19.290549203913802,19.290549203913802,34343.26313456302,25293.325286644533,21077.771072203777,971.1692376000001,12,82,0,19.290549203913802,19.290549203913802,19.290549203913802,19.632203415600706,19.632203415600706,0.0,1.9110987522757457,1.6160037780346062,29.674831281824822,0.0,19.632203415600706,19.632203415600706,34343.26313456302,25293.325286644533,21077.771072203777,971.1692376000001,12,82,0,19.632203415600706,19.632203415600706,19.632203415600706,t0_immediate,12,0.3416542116869046,0.017710963439941222,0.3416542116869046,0.017710963439941222,0.023928724862306128,0.012679686787471346,0.016984519421376243,0.010621835434368869,-1.7599589062680572,-0.05598761422415056,0.0,,0.3416542116869046,0.017710963439941222,0.3416542116869046,0.017710963439941222,0.0,0.0,0.0,0.0,0.0,0.0,0.0,0.0,0.0,0.0,0.0,0.0
S2_energy,84,combined_disruption,any_road + peripheral,mild,link_failure,any_road,node_removal,peripheral,19.290549203913802,19.290549203913802,0.0,1.8871700274134395,1.59901925861323,31.43479018809288,0.0,19.290549203913802,19.290549203913802,34343.26313456302,25293.325286644533,21077.771072203777,971.1692376000001,12,82,0,19.290549203913802,19.290549203913802,19.290549203913802,19.644487236646814,19.66406661722863,0.01957938058181718,1.624637273381297,1.49725515371669,33.16305806782074,1.630437199906165,20.302458528953405,20.321718680030706,31587.788330532647,23072.410587798968,19227.00882316581,900.343404,17,80,0,19.813327368981554,20.302458528953405,20.791589688925256,t0_immediate,17,0.35393803273301216,0.01834774266878844,0.3735174133148291,0.01936271535696077,-0.2625327540321425,-0.13911452080021142,-0.10176410489653986,-0.063641575514729,1.7282678797278628,0.05497946286221786,1.630437199906165,,1.0119093250396034,0.052456221662901134,1.0311694761169043,0.053454645858796675,-2755.474804030375,-0.08023334280245688,-2220.914698845565,-0.08780635498402656,-1850.762249037969,-0.08780635498402646,-70.82583360000012,-0.07292841541709899,5.0,0.4166666666666667,-2.0,-0.024390243902439025
S2_energy,85,link_failure,any_road,mild,,,,,19.290549203913802,19.290549203913802,0.0,1.8871700274134395,1.59901925861323,31.43479018809288,0.0,19.290549203913802,19.290549203913802,34343.26313456302,25293.325286644533,21077.771072203777,971.1692376000001,12,82,0,19.290549203913802,19.290549203913802,19.290549203913802,19.248533935354622,19.248533935354622,0.0,1.8532318909461567,1.586772559348098,31.934790546788633,0.19565418572835686,19.32826588445577,19.32826588445577,33962.6020449754,24936.7717562631,20780.64313021925,963.2270856000001,13,82,0,19.269569628737262,19.32826588445577,19.386962140174276,t0_immediate,13,-0.042015268559179475,-0.00217802345153839,-0.042015268559179475,-0.00217802345153839,-0.03393813646728283,-0.017983613545303354,-0.012246699265132,-0.007658881654591895,0.500000358695754,0.01590595501684462,0.19565418572835686,,0.03771668054196908,0.0019551895668329057,0.03771668054196908,0.0019551895668329057,-380.661089587622,-0.011084010511643113,-356.5535303814322,-0.01409674395678218,-297.12794198452684,-0.01409674395678218,-7.942151999999965,-0.008177927896096658,1.0,0.08333333333333333,0.0,0.0
S2_energy,86,combined_disruption,central_area + peripheral,mild,demand_surge,central_area,node_removal,peripheral,19.290549203913802,19.290549203913802,0.0,1.8871700274134395,1.59901925861323,31.43479018809288,0.0,19.290549203913802,19.290549203913802,34343.26313456302,25293.325286644533,21077.771072203777,971.1692376000001,12,82,0,19.290549203913802,19.290549203913802,19.290549203913802,18.733862724158865,18.779464309368183,0.04560158520931968,1.8321320887912689,1.5547763889775825,31.12243144587544,2.347692043205967,19.70266454552224,19.747195545944024,33576.24465589183,25128.55512703774,20940.462605864785,934.6596984,13,80,0,18.99835693256045,19.70266454552224,20.40697215848403,t0_immediate,13,-0.5566864797549371,-0.02885799019356031,-0.5110848945456183,-0.02649405619006046,-0.05503793862217066,-0.02916427127533697,-0.044242869635647386,-0.027668753454550377,-0.312358742217441,-0.009936721077138244,2.347692043205967,,0.41211534160843755,0.021363587798984215,0.45664634203022203,0.023672023911977293,-767.0184786711907,-0.02233388468841402,-164.77015960679273,-0.00651437316918528,-137.30846633899273,-0.006514373169185223,-36.50953920000006,-0.03759338515522195,1.0,0.08333333333333333,-2.0,-0.024390243902439025
S2_energy,87,demand_surge,peripheral_area,severe,,,,,19.290549203913802,19.290549203913802,0.0,1.8871700274134395,1.59901925861323,31.43479018809288,0.0,19.290549203913802,19.290549203913802,34343.26313456302,25293.325286644533,21077.771072203777,971.1692376000001,12,82,0,19.290549203913802,19.290549203913802,19.290549203913802,19.82048773363374,19.82048773363374,0.0,1.9242857802355466,1.6253638811651425,28.7049247181192,0.0,19.82048773363374,19.82048773363374,34343.26313456302,25293.325286644533,21077.771072203777,971.1692376000001,12,82,0,19.82048773363374,19.82048773363374,19.82048773363374,t0_immediate,12,0.5299385297199386,0.02747140706664904,0.5299385297199386,0.02747140706664904,0.037115752822107106,0.01966741326057306,0.02634462255191261,0.016475487965517267,-2.729865469973678,-0.0868421724350404,0.0,,0.5299385297199386,0.02747140706664904,0.5299385297199386,0.02747140706664904,0.0,0.0,0.0,0.0,0.0,0.0,0.0,0.0,0.0,0.0,0.0,0.0
S2_energy,88,combined_disruption,any_road + peripheral,mild,link_failure,any_road,node_removal,peripheral,19.290549203913802,19.290549203913802,0.0,1.8871700274134395,1.59901925861323,31.43479018809288,0.0,19.290549203913802,19.290549203913802,34343.26313456302,25293.325286644533,21077.771072203777,971.1692376000001,12,82,0,19.290549203913802,19.290549203913802,19.290549203913802,20.13471941630534,20.37796024070176,0.2432408243964195,1.7651548668093273,1.5256827797216872,29.771747544189527,5.086958611531783,22.162649739968906,22.39351700430193,33712.53585543072,24931.032601546074,20775.860501288396,949.5470807999999,14,80,0,20.63656215650937,22.162649739968906,23.68873732342844,t0_immediate,14,0.8441702123915391,0.04376081797714022,1.0874110367879588,0.05637014401680888,-0.12201516060411222,-0.06465509669594877,-0.07333647889154271,-0.045863411898581334,-1.6630426439033528,-0.05290452501678517,5.086958611531783,,2.872100536055104,0.14888640575730172,3.1029678003881287,0.1608543006001393,-630.7272791323048,-0.018365385859258714,-362.2926850984586,-0.014323647879140573,-301.91057091538096,-0.014323647879140516,-21.622156800000198,-0.022264046226828507,2.0,0.16666666666666666,-2.0,-0.024390243902439025
S2_energy,89,link_failure,any_road,mild,,,,,19.290549203913802,19.290549203913802,0.0,1.8871700274134395,1.59901925861323,31.43479018809288,0.0,19.290549203913802,19.290549203913802,34343.26313456302,25293.325286644533,21077.771072203777,971.1692376000001,12,82,0,19.290549203913802,19.290549203913802,19.290549203913802,19.290549203913802,19.290549203913802,0.0,1.8871700274134395,1.59901925861323,31.43479018809288,0.0,19.290549203913802,19.290549203913802,34343.26313456302,25293.325286644533,21077.771072203777,971.1692376000001,12,82,0,19.290549203913802,19.290549203913802,19.290549203913802,t0_immediate,12,0.0,0.0,0.0,0.0,0.0,0.0,0.0,0.0,0.0,0.0,0.0,,0.0,0.0,0.0,0.0,0.0,0.0,0.0,0.0,0.0,0.0,0.0,0.0,0.0,0.0,0.0,0.0
S2_energy,90,combined_disruption,central_area + any_road,severe,area_closure,central_area,link_failure,any_road,19.290549203913802,19.290549203913802,0.0,1.8871700274134395,1.59901925861323,31.43479018809288,0.0,19.290549203913802,19.290549203913802,34343.26313456302,25293.325286644533,21077.771072203777,971.1692376000001,12,82,0,19.290549203913802,19.290549203913802,19.290549203913802,16.31144022950912,16.787355477041174,0.4759152475320552,0.9514968269913746,0.7986745657846255,18.282600601604525,47.88043809664552,37.22971404573499,37.47775898777996,28822.24354031864,21167.46998567795,17639.558321398294,817.2553824000001,18,71,0,22.865582616741328,37.22971404573499,51.59384547472864,t0_immediate,18,-2.9791089744046815,-0.15443360077069548,-2.5031937268726274,-0.12976269884347108,-0.9356732004220649,-0.4958075779237026,-0.8003446928286044,-0.500522234812052,-13.152189586488355,-0.41839597171767495,47.88043809664552,,17.939164841821185,0.9299457808169381,18.187209783866155,0.9428041468190137,-5521.0195942443825,-0.1607599013702351,-4125.855300966581,-0.16312031946013555,-3438.2127508054837,-0.16312031946013553,-153.91385519999994,-0.15848304213214087,6.0,0.5,-11.0,-0.13414634146341464
S2_energy,91,node_removal,peripheral,moderate,,,,,19.290549203913802,19.290549203913802,0.0,1.8871700274134395,1.59901925861323,31.43479018809288,0.0,19.290549203913802,19.290549203913802,34343.26313456302,25293.325286644533,21077.771072203777,971.1692376000001,12,82,0,19.290549203913802,19.290549203913802,19.290549203913802,18.52054564958208,18.575342755823975,0.05479710624189517,1.6432210815049393,1.3721670929477383,24.576082597588556,14.96741249079049,24.72894668113827,24.775542078455928,33058.59863946099,24626.33966079149,20521.949717326243,924.5021592,14,79,0,20.238722933901123,24.72894668113827,29.21917042837542,t0_immediate,14,-0.7700035543317227,-0.0399161032789828,-0.7152064480898268,-0.03707548398594689,-0.24394894590850025,-0.12926707311203822,-0.2268521656654916,-0.14186956438675546,-6.8587075905043235,-0.21818843228997659,14.96741249079049,,5.43839747722447,0.28192030303217547,5.484992874542126,0.28433575511832976,-1284.664495102028,-0.03740659383671504,-666.9856258530417,-0.02637002522579448,-555.8213548775348,-0.02637002522579448,-46.66707840000004,-0.04805246767836876,2.0,0.16666666666666666,-3.0,-0.036585365853658534
S2_energy,92,link_failure,any_road,moderate,,,,,19.290549203913802,19.290549203913802,0.0,1.8871700274134395,1.59901925861323,31.43479018809288,0.0,19.290549203913802,19.290549203913802,34343.26313456302,25293.325286644533,21077.771072203777,971.1692376000001,12,82,0,19.290549203913802,19.290549203913802,19.290549203913802,19.435747585702263,19.435747585702263,0.0,1.7417951731971306,1.4933646027611802,32.836960584358415,4.804327879483966,21.384587273546618,21.384587273546618,34123.37395854463,25089.10379541695,20907.586496180793,966.5169312,13,82,0,19.943288909701426,21.384587273546618,22.825885637391806,t0_immediate,13,0.145198381788461,0.007526917987332478,0.145198381788461,0.007526917987332478,-0.1453748542163089,-0.0770332572606402,-0.1056546558520497,-0.06607466125434916,1.4021703962655359,0.04460568649816092,4.804327879483966,,2.0940380696328162,0.10855253769591812,2.0940380696328162,0.10855253769591812,-219.88917601839057,-0.006402687338032662,-204.22149122758128,-0.008074125838069027,-170.1845760229844,-0.008074125838069027,-4.652306400000043,-0.004790417797311049,1.0,0.08333333333333333,0.0,0.0
S2_energy,93,area_closure,peripheral_area,moderate,,,,,19.290549203913802,19.290549203913802,0.0,1.8871700274134395,1.59901925861323,31.43479018809288,0.0,19.290549203913802,19.290549203913802,34343.26313456302,25293.325286644533,21077.771072203777,971.1692376000001,12,82,0,19.290549203913802,19.290549203913802,19.290549203913802,18.046418871741288,18.210228842578072,0.16380997083678378,1.471888847613593,1.3173902782782931,31.956520335538354,13.304333977311789,23.62806342048728,23.7700795657158,31288.88075107734,22780.466828216006,18983.722356846672,894.5501592,18,77,0,19.63676322729374,23.62806342048728,27.619363613680814,t0_immediate,18,-1.2441303321725137,-0.06449429298363862,-1.0803203613357297,-0.05600257151395911,-0.4152811797998466,-0.2200549890933951,-0.2816289803349368,-0.17612607153911525,0.5217301474454743,0.016597220605693734,13.304333977311789,,4.337514216573478,0.22485177434416706,4.479530361801999,0.2322137288290973,-3054.382383485681,-0.08893687159307102,-2512.8584584285272,-0.09934867914561536,-2094.048715357105,-0.09934867914561529,-76.61907840000003,-0.07889364225471636,6.0,0.5,-5.0,-0.06097560975609756
S2_energy,94,combined_disruption,peripheral + central_area,severe,node_removal,peripheral,demand_surge,central_area,19.290549203913802,19.290549203913802,0.0,1.8871700274134395,1.59901925861323,31.43479018809288,0.0,19.290549203913802,19.290549203913802,34343.26313456302,25293.325286644533,21077.771072203777,971.1692376000001,12,82,0,19.290549203913802,19.290549203913802,19.290549203913802,17.50466846280359,17.602291867368432,0.09762340456484275,1.4112166073214318,1.2244978833186315,34.74990380169873,19.0179074228257,25.586391273570456,25.665448749432148,32488.302029324623,24621.170472786933,20517.642060655777,893.0104656000001,17,79,0,19.88101904672275,25.586391273570456,31.291763500418167,t0_immediate,17,-1.785880741110212,-0.0925780143547121,-1.6882573365453695,-0.08751732875510065,-0.4759534200920077,-0.25220484279540556,-0.3745213752945984,-0.23421942748795088,3.315113613605849,0.10546002037136466,19.0179074228257,,6.295842069656654,0.3263692496831199,6.374899545518346,0.3304674987804371,-1854.9611052383989,-0.054012372032626335,-672.1548138576,-0.026574394874544764,-560.1290115480006,-0.026574394874544792,-78.158772,-0.08047904420155409,5.0,0.4166666666666667,-3.0,-0.036585365853658534
S2_energy,95,demand_surge,central_area,mild,,,,,19.290549203913802,19.290549203913802,0.0,1.8871700274134395,1.59901925861323,31.43479018809288,0.0,19.290549203913802,19.290549203913802,34343.26313456302,25293.325286644533,21077.771072203777,971.1692376000001,12,82,0,19.290549203913802,19.290549203913802,19.290549203913802,19.060798121065375,19.060798121065375,0.0,1.871078756589784,1.5875977347588799,32.618303959187145,0.0,19.060798121065375,19.060798121065375,34343.26313456302,25293.325286644533,21077.771072203777,971.1692376000001,12,82,0,19.060798121065375,19.060798121065375,19.060798121065375,t0_immediate,12,-0.22975108284842705,-0.011910033271723209,-0.22975108284842705,-0.011910033271723209,-0.01609127082365558,-0.00852666722654043,-0.011421523854350024,-0.007142830702524176,1.1835137710942654,0.03764980660003152,0.0,,-0.22975108284842705,-0.011910033271723209,-0.22975108284842705,-0.011910033271723209,0.0,0.0,0.0,0.0,0.0,0.0,0.0,0.0,0.0,0.0,0.0,0.0
S2_energy,96,link_failure,any_road,mild,,,,,19.290549203913802,19.290549203913802,0.0,1.8871700274134395,1.59901925861323,31.43479018809288,0.0,19.290549203913802,19.290549203913802,34343.26313456302,25293.325286644533,21077.771072203777,971.1692376000001,12,82,0,19.290549203913802,19.290549203913802,19.290549203913802,19.290549203913802,19.290549203913802,0.0,1.8871700274134395,1.59901925861323,31.43479018809288,0.0,19.290549203913802,19.290549203913802,34343.26313456302,25293.325286644533,21077.771072203777,971.1692376000001,12,82,0,19.290549203913802,19.290549203913802,19.290549203913802,t0_immediate,12,0.0,0.0,0.0,0.0,0.0,0.0,0.0,0.0,0.0,0.0,0.0,,0.0,0.0,0.0,0.0,0.0,0.0,0.0,0.0,0.0,0.0,0.0,0.0,0.0,0.0,0.0,0.0
S2_energy,97,demand_surge,peripheral_area,mild,,,,,19.290549203913802,19.290549203913802,0.0,1.8871700274134395,1.59901925861323,31.43479018809288,0.0,19.290549203913802,19.290549203913802,34343.26313456302,25293.325286644533,21077.771072203777,971.1692376000001,12,82,0,19.290549203913802,19.290549203913802,19.290549203913802,19.49027816077978,19.49027816077978,0.0,1.9011586132186167,1.608948304504843,30.405929004909016,0.0,19.49027816077978,19.49027816077978,34343.26313456302,25293.325286644533,21077.771072203777,971.1692376000001,12,82,0,19.49027816077978,19.49027816077978,19.49027816077978,t0_immediate,12,0.1997289568659788,0.010353720609751038,0.1997289568659788,0.010353720609751038,0.013988585805177145,0.007412467134373653,0.00992904589161303,0.006209459853675636,-1.0288611831838637,-0.03273001591636466,0.0,,0.1997289568659788,0.010353720609751038,0.1997289568659788,0.010353720609751038,0.0,0.0,0.0,0.0,0.0,0.0,0.0,0.0,0.0,0.0,0.0,0.0
S2_energy,98,demand_surge,peripheral_area,moderate,,,,,19.290549203913802,19.290549203913802,0.0,1.8871700274134395,1.59901925861323,31.43479018809288,0.0,19.290549203913802,19.290549203913802,34343.26313456302,25293.325286644533,21077.771072203777,971.1692376000001,12,82,0,19.290549203913802,19.290549203913802,19.290549203913802,19.632203415600706,19.632203415600706,0.0,1.9110987522757457,1.6160037780346062,29.674831281824822,0.0,19.632203415600706,19.632203415600706,34343.26313456302,25293.325286644533,21077.771072203777,971.1692376000001,12,82,0,19.632203415600706,19.632203415600706,19.632203415600706,t0_immediate,12,0.3416542116869046,0.017710963439941222,0.3416542116869046,0.017710963439941222,0.023928724862306128,0.012679686787471346,0.016984519421376243,0.010621835434368869,-1.7599589062680572,-0.05598761422415056,0.0,,0.3416542116869046,0.017710963439941222,0.3416542116869046,0.017710963439941222,0.0,0.0,0.0,0.0,0.0,0.0,0.0,0.0,0.0,0.0,0.0,0.0
S2_energy,99,area_closure,peripheral_area,severe,,,,,19.290549203913802,19.290549203913802,0.0,1.8871700274134395,1.59901925861323,31.43479018809288,0.0,19.290549203913802,19.290549203913802,34343.26313456302,25293.325286644533,21077.771072203777,971.1692376000001,12,82,0,19.290549203913802,19.290549203913802,19.290549203913802,13.675798263161903,14.362348890385038,0.6865506272231348,0.8813790703045923,0.7705281759699566,27.29348993009485,46.63187653736985,35.277642824006385,35.64404201037629,27617.915982655308,20860.849298782963,17384.041082319138,761.7046175999999,22,72,0,21.288079862795428,35.277642824006385,49.26720578521734,t0_immediate,22,-5.6147509407518985,-0.2910622648116591,-4.928200313528764,-0.2554722657937026,-1.0057909571088473,-0.5329625537172118,-0.8284910826432733,-0.5181245180009857,-4.141300257998029,-0.1317425767189216,46.63187653736985,,15.987093620092583,0.8287526420890604,16.353492806462487,0.8477463567053123,-6725.347151907714,-0.195827260955274,-4432.47598786157,-0.1752429124138146,-3693.7299898846395,-0.1752429124138145,-209.4646200000002,-0.21568292310991974,10.0,0.8333333333333334,-10.0,-0.12195121951219512
S2_energy,100,node_removal,peripheral,severe,,,,,19.290549203913802,19.290549203913802,0.0,1.8871700274134395,1.59901925861323,31.43479018809288,0.0,19.290549203913802,19.290549203913802,34343.26313456302,25293.325286644533,21077.771072203777,971.1692376000001,12,82,0,19.290549203913802,19.290549203913802,19.290549203913802,19.001456928697284,19.001456928697284,0.0,1.7972892166810495,1.5194454318801778,30.86957176748767,4.576075423673489,20.877581182247358,20.877581182247358,33884.041318225965,25024.097510138945,20853.414591782453,955.6283136000001,13,80,0,19.50475855514531,20.877581182247358,22.250403809349407,t0_immediate,13,-0.28909227521651815,-0.014986212790554718,-0.28909227521651815,-0.014986212790554718,-0.08988081073239007,-0.04762729877369924,-0.07957382673305213,-0.04976414530620698,-0.5652184206052091,-0.01798066464650071,4.576075423673489,,1.587031978333556,0.08226992199950263,1.587031978333556,0.08226992199950263,-459.2218163370562,-0.013371525429536017,-269.2277765055878,-0.010644222278189194,-224.3564804213238,-0.010644222278189223,-15.540924000000018,-0.016002281989908877,1.0,0.08333333333333333,-2.0,-0.024390243902439025
S2_energy,101,demand_surge,peripheral_area,mild,,,,,19.290549203913802,19.290549203913802,0.0,1.8871700274134395,1.59901925861323,31.43479018809288,0.0,19.290549203913802,19.290549203913802,34343.26313456302,25293.325286644533,21077.771072203777,971.1692376000001,12,82,0,19.290549203913802,19.290549203913802,19.290549203913802,19.49027816077978,19.49027816077978,0.0,1.9011586132186167,1.608948304504843,30.405929004909016,0.0,19.49027816077978,19.49027816077978,34343.26313456302,25293.325286644533,21077.771072203777,971.1692376000001,12,82,0,19.49027816077978,19.49027816077978,19.49027816077978,t0_immediate,12,0.1997289568659788,0.010353720609751038,0.1997289568659788,0.010353720609751038,0.013988585805177145,0.007412467134373653,0.00992904589161303,0.006209459853675636,-1.0288611831838637,-0.03273001591636466,0.0,,0.1997289568659788,0.010353720609751038,0.1997289568659788,0.010353720609751038,0.0,0.0,0.0,0.0,0.0,0.0,0.0,0.0,0.0,0.0,0.0,0.0
S2_energy,102,demand_surge,peripheral_area,severe,,,,,19.290549203913802,19.290549203913802,0.0,1.8871700274134395,1.59901925861323,31.43479018809288,0.0,19.290549203913802,19.290549203913802,34343.26313456302,25293.325286644533,21077.771072203777,971.1692376000001,12,82,0,19.290549203913802,19.290549203913802,19.290549203913802,19.82048773363374,19.82048773363374,0.0,1.9242857802355466,1.6253638811651425,28.7049247181192,0.0,19.82048773363374,19.82048773363374,34343.26313456302,25293.325286644533,21077.771072203777,971.1692376000001,12,82,0,19.82048773363374,19.82048773363374,19.82048773363374,t0_immediate,12,0.5299385297199386,0.02747140706664904,0.5299385297199386,0.02747140706664904,0.037115752822107106,0.01966741326057306,0.02634462255191261,0.016475487965517267,-2.729865469973678,-0.0868421724350404,0.0,,0.5299385297199386,0.02747140706664904,0.5299385297199386,0.02747140706664904,0.0,0.0,0.0,0.0,0.0,0.0,0.0,0.0,0.0,0.0,0.0,0.0
S2_energy,103,area_closure,central_area,mild,,,,,19.290549203913802,19.290549203913802,0.0,1.8871700274134395,1.59901925861323,31.43479018809288,0.0,19.290549203913802,19.290549203913802,34343.26313456302,25293.325286644533,21077.771072203777,971.1692376000001,12,82,0,19.290549203913802,19.290549203913802,19.290549203913802,19.68887804202714,19.712552562080706,0.023674520053564973,1.4382949373062701,1.2589904307162467,38.13042751512081,11.836945519136782,24.460483586345173,24.48135576635808,32070.401475590686,23743.992317386022,19786.660264488353,902.2818480000001,18,79,0,20.90939993060414,24.460483586345173,28.01156724208621,t0_immediate,18,0.39832883811333986,0.020648911231232553,0.42200335816690426,0.021876171264283407,-0.4488750901071694,-0.2378561992754828,-0.3400288278969832,-0.21264836309218538,6.695637327027928,0.21300085946061617,11.836945519136782,,5.1699343824313715,0.26800348335248325,5.19080656244428,0.2690854732840438,-2272.861658972335,-0.06618071352354779,-1549.3329692585103,-0.061254617639247076,-1291.110807715424,-0.06125461763924702,-68.8873896,-0.0709324255062257,6.0,0.5,-3.0,-0.036585365853658534
S2_energy,104,area_closure,central_area,severe,,,,,19.290549203913802,19.290549203913802,0.0,1.8871700274134395,1.59901925861323,31.43479018809288,0.0,19.290549203913802,19.290549203913802,34343.26313456302,25293.325286644533,21077.771072203777,971.1692376000001,12,82,0,19.290549203913802,19.290549203913802,19.290549203913802,16.804199744936344,17.68936884333184,0.8851690983954973,1.1252490282790168,0.9967173715768847,25.131129241404366,33.06378037744191,31.086364273549083,31.67886300528211,29344.526455221927,21050.373682832887,17541.978069027406,850.6080000000001,16,73,0,21.16723016031651,31.086364273549083,41.00549838678165,t0_immediate,16,-2.4863494589774575,-0.12888951126767348,-1.6011803605819601,-0.08300335794779246,-0.7619209991344227,-0.40373733583439414,-0.6023018870363452,-0.37666956404183605,-6.303660946688513,-0.200531351059447,33.06378037744191,,11.795815069635282,0.6114815573649953,12.388313801368309,0.6421960137275345,-4998.736679341095,-0.14555217597568273,-4242.951603811645,-0.16774985320146985,-3535.7930031763717,-0.16774985320146987,-120.56123760000003,-0.12414029700728241,4.0,0.3333333333333333,-9.0,-0.10975609756097561
S2_energy,105,demand_surge,peripheral_area,mild,,,,,19.290549203913802,19.290549203913802,0.0,1.8871700274134395,1.59901925861323,31.43479018809288,0.0,19.290549203913802,19.290549203913802,34343.26313456302,25293.325286644533,21077.771072203777,971.1692376000001,12,82,0,19.290549203913802,19.290549203913802,19.290549203913802,19.49027816077978,19.49027816077978,0.0,1.9011586132186167,1.608948304504843,30.405929004909016,0.0,19.49027816077978,19.49027816077978,34343.26313456302,25293.325286644533,21077.771072203777,971.1692376000001,12,82,0,19.49027816077978,19.49027816077978,19.49027816077978,t0_immediate,12,0.1997289568659788,0.010353720609751038,0.1997289568659788,0.010353720609751038,0.013988585805177145,0.007412467134373653,0.00992904589161303,0.006209459853675636,-1.0288611831838637,-0.03273001591636466,0.0,,0.1997289568659788,0.010353720609751038,0.1997289568659788,0.010353720609751038,0.0,0.0,0.0,0.0,0.0,0.0,0.0,0.0,0.0,0.0,0.0,0.0
S2_energy,106,link_failure,any_road,moderate,,,,,19.290549203913802,19.290549203913802,0.0,1.8871700274134395,1.59901925861323,31.43479018809288,0.0,19.290549203913802,19.290549203913802,34343.26313456302,25293.325286644533,21077.771072203777,971.1692376000001,12,82,0,19.290549203913802,19.290549203913802,19.290549203913802,19.0874146491682,19.0874146491682,0.0,1.831163382319441,1.5585138082151067,32.38043415099226,1.3695721261834268,19.647742014234193,19.647742014234193,33843.8073693286,24935.03513239289,20779.195943660743,956.6917008,13,81,0,19.236870376379166,19.647742014234193,20.05861365208922,t0_immediate,13,-0.2031345547456027,-0.010530262907413199,-0.2031345547456027,-0.010530262907413199,-0.05600664509399844,-0.02967758298427477,-0.040505450398123255,-0.025331433739736273,0.9456439628993785,0.03008271909056918,1.3695721261834268,,0.35719281032039163,0.01851646661505738,0.35719281032039163,0.01851646661505738,-499.45576523442287,-0.014543049193591949,-358.29015425164107,-0.01416540333037296,-298.5751285430342,-0.01416540333037296,-14.477536800000053,-0.014907326385025987,1.0,0.08333333333333333,-1.0,-0.012195121951219513
S2_energy,107,node_removal,central,mild,,,,,19.290549203913802,19.290549203913802,0.0,1.8871700274134395,1.59901925861323,31.43479018809288,0.0,19.290549203913802,19.290549203913802,34343.26313456302,25293.325286644533,21077.771072203777,971.1692376000001,12,82,0,19.290549203913802,19.290549203913802,19.290549203913802,19.136505011420464,19.46425151190876,0.32774650048829546,1.727285803897301,1.5065520178714,31.891316621459044,2.945652571597466,20.340201602396156,20.658293829664498,34043.28548513258,25051.516435698864,20876.26369641572,963.4596960000001,13,81,0,19.456505830916917,20.340201602396156,21.2238973738754,t0_immediate,13,-0.15404419249333756,-0.007985474693591616,0.173702307994958,0.009004528909924248,-0.15988422351613862,-0.08472168442356855,-0.09246724074182988,-0.05782747158531617,0.4565264333661645,0.014522967407591961,2.945652571597466,,1.0496523984823547,0.054412779407513906,1.3677446257506958,0.07090231653296829,-299.97764943043876,-0.008734686865807506,-241.80885094566838,-0.0095601842859843,-201.50737578805638,-0.00956018428598427,-7.709541599999966,-0.007938412072289434,1.0,0.08333333333333333,-1.0,-0.012195121951219513
S2_energy,108,link_failure,any_road,moderate,,,,,19.290549203913802,19.290549203913802,0.0,1.8871700274134395,1.59901925861323,31.43479018809288,0.0,19.290549203913802,19.290549203913802,34343.26313456302,25293.325286644533,21077.771072203777,971.1692376000001,12,82,0,19.290549203913802,19.290549203913802,19.290549203913802,18.92428015343172,18.92428015343172,0.0,1.678537957855283,1.4415125781559577,31.25000448369692,7.869548093567942,22.156753681536642,22.156753681536642,34046.59883095304,25033.158389629552,20860.965324691293,964.3236984,14,82,0,19.79588925346626,22.156753681536642,24.517618109607028,t0_immediate,14,-0.3662690504820816,-0.018986968520718444,-0.3662690504820816,-0.018986968520718444,-0.2086320695581565,-0.11055287362957338,-0.15750668045727223,-0.09850205343609929,-0.18478570439595998,-0.005878381986654855,7.869548093567942,,2.8662044776228406,0.14858076083398003,2.8662044776228406,0.14858076083398003,-296.6643036099849,-0.008638209550665042,-260.16689701498035,-0.010285990239185932,-216.80574751248423,-0.01028599023918596,-6.845539200000076,-0.007048760334416172,2.0,0.16666666666666666,0.0,0.0
S2_energy,109,demand_surge,central_area,mild,,,,,19.290549203913802,19.290549203913802,0.0,1.8871700274134395,1.59901925861323,31.43479018809288,0.0,19.290549203913802,19.290549203913802,34343.26313456302,25293.325286644533,21077.771072203777,971.1692376000001,12,82,0,19.290549203913802,19.290549203913802,19.290549203913802,19.060798121065375,19.060798121065375,0.0,1.871078756589784,1.5875977347588799,32.618303959187145,0.0,19.060798121065375,19.060798121065375,34343.26313456302,25293.325286644533,21077.771072203777,971.1692376000001,12,82,0,19.060798121065375,19.060798121065375,19.060798121065375,t0_immediate,12,-0.22975108284842705,-0.011910033271723209,-0.22975108284842705,-0.011910033271723209,-0.01609127082365558,-0.00852666722654043,-0.011421523854350024,-0.007142830702524176,1.1835137710942654,0.03764980660003152,0.0,,-0.22975108284842705,-0.011910033271723209,-0.22975108284842705,-0.011910033271723209,0.0,0.0,0.0,0.0,0.0,0.0,0.0,0.0,0.0,0.0,0.0,0.0
S2_energy,110,link_failure,any_road,severe,,,,,19.290549203913802,19.290549203913802,0.0,1.8871700274134395,1.59901925861323,31.43479018809288,0.0,19.290549203913802,19.290549203913802,34343.26313456302,25293.325286644533,21077.771072203777,971.1692376000001,12,82,0,19.290549203913802,19.290549203913802,19.290549203913802,19.589332306220456,19.589332306220456,0.0,1.546910962710513,1.4521175246810485,25.01087206828994,5.402173265831576,21.77238659291785,21.77238659291785,32528.283730502975,23345.764388554464,19454.80365712872,942.4689336,16,81,0,20.151734613168376,21.77238659291785,23.393038572667322,t0_immediate,16,0.29878310230665406,0.01548857417942434,0.29878310230665406,0.01548857417942434,-0.34025906470292644,-0.1803012233981304,-0.14690173393218142,-0.09186989658872767,-6.423918119802938,-0.20435695868701045,5.402173265831576,,2.481837389004049,0.12865561072260798,2.481837389004049,0.12865561072260798,-1814.9794040600464,-0.05284819316523982,-1947.5608980900688,-0.0769990057067912,-1622.967415075058,-0.07699900570679125,-28.700304000000074,-0.029552319913803735,4.0,0.3333333333333333,-1.0,-0.012195121951219513
S2_energy,111,node_removal,peripheral,severe,,,,,19.290549203913802,19.290549203913802,0.0,1.8871700274134395,1.59901925861323,31.43479018809288,0.0,19.290549203913802,19.290549203913802,34343.26313456302,25293.325286644533,21077.771072203777,971.1692376000001,12,82,0,19.290549203913802,19.290549203913802,19.290549203913802,18.57002541694987,18.64679969313204,0.0767742761821675,1.45633258612195,1.325975995829168,33.13010453727304,10.201389514138558,22.79645849977542,22.86540073299758,32183.60441507223,23517.81876580835,19598.182304840295,916.9476983999998,17,78,0,19.73604164553385,22.79645849977542,25.856875354016985,t0_immediate,17,-0.7205237869639305,-0.03735112874949904,-0.6437495107817632,-0.033371238111310736,-0.4308374412914895,-0.2282981581060804,-0.273043262784062,-0.170756706845959,1.6953143491801619,0.053931148865193526,10.201389514138558,,3.505909295861617,0.18174232671148177,3.5748515290837766,0.18531621320343153,-2159.6587194907916,-0.06288449385339023,-1775.5065208361812,-0.0701966428183996,-1479.5887673634825,-0.07019664281839952,-54.22153920000028,-0.055831195121043106,5.0,0.4166666666666667,-4.0,-0.04878048780487805
S2_energy,112,link_failure,any_road,mild,,,,,19.290549203913802,19.290549203913802,0.0,1.8871700274134395,1.59901925861323,31.43479018809288,0.0,19.290549203913802,19.290549203913802,34343.26313456302,25293.325286644533,21077.771072203777,971.1692376000001,12,82,0,19.290549203913802,19.290549203913802,19.290549203913802,19.290549203913802,19.290549203913802,0.0,1.8871700274134395,1.59901925861323,31.43479018809288,0.0,19.290549203913802,19.290549203913802,34343.26313456302,25293.325286644533,21077.771072203777,971.1692376000001,12,82,0,19.290549203913802,19.290549203913802,19.290549203913802,t0_immediate,12,0.0,0.0,0.0,0.0,0.0,0.0,0.0,0.0,0.0,0.0,0.0,,0.0,0.0,0.0,0.0,0.0,0.0,0.0,0.0,0.0,0.0,0.0,0.0,0.0,0.0,0.0,0.0
S2_energy,113,link_failure,any_road,mild,,,,,19.290549203913802,19.290549203913802,0.0,1.8871700274134395,1.59901925861323,31.43479018809288,0.0,19.290549203913802,19.290549203913802,34343.26313456302,25293.325286644533,21077.771072203777,971.1692376000001,12,82,0,19.290549203913802,19.290549203913802,19.290549203913802,19.393519305060774,19.393519305060774,0.0,1.685564259953415,1.5302393152936142,31.532620867914588,0.456526433366166,19.5788986230929,19.5788986230929,33851.99250422167,24858.487133132505,20715.40594427709,959.9815416,17,82,0,19.44194069308305,19.5788986230929,19.71585655310275,t0_immediate,17,0.10297010114697258,0.005337852233158882,0.10297010114697258,0.005337852233158882,-0.20160576746002445,-0.10682967858298698,-0.06877994331961568,-0.04301383047710505,0.09783067982170834,0.0031121785523723785,0.456526433366166,,0.28834941917909873,0.014947703983492412,0.28834941917909873,0.014947703983492412,-491.2706303413506,-0.014304716136508777,-434.83815351202793,-0.01719181438518219,-362.36512792668873,-0.017191814385182132,-11.187696000000074,-0.011519821228736243,5.0,0.4166666666666667,0.0,0.0
S2_energy,114,combined_disruption,any_road + peripheral_area,moderate,link_failure,any_road,demand_surge,peripheral_area,19.290549203913802,19.290549203913802,0.0,1.8871700274134395,1.59901925861323,31.43479018809288,0.0,19.290549203913802,19.290549203913802,34343.26313456302,25293.325286644533,21077.771072203777,971.1692376000001,12,82,0,19.290549203913802,19.290549203913802,19.290549203913802,19.659330536264044,19.659330536264044,0.0,1.7615021986903165,1.5010531408211427,30.732995482794266,5.561111631502046,21.90272019803766,21.90272019803766,34091.62631330751,25099.503275561266,20916.25272963439,964.3680072000001,14,82,0,20.234386708587046,21.90272019803766,23.571053687488273,t0_immediate,14,0.3687813323502418,0.019117202338408325,0.3687813323502418,0.019117202338408325,-0.125667828723123,-0.06659062347199508,-0.09796611779208719,-0.06126637766517557,-0.7017947052986138,-0.022325414011016533,5.561111631502046,,2.612170994123858,0.13541195569454717,2.612170994123858,0.13541195569454717,-251.63682125550986,-0.007327108675420619,-193.82201108326626,-0.007662970720010817,-161.51834256938673,-0.007662970720010731,-6.801230400000009,-0.007003136154525996,2.0,0.16666666666666666,0.0,0.0
S2_energy,115,combined_disruption,central + peripheral_area,moderate,node_removal,central,demand_surge,peripheral_area,19.290549203913802,19.290549203913802,0.0,1.8871700274134395,1.59901925861323,31.43479018809288,0.0,19.290549203913802,19.290549203913802,34343.26313456302,25293.325286644533,21077.771072203777,971.1692376000001,12,82,0,19.290549203913802,19.290549203913802,19.290549203913802,19.640247847709546,19.807287071466884,0.16703922375733998,1.5093752890776586,1.3052590578622767,32.544218467336094,11.63588352503898,24.336461599144478,24.484064333384282,32963.177015343645,24217.028783015467,20180.857319179555,934.3606200000002,15,79,0,20.845696541632783,24.336461599144478,27.82722665665617,t0_immediate,15,0.3496986437957439,0.01812797759665622,0.5167378675530827,0.02678709984307981,-0.3777947383357809,-0.200191150160215,-0.2937602007509532,-0.1837127346456856,1.1094282792432146,0.035293007289212086,11.63588352503898,,5.045912395230676,0.26157432543221354,5.19351512947048,0.2692258822997524,-1380.086119219377,-0.04018506086075612,-1076.2965036290661,-0.04255259011741631,-896.9137530242224,-0.042552590117416335,-36.808617599999934,-0.03790134219136013,3.0,0.25,-3.0,-0.036585365853658534
S2_energy,116,link_failure,any_road,severe,,,,,19.290549203913802,19.290549203913802,0.0,1.8871700274134395,1.59901925861323,31.43479018809288,0.0,19.290549203913802,19.290549203913802,34343.26313456302,25293.325286644533,21077.771072203777,971.1692376000001,12,82,0,19.290549203913802,19.290549203913802,19.290549203913802,19.17901395290151,19.17901395290151,0.0,1.5163431925171411,1.3668897341520616,29.85870256876376,10.14132612689652,23.318803276152693,23.318803276152693,32444.353805552895,23968.459253929344,19973.71604494112,914.7433872,16,81,0,20.276405438083735,23.318803276152693,26.36120111422165,t0_immediate,16,-0.11153525101229178,-0.00578185980260545,-0.11153525101229178,-0.00578185980260545,-0.3708268348962984,-0.19649890021014943,-0.2321295244611683,-0.14516993664134203,-1.576087619329119,-0.05013832158250326,10.14132612689652,,4.028254072238891,0.20882008229302307,4.028254072238891,0.20882008229302307,-1898.9093290101264,-0.05529204728071009,-1324.8660327151883,-0.05238006540068295,-1104.055027262657,-0.05238006540068295,-56.42585040000006,-0.05810094493874448,4.0,0.3333333333333333,-1.0,-0.012195121951219513
S2_energy,117,demand_surge,central_area,mild,,,,,19.290549203913802,19.290549203913802,0.0,1.8871700274134395,1.59901925861323,31.43479018809288,0.0,19.290549203913802,19.290549203913802,34343.26313456302,25293.325286644533,21077.771072203777,971.1692376000001,12,82,0,19.290549203913802,19.290549203913802,19.290549203913802,19.060798121065375,19.060798121065375,0.0,1.871078756589784,1.5875977347588799,32.618303959187145,0.0,19.060798121065375,19.060798121065375,34343.26313456302,25293.325286644533,21077.771072203777,971.1692376000001,12,82,0,19.060798121065375,19.060798121065375,19.060798121065375,t0_immediate,12,-0.22975108284842705,-0.011910033271723209,-0.22975108284842705,-0.011910033271723209,-0.01609127082365558,-0.00852666722654043,-0.011421523854350024,-0.007142830702524176,1.1835137710942654,0.03764980660003152,0.0,,-0.22975108284842705,-0.011910033271723209,-0.22975108284842705,-0.011910033271723209,0.0,0.0,0.0,0.0,0.0,0.0,0.0,0.0,0.0,0.0,0.0,0.0
S2_energy,118,link_failure,any_road,mild,,,,,19.290549203913802,19.290549203913802,0.0,1.8871700274134395,1.59901925861323,31.43479018809288,0.0,19.290549203913802,19.290549203913802,34343.26313456302,25293.325286644533,21077.771072203777,971.1692376000001,12,82,0,19.290549203913802,19.290549203913802,19.290549203913802,18.677108904259576,18.677108904259576,0.0,1.8229486936485646,1.5610443509553045,31.565226311911776,1.467388458174999,19.283476238782697,19.283476238782697,34204.41895359113,25216.054807186698,21013.379005988914,966.3175416000001,14,82,0,18.843259701330197,19.283476238782697,19.723692776235197,t0_immediate,14,-0.6134402996542256,-0.0318000432838774,-0.6134402996542256,-0.0318000432838774,-0.06422133376487493,-0.03403049689852105,-0.03797490765792544,-0.023748874476258446,0.13043612381889602,0.004149419259311731,1.467388458174999,,-0.00707296513110478,-0.0003666544200654364,-0.00707296513110478,-0.0003666544200654364,-138.84418097189337,-0.004042836012055032,-77.27047945783488,-0.003054975120200407,-64.39206621486301,-0.003054975120200436,-4.851695999999947,-0.004995726606816429,2.0,0.16666666666666666,0.0,0.0
S2_energy,119,link_failure,any_road,moderate,,,,,19.290549203913802,19.290549203913802,0.0,1.8871700274134395,1.59901925861323,31.43479018809288,0.0,19.290549203913802,19.290549203913802,34343.26313456302,25293.325286644533,21077.771072203777,971.1692376000001,12,82,0,19.290549203913802,19.290549203913802,19.290549203913802,19.290549203913802,19.290549203913802,0.0,1.8871700274134395,1.59901925861323,31.43479018809288,0.0,19.290549203913802,19.290549203913802,34343.26313456302,25293.325286644533,21077.771072203777,971.1692376000001,12,82,0,19.290549203913802,19.290549203913802,19.290549203913802,t0_immediate,12,0.0,0.0,0.0,0.0,0.0,0.0,0.0,0.0,0.0,0.0,0.0,,0.0,0.0,0.0,0.0,0.0,0.0,0.0,0.0,0.0,0.0,0.0,0.0,0.0,0.0,0.0,0.0
S2_energy,120,combined_disruption,peripheral_area + any_road,moderate,demand_surge,peripheral_area,link_failure,any_road,19.290549203913802,19.290549203913802,0.0,1.8871700274134395,1.59901925861323,31.43479018809288,0.0,19.290549203913802,19.290549203913802,34343.26313456302,25293.325286644533,21077.771072203777,971.1692376000001,12,82,0,19.290549203913802,19.290549203913802,19.290549203913802,19.434913822503727,19.434913822503727,0.0,1.6707188500502768,1.4582731357024987,34.506060855153095,4.352366260060803,21.200454946657665,21.200454946657665,33514.52092934561,24683.956043618407,20569.963369682006,947.6972352000001,14,82,0,19.894745068639423,21.200454946657665,22.506164824675906,t0_immediate,14,0.14436461858992544,0.007483696657046744,0.14436461858992544,0.007483696657046744,-0.21645117736316277,-0.1146961716320979,-0.1407461229107312,-0.0880202800263926,3.0712706670602152,0.09770291605838602,4.352366260060803,,1.909905742743863,0.09900732853973737,1.909905742743863,0.09900732853973737,-828.7422052174152,-0.024131143332835194,-609.3692430261253,-0.024092096872208674,-507.8077025217717,-0.024092096872208705,-23.47200239999995,-0.024168807547904923,2.0,0.16666666666666666,0.0,0.0
S2_energy,121,area_closure,peripheral_area,moderate,,,,,19.290549203913802,19.290549203913802,0.0,1.8871700274134395,1.59901925861323,31.43479018809288,0.0,19.290549203913802,19.290549203913802,34343.26313456302,25293.325286644533,21077.771072203777,971.1692376000001,12,82,0,19.290549203913802,19.290549203913802,19.290549203913802,18.28227645881349,18.374001508441822,0.09172504962832853,1.6925397302603506,1.4510098734193098,29.902176494093357,8.163061654778296,21.687719952450507,21.7719574297248,31969.708451508755,23785.259028463133,19821.049190385944,895.1593944000001,17,77,0,19.23880145601702,21.687719952450507,24.136638448883996,t0_immediate,17,-1.0082727451003102,-0.052267705519537244,-0.91654769547198,-0.04751278389140027,-0.19463029715308888,-0.10313341899555797,-0.14800938519392015,-0.09256260323111005,-1.5326136939995223,-0.048755333973250374,8.163061654778296,,2.3971707485367055,0.1242665889496993,2.4814082258109984,0.12863336339369502,-2373.554683054266,-0.06911267207644935,-1508.0662581813995,-0.0596230919062941,-1256.7218818178335,-0.059623091906294126,-76.00984319999998,-0.07826632090184317,5.0,0.4166666666666667,-5.0,-0.06097560975609756
S2_energy,122,link_failure,any_road,mild,,,,,19.290549203913802,19.290549203913802,0.0,1.8871700274134395,1.59901925861323,31.43479018809288,0.0,19.290549203913802,19.290549203913802,34343.26313456302,25293.325286644533,21077.771072203777,971.1692376000001,12,82,0,19.290549203913802,19.290549203913802,19.290549203913802,18.997755101207435,18.997755101207435,0.0,1.8469675183193976,1.5646409648910062,29.869571050096173,2.4565278681491804,20.00498667371305,20.00498667371305,33924.74719569294,25195.515715939404,20996.26309661617,951.5409288000001,13,81,0,19.268028313268292,20.00498667371305,20.7419450341578,t0_immediate,13,-0.29279410270636674,-0.01517811129228828,-0.29279410270636674,-0.01517811129228828,-0.04020250909404188,-0.021303066766667312,-0.034378293722223674,-0.021499612050975978,-1.5652191379967064,-0.04979257468018961,2.4565278681491804,,0.7144374697992468,0.037035621031167774,0.7144374697992468,0.037035621031167774,-418.51593887008494,-0.012186260147449151,-97.80957070512886,-0.0038670111421361666,-81.50797558760678,-0.003867011142136138,-19.628308800000013,-0.020211007556732778,1.0,0.08333333333333333,-1.0,-0.012195121951219513
S2_energy,123,combined_disruption,any_road + central_area,mild,link_failure,any_road,demand_surge,central_area,19.290549203913802,19.290549203913802,0.0,1.8871700274134395,1.59901925861323,31.43479018809288,0.0,19.290549203913802,19.290549203913802,34343.26313456302,25293.325286644533,21077.771072203777,971.1692376000001,12,82,0,19.290549203913802,19.290549203913802,19.290549203913802,18.471654895389882,18.471654895389882,0.0,1.8102087615229545,1.5513052954562625,32.742961144642564,1.402376196181834,19.05403852180518,19.05403852180518,33903.37420737473,24958.88755826209,20799.07296521841,959.1175464,13,82,0,18.63332566295063,19.05403852180518,19.47475138065973,t0_immediate,13,-0.8188943085239195,-0.0424505440393463,-0.8188943085239195,-0.0424505440393463,-0.07696126589048502,-0.04078130998931153,-0.04771396315696741,-0.02983951750421565,1.3081709565496844,0.04161538692391858,1.402376196181834,,-0.23651068210862292,-0.012260443163569338,-0.23651068210862292,-0.012260443163569338,-439.8889271882945,-0.012808594380351434,-334.4377283824433,-0.013222370905854527,-278.6981069853682,-0.01322237090585447,-12.05169120000005,-0.012409465552865704,1.0,0.08333333333333333,0.0,0.0
S2_energy,124,area_closure,central_area,mild,,,,,19.290549203913802,19.290549203913802,0.0,1.8871700274134395,1.59901925861323,31.43479018809288,0.0,19.290549203913802,19.290549203913802,34343.26313456302,25293.325286644533,21077.771072203777,971.1692376000001,12,82,0,19.290549203913802,19.290549203913802,19.290549203913802,19.439948773985233,19.93745894364873,0.4975101696634956,1.4638571639852664,1.2834976948251036,35.91564892000332,11.604003068366197,24.146538362782884,24.5863174370932,32743.362453444963,24212.40374496744,20177.0031208062,922.3199976000002,16,79,0,20.665337442273028,24.146538362782884,27.627739283292748,t0_immediate,16,0.1493995700714308,0.007744702781252053,0.6469097397349266,0.033535060764557034,-0.4233128634281731,-0.2243109297408495,-0.31552156378812635,-0.1973219284811907,4.480858731910441,0.14254457259293993,11.604003068366197,,4.8559891588690824,0.25172892215447473,5.295768233179398,0.2745265662060547,-1599.9006811180589,-0.04658557560035466,-1080.921541677093,-0.042735446186976646,-900.7679513975781,-0.042735446186976674,-48.849239999999895,-0.050299410348621086,4.0,0.3333333333333333,-3.0,-0.036585365853658534
S2_energy,125,link_failure,any_road,moderate,,,,,19.290549203913802,19.290549203913802,0.0,1.8871700274134395,1.59901925861323,31.43479018809288,0.0,19.290549203913802,19.290549203913802,34343.26313456302,25293.325286644533,21077.771072203777,971.1692376000001,12,82,0,19.290549203913802,19.290549203913802,19.290549203913802,19.022513823727007,19.022513823727007,0.0,1.8036106783939263,1.5254538284288957,30.86957176748767,4.249985114126227,20.76405088636174,20.76405088636174,33949.051552931305,25081.835641396956,20901.52970116413,957.101544,13,81,0,19.48905535212387,20.76405088636174,22.039046420599608,t0_immediate,13,-0.2680353801867952,-0.013894647443858897,-0.2680353801867952,-0.013894647443858897,-0.08355934901951323,-0.044277594390389884,-0.07356543018433426,-0.046006594222095125,-0.5652184206052091,-0.01798066464650071,4.249985114126227,,1.4735016824479388,0.0763846413532376,1.4735016824479388,0.0763846413532376,-394.2115816317164,-0.011478570923418814,-211.48964524757685,-0.008361480463750978,-176.24137103964676,-0.008361480463750948,-14.067693600000098,-0.014485316312906343,1.0,0.08333333333333333,-1.0,-0.012195121951219513
S2_energy,126,demand_surge,peripheral_area,mild,,,,,19.290549203913802,19.290549203913802,0.0,1.8871700274134395,1.59901925861323,31.43479018809288,0.0,19.290549203913802,19.290549203913802,34343.26313456302,25293.325286644533,21077.771072203777,971.1692376000001,12,82,0,19.290549203913802,19.290549203913802,19.290549203913802,19.49027816077978,19.49027816077978,0.0,1.9011586132186167,1.608948304504843,30.405929004909016,0.0,19.49027816077978,19.49027816077978,34343.26313456302,25293.325286644533,21077.771072203777,971.1692376000001,12,82,0,19.49027816077978,19.49027816077978,19.49027816077978,t0_immediate,12,0.1997289568659788,0.010353720609751038,0.1997289568659788,0.010353720609751038,0.013988585805177145,0.007412467134373653,0.00992904589161303,0.006209459853675636,-1.0288611831838637,-0.03273001591636466,0.0,,0.1997289568659788,0.010353720609751038,0.1997289568659788,0.010353720609751038,0.0,0.0,0.0,0.0,0.0,0.0,0.0,0.0,0.0,0.0,0.0,0.0
S2_energy,127,link_failure,any_road,mild,,,,,19.290549203913802,19.290549203913802,0.0,1.8871700274134395,1.59901925861323,31.43479018809288,0.0,19.290549203913802,19.290549203913802,34343.26313456302,25293.325286644533,21077.771072203777,971.1692376000001,12,82,0,19.290549203913802,19.290549203913802,19.290549203913802,19.95434074725117,19.95434074725117,0.0,1.651036305180936,1.4690449929555713,36.04347822967863,1.6521669886558883,20.615961909814708,20.615961909814708,33927.737296184314,25035.209541876462,20862.674618230387,957.6443112000001,15,82,0,20.120311813217942,20.615961909814708,21.111612006411477,t0_immediate,15,0.6637915433373678,0.03441019414847417,0.6637915433373678,0.03441019414847417,-0.2361337222325035,-0.1251258332860177,-0.12997426565765857,-0.08128373999096197,4.608688041585747,0.14661106417473282,1.6521669886558883,,1.3254127059009058,0.06870787824081218,1.3254127059009058,0.06870787824081218,-415.5258383787077,-0.012099195022633798,-258.1157447680707,-0.010204895633250796,-215.09645397339045,-0.010204895633250709,-13.524926400000027,-0.013926436172364224,3.0,0.25,0.0,0.0
S2_energy,128,link_failure,any_road,mild,,,,,19.290549203913802,19.290549203913802,0.0,1.8871700274134395,1.59901925861323,31.43479018809288,0.0,19.290549203913802,19.290549203913802,34343.26313456302,25293.325286644533,21077.771072203777,971.1692376000001,12,82,0,19.290549203913802,19.290549203913802,19.290549203913802,19.225325698158557,19.225325698158557,0.0,1.720160867907505,1.5009701593661526,34.630439352080685,2.6630505352099334,20.311175880383853,20.311175880383853,33649.20222251852,24730.15893137778,20608.46577614815,953.4683112000001,13,82,0,19.512260719820873,20.311175880383853,21.11009104094683,t0_immediate,13,-0.06522350575524527,-0.0033811119147407307,-0.06522350575524527,-0.0033811119147407307,-0.16700915950593442,-0.08849714497365012,-0.09804909924707728,-0.061318272884412675,3.195649163987806,0.10165963077425849,2.6630505352099334,,1.0206266764700516,0.05290811918734691,1.0206266764700516,0.05290811918734691,-694.0609120445006,-0.020209521422732787,-563.1663552667524,-0.022265413854623432,-469.30529605562697,-0.022265413854623432,-17.700926399999958,-0.018226407627720306,1.0,0.08333333333333333,0.0,0.0
S2_energy,129,node_removal,peripheral,moderate,,,,,19.290549203913802,19.290549203913802,0.0,1.8871700274134395,1.59901925861323,31.43479018809288,0.0,19.290549203913802,19.290549203913802,34343.26313456302,25293.325286644533,21077.771072203777,971.1692376000001,12,82,0,19.290549203913802,19.290549203913802,19.290549203913802,17.95223321231565,17.97986372635163,0.027630514035979475,1.3399348455264168,1.2287008365942023,33.66305125260143,14.826093537809053,24.186274446817542,24.20980843499757,31548.114008441873,23052.975831062813,19210.813192552345,898.8590807999999,17,80,0,19.738446385474823,24.186274446817542,28.634102508160254,t0_immediate,17,-1.3383159915981508,-0.06937676980843158,-1.3106854775621706,-0.06794443557346981,-0.5472351818870227,-0.28997661786578116,-0.37031842201902765,-0.23159097054290081,2.2282610645085477,0.07088518966328543,14.826093537809053,,4.89572524290374,0.2537887952879258,4.9192592310837675,0.255008770309438,-2795.1491261211486,-0.08138857146943948,-2240.3494555817197,-0.08857472990175304,-1866.9578796514324,-0.08857472990175301,-72.31015680000019,-0.07445680320218596,5.0,0.4166666666666667,-2.0,-0.024390243902439025
S2_energy,130,link_failure,any_road,mild,,,,,19.290549203913802,19.290549203913802,0.0,1.8871700274134395,1.59901925861323,31.43479018809288,0.0,19.290549203913802,19.290549203913802,34343.26313456302,25293.325286644533,21077.771072203777,971.1692376000001,12,82,0,19.290549203913802,19.290549203913802,19.290549203913802,20.001574735003555,20.001574735003555,0.0,1.7023640101004698,1.4837062803632959,28.52175023440768,5.010864894374861,22.00584178491003,22.00584178491003,34133.65045309902,25099.135212448517,20915.946010373766,966.7163136000001,13,82,0,20.502582316597568,22.00584178491003,23.509101253222486,t0_immediate,13,0.7110255310897529,0.036858750032139835,0.7110255310897529,0.036858750032139835,-0.18480601731296975,-0.09792759244182432,-0.11531297824993403,-0.07211481514609192,-2.9130399536851996,-0.09266929845100809,5.010864894374861,,2.715292580996227,0.14075766077439253,2.715292580996227,0.14075766077439253,-209.61268146400107,-0.006103458504880601,-194.1900741960162,-0.007677522508222875,-161.8250618300117,-0.007677522508222789,-4.452923999999939,-0.004585116401549351,1.0,0.08333333333333333,0.0,0.0
S2_energy,131,link_failure,any_road,moderate,,,,,19.290549203913802,19.290549203913802,0.0,1.8871700274134395,1.59901925861323,31.43479018809288,0.0,19.290549203913802,19.290549203913802,34343.26313456302,25293.325286644533,21077.771072203777,971.1692376000001,12,82,0,19.290549203913802,19.290549203913802,19.290549203913802,19.132476082812833,19.132476082812833,0.0,1.7690950373191374,1.5234155372238332,33.04349042533424,3.1086869654984897,20.402919471948408,20.402919471948408,33224.455301391085,24107.094965686625,20089.245804738854,952.9477032000002,15,82,0,19.470313382298862,20.402919471948408,21.335525561597954,t0_immediate,15,-0.15807312110096916,-0.008194329743027647,-0.15807312110096916,-0.008194329743027647,-0.11807499009430211,-0.06256722413938294,-0.07560372138939675,-0.047281307577849346,1.6087002372413615,0.051175790505219206,3.1086869654984897,,1.1123702680346064,0.057664002008243544,1.1123702680346064,0.057664002008243544,-1118.807833171937,-0.03257721401685823,-1186.2303209579077,-0.04689894695594909,-988.5252674649237,-0.046898946955949115,-18.221534399999882,-0.018762470735821296,3.0,0.25,0.0,0.0
S2_energy,132,combined_disruption,peripheral_area + central_area,moderate,demand_surge,peripheral_area,area_closure,central_area,19.290549203913802,19.290549203913802,0.0,1.8871700274134395,1.59901925861323,31.43479018809288,0.0,19.290549203913802,19.290549203913802,34343.26313456302,25293.325286644533,21077.771072203777,971.1692376000001,12,82,0,19.290549203913802,19.290549203913802,19.290549203913802,18.937761507925092,19.216601676019476,0.2788401680943845,1.4038976014101656,1.2670420885316296,29.8910887619135,12.89873086209236,24.234269136968326,24.477142462244807,30781.400486212817,22077.26724931922,18397.722707766017,892.4012400000001,16,76,0,20.364649878340618,24.234269136968326,28.103888395596037,t0_immediate,16,-0.3527876959887095,-0.018288110528088722,-0.07394752789432602,-0.003833355241089923,-0.4832724260032739,-0.2560831398247928,-0.3319771700816003,-0.20761299045860887,-1.5437014261793784,-0.04910805565879406,12.89873086209236,,4.943719933054524,0.25627678511358853,5.186593258331005,0.26886706041934316,-3561.862648350205,-0.10371357649953625,-3216.058037325314,-0.1271504636451842,-2680.04836443776,-0.12715046364518412,-78.76799759999994,-0.08110635566943532,4.0,0.3333333333333333,-6.0,-0.07317073170731707
S2_energy,133,node_removal,central,mild,,,,,19.290549203913802,19.290549203913802,0.0,1.8871700274134395,1.59901925861323,31.43479018809288,0.0,19.290549203913802,19.290549203913802,34343.26313456302,25293.325286644533,21077.771072203777,971.1692376000001,12,82,0,19.290549203913802,19.290549203913802,19.290549203913802,19.327309317340205,19.529415092254556,0.20210577491435147,1.4979703286744273,1.3014647641100656,34.086957894140276,11.173903592624931,23.872036562747155,24.051559233217446,33254.031532962006,24394.010832243,20328.3423602025,943.9643136000001,14,80,0,20.519865484959674,23.872036562747155,27.224207640534633,t0_immediate,14,0.03676011342640351,0.00190560222199093,0.2388658883407544,0.012382534360001094,-0.3891996987390123,-0.20623456979785254,-0.2975544945031643,-0.1860856227342892,2.652167706047397,0.08437045993238429,11.173903592624931,,4.581487358833353,0.2374990629040167,4.761010029303645,0.24680531274546075,-1089.2316016010154,-0.03171601945141939,-899.314454401534,-0.035555406187591836,-749.4287120012777,-0.03555540618759181,-27.204924000000005,-0.02801254708935192,2.0,0.16666666666666666,-2.0,-0.024390243902439025
S2_energy,134,combined_disruption,central_area + peripheral,moderate,area_closure,central_area,node_removal,peripheral,19.290549203913802,19.290549203913802,0.0,1.8871700274134395,1.59901925861323,31.43479018809288,0.0,19.290549203913802,19.290549203913802,34343.26313456302,25293.325286644533,21077.771072203777,971.1692376000001,12,82,0,19.290549203913802,19.290549203913802,19.290549203913802,13.961130927158834,15.078540357122508,1.117409429963674,0.4787809703746347,0.4787809703746347,25.109278274088005,58.129371139977906,40.72323599915918,41.19110235442616,25462.74420257191,17736.656187857858,14780.546823214883,757.6837080000001,25,73,0,23.284424657165808,40.72323599915918,58.16204734115255,t0_immediate,25,-5.329418276754968,-0.276270945965276,-4.212008846791294,-0.21834571956804277,-1.408389057038805,-0.7462968553867649,-1.1202382882385953,-0.7005783590187252,-6.325511914004874,-0.20122647156719062,58.129371139977906,,21.432686795245377,1.111045961869088,21.900553150512355,1.1352996184302009,-8880.518931991111,-0.25858110503931026,-7556.669098786675,-0.2987613931006839,-6297.224248988894,-0.2987613931006838,-213.48552959999995,-0.2198232000506684,13.0,1.0833333333333333,-9.0,-0.10975609756097561
S2_energy,135,link_failure,any_road,mild,,,,,19.290549203913802,19.290549203913802,0.0,1.8871700274134395,1.59901925861323,31.43479018809288,0.0,19.290549203913802,19.290549203913802,34343.26313456302,25293.325286644533,21077.771072203777,971.1692376000001,12,82,0,19.290549203913802,19.290549203913802,19.290549203913802,19.29911871208907,19.29911871208907,0.0,1.8858656661752504,1.5977148973750408,31.304354064273976,0.13043612381890457,19.352207364001156,19.352207364001156,34057.22771068129,25091.271540421934,20909.392950351612,962.7618528,12,81,0,19.313076526855482,19.352207364001156,19.391338201146826,t0_immediate,12,0.008569508175266805,0.00044423349924781625,0.008569508175266805,0.00044423349924781625,-0.0013043612381891112,-0.0006911731424522847,-0.0013043612381891112,-0.0008157257838910179,-0.13043612381890313,-0.004149419259311957,0.13043612381890457,,0.061658160087354474,0.0031962884745056837,0.061658160087354474,0.0031962884745056837,-286.0354238817308,-0.0083287200392401,-202.05374622259842,-0.007988421606600201,-168.37812185216535,-0.007988421606600201,-8.407384800000045,-0.008656971899951009,0.0,0.0,-1.0,-0.012195121951219513
S2_energy,136,node_removal,central,moderate,,,,,19.290549203913802,19.290549203913802,0.0,1.8871700274134395,1.59901925861323,31.43479018809288,0.0,19.290549203913802,19.290549203913802,34343.26313456302,25293.325286644533,21077.771072203777,971.1692376000001,12,82,0,19.290549203913802,19.290549203913802,19.290549203913802,19.95674704076267,20.123646740895648,0.1668997001329761,1.6954907664029808,1.4754913891225012,29.16304802433966,5.163037980858558,22.024195399819366,22.182478005044537,33466.922876551616,24620.33502922742,20516.945857689516,947.4092328,14,80,0,20.475284005561797,22.024195399819366,23.573106794076935,t0_immediate,14,0.6661978368488697,0.03453493365101844,0.8330975369818461,0.04318682315238705,-0.19167926101045873,-0.10156968276630318,-0.12352786949072869,-0.07725227124397478,-2.2717421637532205,-0.07226840548831559,5.163037980858558,,2.733646195905564,0.1417090911725283,2.891928801130735,0.1499142803328793,-876.3402580114052,-0.02551709354401613,-672.9902574171138,-0.02660742507322548,-560.8252145142615,-0.02660742507322548,-23.760004800000047,-0.024465359774694787,2.0,0.16666666666666666,-2.0,-0.024390243902439025
S2_energy,137,link_failure,any_road,severe,,,,,19.290549203913802,19.290549203913802,0.0,1.8871700274134395,1.59901925861323,31.43479018809288,0.0,19.290549203913802,19.290549203913802,34343.26313456302,25293.325286644533,21077.771072203777,971.1692376000001,12,82,0,19.290549203913802,19.290549203913802,19.290549203913802,18.881556949336236,18.881556949336236,0.0,1.5313348170061007,1.38629698080882,31.53260652008445,8.858709025287336,22.52412017492302,22.52412017492302,32780.98982804606,24303.83654766908,20253.19712305757,921.0240072000001,19,81,0,19.866507467336817,22.52412017492302,25.18173288250922,t0_immediate,19,-0.4089922545775657,-0.021201690540494644,-0.4089922545775657,-0.021201690540494644,-0.3558352104073388,-0.1885549289350719,-0.21272227780441,-0.13303296796368552,0.09781633199157014,0.0031117221208182833,8.858709025287336,,3.233570971009218,0.16762461953924923,3.233570971009218,0.16762461953924923,-1562.2733065169596,-0.04548994952505516,-989.4887389754513,-0.03912054772402443,-824.5739491462082,-0.03912054772402437,-50.145230399999946,-0.0516338743635674,7.0,0.5833333333333334,-1.0,-0.012195121951219513
S2_energy,138,area_closure,peripheral_area,moderate,,,,,19.290549203913802,19.290549203913802,0.0,1.8871700274134395,1.59901925861323,31.43479018809288,0.0,19.290549203913802,19.290549203913802,34343.26313456302,25293.325286644533,21077.771072203777,971.1692376000001,12,82,0,19.290549203913802,19.290549203913802,19.290549203913802,17.386481231097296,17.434500036190183,0.04801880509288664,1.5499802525582034,1.3586722689295165,30.89130155623739,11.521745212667128,22.29630228980235,22.33878849051827,31620.423460147606,22884.494723021406,19070.412269184504,909.1163136000001,15,76,0,18.839778726002212,22.29630228980235,25.752825853602488,t0_immediate,15,-1.904067972816506,-0.09870470522582091,-1.8560491677236186,-0.09621546530914996,-0.33718977485523616,-0.17867482524475517,-0.24034698968371337,-0.15030900246452153,-0.5434886318554888,-0.0172893990576516,11.521745212667128,,3.00575308588855,0.15581480102592007,3.048239286604467,0.15801723706166015,-2722.839674415416,-0.07928307987935931,-2408.830563623127,-0.09523581958181852,-2007.3588030192732,-0.09523581958181855,-62.05292399999996,-0.06389506750991014,3.0,0.25,-6.0,-0.07317073170731707
S2_energy,139,link_failure,any_road,mild,,,,,19.290549203913802,19.290549203913802,0.0,1.8871700274134395,1.59901925861323,31.43479018809288,0.0,19.290549203913802,19.290549203913802,34343.26313456302,25293.325286644533,21077.771072203777,971.1692376000001,12,82,0,19.290549203913802,19.290549203913802,19.290549203913802,18.807535967276948,18.807535967276948,0.0,1.8333757256752645,1.5526959473920516,30.065218061909448,2.967403882092402,20.029882744113486,20.029882744113486,33994.760594761916,25226.36469774287,21021.97058145239,954.2880072,14,82,0,19.139661579485768,20.029882744113486,20.920103908741208,t0_immediate,14,-0.4830132366368538,-0.025038853561455715,-0.4830132366368538,-0.025038853561455715,-0.05379430173817501,-0.028505275601428254,-0.046323311221178276,-0.028969826955900935,-1.3695721261834315,-0.04356867400699906,2.967403882092402,,0.7393335401996843,0.0383262048365986,0.7393335401996843,0.0383262048365986,-348.50253980110574,-0.010147624540964868,-66.96058890166387,-0.0026473620270491133,-55.80049075138595,-0.0026473620270490847,-16.88123040000005,-0.017382377598489172,2.0,0.16666666666666666,0.0,0.0
S2_energy,140,demand_surge,peripheral_area,moderate,,,,,19.290549203913802,19.290549203913802,0.0,1.8871700274134395,1.59901925861323,31.43479018809288,0.0,19.290549203913802,19.290549203913802,34343.26313456302,25293.325286644533,21077.771072203777,971.1692376000001,12,82,0,19.290549203913802,19.290549203913802,19.290549203913802,19.632203415600706,19.632203415600706,0.0,1.9110987522757457,1.6160037780346062,29.674831281824822,0.0,19.632203415600706,19.632203415600706,34343.26313456302,25293.325286644533,21077.771072203777,971.1692376000001,12,82,0,19.632203415600706,19.632203415600706,19.632203415600706,t0_immediate,12,0.3416542116869046,0.017710963439941222,0.3416542116869046,0.017710963439941222,0.023928724862306128,0.012679686787471346,0.016984519421376243,0.010621835434368869,-1.7599589062680572,-0.05598761422415056,0.0,,0.3416542116869046,0.017710963439941222,0.3416542116869046,0.017710963439941222,0.0,0.0,0.0,0.0,0.0,0.0,0.0,0.0,0.0,0.0,0.0,0.0
S2_energy,141,combined_disruption,any_road + central_area,moderate,link_failure,any_road,demand_surge,central_area,19.290549203913802,19.290549203913802,0.0,1.8871700274134395,1.59901925861323,31.43479018809288,0.0,19.290549203913802,19.290549203913802,34343.26313456302,25293.325286644533,21077.771072203777,971.1692376000001,12,82,0,19.290549203913802,19.290549203913802,19.290549203913802,18.326282546842577,18.326282546842577,0.0,1.7410842558800512,1.4965684365421807,34.45739303841878,3.033926527128666,19.590632515494573,19.590632515494573,33734.401782979185,24722.775363268775,20602.31280272398,958.4750856,14,82,0,18.680454557355972,19.590632515494573,20.500810473633173,t0_immediate,14,-0.9642666570712244,-0.04998648026441815,-0.9642666570712244,-0.04998648026441815,-0.1460857715333883,-0.07740996805338937,-0.10245082207104916,-0.06407103699295089,3.0226028503258995,0.09615470096157426,3.033926527128666,,0.30008331158077084,0.015555975540597249,0.30008331158077084,0.015555975540597249,-608.861351583837,-0.017728698324274247,-570.5499233757582,-0.022557331505834936,-475.4582694797973,-0.02255733150583488,-12.694152000000031,-0.013070998862536489,2.0,0.16666666666666666,0.0,0.0
S2_energy,142,link_failure,any_road,moderate,,,,,19.290549203913802,19.290549203913802,0.0,1.8871700274134395,1.59901925861323,31.43479018809288,0.0,19.290549203913802,19.290549203913802,34343.26313456302,25293.325286644533,21077.771072203777,971.1692376000001,12,82,0,19.290549203913802,19.290549203913802,19.290549203913802,19.290549203913802,19.290549203913802,0.0,1.8871700274134395,1.59901925861323,31.43479018809288,0.0,19.290549203913802,19.290549203913802,34343.26313456302,25293.325286644533,21077.771072203777,971.1692376000001,12,82,0,19.290549203913802,19.290549203913802,19.290549203913802,t0_immediate,12,0.0,0.0,0.0,0.0,0.0,0.0,0.0,0.0,0.0,0.0,0.0,,0.0,0.0,0.0,0.0,0.0,0.0,0.0,0.0,0.0,0.0,0.0,0.0,0.0,0.0,0.0,0.0
S2_energy,143,demand_surge,peripheral_area,moderate,,,,,19.290549203913802,19.290549203913802,0.0,1.8871700274134395,1.59901925861323,31.43479018809288,0.0,19.290549203913802,19.290549203913802,34343.26313456302,25293.325286644533,21077.771072203777,971.1692376000001,12,82,0,19.290549203913802,19.290549203913802,19.290549203913802,19.632203415600706,19.632203415600706,0.0,1.9110987522757457,1.6160037780346062,29.674831281824822,0.0,19.632203415600706,19.632203415600706,34343.26313456302,25293.325286644533,21077.771072203777,971.1692376000001,12,82,0,19.632203415600706,19.632203415600706,19.632203415600706,t0_immediate,12,0.3416542116869046,0.017710963439941222,0.3416542116869046,0.017710963439941222,0.023928724862306128,0.012679686787471346,0.016984519421376243,0.010621835434368869,-1.7599589062680572,-0.05598761422415056,0.0,,0.3416542116869046,0.017710963439941222,0.3416542116869046,0.017710963439941222,0.0,0.0,0.0,0.0,0.0,0.0,0.0,0.0,0.0,0.0,0.0,0.0
S2_energy,144,demand_surge,peripheral_area,mild,,,,,19.290549203913802,19.290549203913802,0.0,1.8871700274134395,1.59901925861323,31.43479018809288,0.0,19.290549203913802,19.290549203913802,34343.26313456302,25293.325286644533,21077.771072203777,971.1692376000001,12,82,0,19.290549203913802,19.290549203913802,19.290549203913802,19.49027816077978,19.49027816077978,0.0,1.9011586132186167,1.608948304504843,30.405929004909016,0.0,19.49027816077978,19.49027816077978,34343.26313456302,25293.325286644533,21077.771072203777,971.1692376000001,12,82,0,19.49027816077978,19.49027816077978,19.49027816077978,t0_immediate,12,0.1997289568659788,0.010353720609751038,0.1997289568659788,0.010353720609751038,0.013988585805177145,0.007412467134373653,0.00992904589161303,0.006209459853675636,-1.0288611831838637,-0.03273001591636466,0.0,,0.1997289568659788,0.010353720609751038,0.1997289568659788,0.010353720609751038,0.0,0.0,0.0,0.0,0.0,0.0,0.0,0.0,0.0,0.0,0.0,0.0
S2_energy,145,node_removal,peripheral,mild,,,,,19.290549203913802,19.290549203913802,0.0,1.8871700274134395,1.59901925861323,31.43479018809288,0.0,19.290549203913802,19.290549203913802,34343.26313456302,25293.325286644533,21077.771072203777,971.1692376000001,12,82,0,19.290549203913802,19.290549203913802,19.290549203913802,16.748008546713013,16.80743162739992,0.05942308068690874,1.3871517120201593,1.1849151246356389,31.076094434548427,21.59781023416376,26.089491583290663,26.13608057977552,32773.95607856197,23924.524092242948,19937.103410202457,934.6818528000001,15,81,0,19.610148513041537,26.089491583290663,32.568834653539795,t0_immediate,15,-2.5425406572007887,-0.13180239869401647,-2.48311757651388,-0.12872197417842765,-0.5000183153932802,-0.2649566854760865,-0.41410413397759105,-0.2589738252037866,-0.3586957535444526,-0.011410788855219471,21.59781023416376,,6.798942379376861,0.3524493941311657,6.845531375861718,0.35486451440547107,-1569.3070560010528,-0.0456947567810382,-1368.8011944015852,-0.05411709132307504,-1140.6676620013204,-0.05411709132307501,-36.48738479999997,-0.03757057306527681,3.0,0.25,-1.0,-0.012195121951219513
S2_energy,146,area_closure,central_area,mild,,,,,19.290549203913802,19.290549203913802,0.0,1.8871700274134395,1.59901925861323,31.43479018809288,0.0,19.290549203913802,19.290549203913802,34343.26313456302,25293.325286644533,21077.771072203777,971.1692376000001,12,82,0,19.290549203913802,19.290549203913802,19.290549203913802,19.38431744368908,19.698174707056335,0.31385726336725395,1.4363188383809413,1.2498020045600333,35.18477494352336,13.673898212188627,24.938064534624687,25.209005275267543,32376.183692515504,23827.324084373253,19856.103403644378,916.1833872000001,15,77,0,20.8358950709681,24.938064534624687,29.040233998281277,t0_immediate,15,0.09376823977527948,0.004860838267697175,0.4076255031425333,0.02113083970983218,-0.4508511890324982,-0.2389033221614038,-0.3492172540531966,-0.2183946517042326,3.7499847554304786,0.11929409208689193,13.673898212188627,,5.647515330710885,0.29276073330069197,5.9184560713537415,0.30680599130650793,-1967.0794420475177,-0.05727701046753041,-1466.00120227128,-0.05796000271444589,-1221.6676685593993,-0.05796000271444586,-54.985850400000004,-0.0566181961610354,3.0,0.25,-5.0,-0.06097560975609756
S2_energy,147,combined_disruption,peripheral_area + any_road,mild,demand_surge,peripheral_area,link_failure,any_road,19.290549203913802,19.290549203913802,0.0,1.8871700274134395,1.59901925861323,31.43479018809288,0.0,19.290549203913802,19.290549203913802,34343.26313456302,25293.325286644533,21077.771072203777,971.1692376000001,12,82,0,19.290549203913802,19.290549203913802,19.290549203913802,19.528871463014987,19.528871463014987,0.0,1.8390039769159965,1.5794634677992423,33.78110998008481,1.0385086267224073,19.94916762420349,19.94916762420349,34097.23597055356,25204.22054063033,21003.517117191943,960.8012376,13,81,0,19.637615036186766,19.94916762420349,20.26072021222021,t0_immediate,13,0.2383222591011851,0.01235435324219969,0.2383222591011851,0.01235435324219969,-0.04816605049744305,-0.025522899260677412,-0.019555790813987617,-0.012229865718407687,2.3463197919919274,0.07464086058639212,1.0385086267224073,,0.6586184202896881,0.034142025368363436,0.6586184202896881,0.034142025368363436,-246.0271640094652,-0.007163767841322676,-89.10474601420356,-0.0035228561292118023,-74.25395501183448,-0.003522856129211716,-10.368000000000052,-0.010675791199504991,1.0,0.08333333333333333,-1.0,-0.012195121951219513
S2_energy,148,link_failure,any_road,moderate,,,,,19.290549203913802,19.290549203913802,0.0,1.8871700274134395,1.59901925861323,31.43479018809288,0.0,19.290549203913802,19.290549203913802,34343.26313456302,25293.325286644533,21077.771072203777,971.1692376000001,12,82,0,19.290549203913802,19.290549203913802,19.290549203913802,19.350416666882076,19.350416666882076,0.0,1.8212825083826132,1.581708020143932,31.315222545606375,0.13043612381890457,19.40343840773033,19.40343840773033,34081.616869292426,25188.866940738637,20990.722450615533,960.5021616,14,82,0,19.364307570584657,19.40343840773033,19.442569244876,t0_immediate,14,0.059867462968274054,0.003103460784627517,0.059867462968274054,0.003103460784627517,-0.06588751903082635,-0.034913398408055456,-0.01731123846929794,-0.010826160082844365,-0.11956764248650487,-0.003803672356998764,0.13043612381890457,,0.112889203816529,0.005852047166890679,0.112889203816529,0.005852047166890679,-261.6462652705959,-0.007618561586457851,-104.45834590589584,-0.004129877931117752,-87.04862158824471,-0.004129877931117665,-10.667076000000066,-0.010983745764395354,2.0,0.16666666666666666,0.0,0.0
S2_energy,149,link_failure,any_road,severe,,,,,19.290549203913802,19.290549203913802,0.0,1.8871700274134395,1.59901925861323,31.43479018809288,0.0,19.290549203913802,19.290549203913802,34343.26313456302,25293.325286644533,21077.771072203777,971.1692376000001,12,82,0,19.290549203913802,19.290549203913802,19.290549203913802,19.97852614884635,19.97852614884635,0.0,1.5526275467591104,1.424466837314336,36.04347822967863,2.1412988660192447,20.835505514585293,20.835505514585293,33445.67819853526,24629.740622602876,20524.783852169065,945.8806176,17,82,0,20.193115854779517,20.835505514585293,21.477895174391065,t0_immediate,17,0.6879769449325472,0.035663937696131826,0.6879769449325472,0.035663937696131826,-0.3345424806543291,-0.17727204003597596,-0.1745524212988938,-0.1091621757265617,4.608688041585747,0.14661106417473282,2.1412988660192447,,1.5449563106714912,0.08008876752757457,1.5449563106714912,0.08008876752757457,-897.5849360277643,-0.026135691664209853,-663.5846640416567,-0.026235564383938273,-552.9872200347127,-0.026235564383938217,-25.288620000000037,-0.026039354440936045,5.0,0.4166666666666667,0.0,0.0
S2_energy,150,link_failure,any_road,moderate,,,,,19.290549203913802,19.290549203913802,0.0,1.8871700274134395,1.59901925861323,31.43479018809288,0.0,19.290549203913802,19.290549203913802,34343.26313456302,25293.325286644533,21077.771072203777,971.1692376000001,12,82,0,19.290549203913802,19.290549203913802,19.290549203913802,19.602512069287176,19.602512069287176,0.0,1.6604782995681002,1.5306634641338757,28.41303672542342,1.2282675210321257,20.098701292852997,20.098701292852997,33698.08768078968,24857.32101478452,20714.4341789871,951.4744632000001,16,82,0,19.73022103654336,20.098701292852997,20.467181549162632,t0_immediate,16,0.31196286537337414,0.01617179801755364,0.31196286537337414,0.01617179801755364,-0.2266917278453393,-0.12012257748499938,-0.06835579447935425,-0.042748574859965534,-3.0217534626694587,-0.09612768033724821,1.2282675210321257,,0.8081520889391953,0.04189367966647791,0.8081520889391953,0.04189367966647791,-645.1754537733432,-0.01878608480636889,-436.0042718600125,-0.01723791818271649,-363.3368932166777,-0.017237918182716517,-19.69477440000003,-0.020279446297815917,4.0,0.3333333333333333,0.0,0.0
R0_reference,1,area_closure,peripheral_area,severe,,,,,17.78562822086469,17.78562822086469,0.0,1.1976837951233477,1.1826665631101887,68.07606358671367,0.0,17.78562822086469,17.78562822086469,32101.844943896358,,19550.813539870447,914.5107840000001,15,84,0,17.78562822086469,17.78562822086469,17.78562822086469,16.616021535158275,16.880691176503607,0.26466964134533066,0.8184571090988246,0.8184571090988246,62.04344666445235,21.652202858231256,26.009608560337167,26.216971394034253,27546.95971304254,,16818.566947303174,782.8947864,24,76,0,19.51394770286779,26.009608560337167,32.505269417806545,t0_immediate,24,-1.169606685706416,-0.06576133669174114,-0.904937044361084,-0.05088024067091898,-0.37922668602452303,-0.31663339486485,-0.36420945401136406,-0.30795616057121145,-6.032616922261326,-0.08861583065209289,21.652202858231256,,8.223980339472476,0.4623947064082197,8.431343173169562,0.4740537173310852,-4554.885230853819,-0.14188858113339856,,,-2732.246592567273,-0.1397510434537845,-131.61599760000001,-0.1439195686947744,9.0,0.6,-8.0,-0.09523809523809523
R0_reference,2,combined_disruption,peripheral_area + central_area,mild,area_closure,peripheral_area,demand_surge,central_area,17.78562822086469,17.78562822086469,0.0,1.1976837951233477,1.1826665631101887,68.07606358671367,0.0,17.78562822086469,17.78562822086469,32101.844943896358,,19550.813539870447,914.5107840000001,15,84,0,17.78562822086469,17.78562822086469,17.78562822086469,18.010292160551884,18.02648579003828,0.016193629486396282,0.9578497749858651,0.9574362151361573,58.92583961871307,13.556348936935327,23.702563472867162,23.716561837434824,30498.358303205372,,18502.504665006712,872.0196984000002,20,81,0,19.63565879178656,23.702563472867162,27.76946815394776,t0_immediate,20,0.22466393968719345,0.012631768577262595,0.24085756917358836,0.013542258175116543,-0.23983402013748256,-0.20024819665593155,-0.2252303479740314,-0.19044281372233804,-9.150223968000603,-0.134411766572626,13.556348936935327,,5.916935252002471,0.3326807003117939,5.930933616570133,0.33346776076272816,-1603.486640690986,-0.049949983980464734,,,-1048.3088748637347,-0.05361970604066644,-42.491085599999906,-0.046463187032248165,5.0,0.3333333333333333,-3.0,-0.03571428571428571
R0_reference,3,combined_disruption,central + any_road,moderate,node_removal,central,link_failure,any_road,17.78562822086469,17.78562822086469,0.0,1.1976837951233477,1.1826665631101887,68.07606358671367,0.0,17.78562822086469,17.78562822086469,32101.844943896358,,19550.813539870447,914.5107840000001,15,84,0,17.78562822086469,17.78562822086469,17.78562822086469,18.39129455651576,18.577553135123914,0.1862585786081534,0.9319732944936268,0.9288423510070005,43.98910569257337,23.565213398864657,28.196474786777834,28.338841133863287,30455.132005219653,,18293.450158524563,878.9095488,19,82,0,21.12691076711844,28.196474786777834,35.26603880643723,t0_immediate,19,0.605666335651069,0.03405369369750736,0.7919249142592228,0.04452611425500277,-0.2657105006297209,-0.22185363257950383,-0.2538242121031882,-0.21462026577945914,-24.086957894140305,-0.35382418760830536,23.565213398864657,,10.410846565913143,0.58535163541201,10.553212912998596,0.5933562077171051,-1646.7129386767047,-0.05129652023285971,,,-1257.3633813458837,-0.06431258621446684,-35.60123520000002,-0.038929267782150084,4.0,0.26666666666666666,-2.0,-0.023809523809523808
R0_reference,4,demand_surge,peripheral_area,mild,,,,,17.78562822086469,17.78562822086469,0.0,1.1976837951233477,1.1826665631101887,68.07606358671367,0.0,17.78562822086469,17.78562822086469,32101.844943896358,,19550.813539870447,914.5107840000001,15,84,0,17.78562822086469,17.78562822086469,17.78562822086469,17.891242908640876,17.891242908640876,0.0,1.204402274955368,1.188806649266686,66.9819610039053,0.0,17.891242908640876,17.891242908640876,32101.844943896358,,19550.813539870447,914.5107840000001,15,84,0,17.891242908640876,17.891242908640876,17.891242908640876,t0_immediate,15,0.10561468777618543,0.005938203951226567,0.10561468777618543,0.005938203951226567,0.006718479832020341,0.005609560603037478,0.006140086156497304,0.005191730575649355,-1.0941025828083752,-0.016071766273834758,0.0,,0.10561468777618543,0.005938203951226567,0.10561468777618543,0.005938203951226567,0.0,0.0,,,0.0,0.0,0.0,0.0,0.0,0.0,0.0,0.0
R0_reference,5,area_closure,central_area,moderate,,,,,17.78562822086469,17.78562822086469,0.0,1.1976837951233477,1.1826665631101887,68.07606358671367,0.0,17.78562822086469,17.78562822086469,32101.844943896358,,19550.813539870447,914.5107840000001,15,84,0,17.78562822086469,17.78562822086469,17.78562822086469,16.239776155728062,16.8133382726301,0.5735621169020405,0.6929092007695837,0.6897618363079218,26.147292971639974,45.71675247317972,36.24552937232323,36.55687751596124,25788.25743625848,,14641.872261323098,781.9310904,21,77,0,22.530503630369317,36.24552937232323,49.96055511427715,t0_immediate,21,-1.5458520651366285,-0.0869157977407375,-0.9722899482345895,-0.05466716925376726,-0.5047745943537639,-0.42145898308808455,-0.49290472680226693,-0.4167740444999316,-41.9287706150737,-0.615910621237167,45.71675247317972,,18.459901151458542,1.0379111112759485,18.77124929509655,1.0554167141015354,-6313.58750763788,-0.19667366528845892,,,-4908.941278547349,-0.25108629206331623,-132.57969360000004,-0.14497335178499113,6.0,0.4,-7.0,-0.08333333333333333
R0_reference,6,area_closure,peripheral_area,moderate,,,,,17.78562822086469,17.78562822086469,0.0,1.1976837951233477,1.1826665631101887,68.07606358671367,0.0,17.78562822086469,17.78562822086469,32101.844943896358,,19550.813539870447,914.5107840000001,15,84,0,17.78562822086469,17.78562822086469,17.78562822086469,18.077937927026785,18.144611590215266,0.06667366318848326,0.9984397754574745,0.9984397754574745,64.54344845793112,7.423918837194455,21.190197790202596,21.251921654750177,29517.83133006251,,17614.304476578134,857.0215416000001,20,79,0,18.96302213904426,21.190197790202596,23.41737344136093,t0_immediate,20,0.2923097061620936,0.016435163410150395,0.3589833693505753,0.020183901568877078,-0.19924401966587313,-0.1663577819764634,-0.18422678765271416,-0.1557723820044702,-3.5326151287825525,-0.05189217681899,7.423918837194455,,3.404569569337905,0.19142250850290088,3.466293433885486,0.19489294338330457,-2584.0136138338494,-0.08049424007716284,,,-1936.509063292313,-0.0990500502366893,-57.489242399999966,-0.06286338379581094,5.0,0.3333333333333333,-5.0,-0.05952380952380952
R0_reference,7,combined_disruption,any_road + central_area,mild,link_failure,any_road,area_closure,central_area,17.78562822086469,17.78562822086469,0.0,1.1976837951233477,1.1826665631101887,68.07606358671367,0.0,17.78562822086469,17.78562822086469,32101.844943896358,,19550.813539870447,914.5107840000001,15,84,0,17.78562822086469,17.78562822086469,17.78562822086469,15.466661500502484,16.480394961476684,1.013733460974198,0.5047467332637687,0.5044897512547362,29.9303408152511,54.04875065439719,39.53637458417457,40.00219777452663,29292.26747626738,,17681.52170533422,841.5027840000002,24,80,0,23.321749387855405,39.53637458417457,55.75099978049372,t0_immediate,24,-2.318966720362207,-0.13038430195239203,-1.3052332593880074,-0.07338696408017857,-0.6929370618595789,-0.5785642793874608,-0.6781768118554525,-0.5734302744401399,-38.14572277146257,-0.5603397253261193,54.04875065439719,,21.750746363309876,1.2229394482559588,22.216569553661937,1.2491304371019751,-2809.5774676289766,-0.08752074756261546,,,-1869.2918345362268,-0.09561197188670102,-73.00799999999981,-0.07983284754791892,9.0,0.6,-4.0,-0.047619047619047616
R0_reference,8,combined_disruption,peripheral_area + central_area,moderate,demand_surge,peripheral_area,area_closure,central_area,17.78562822086469,17.78562822086469,0.0,1.1976837951233477,1.1826665631101887,68.07606358671367,0.0,17.78562822086469,17.78562822086469,32101.844943896358,,19550.813539870447,914.5107840000001,15,84,0,17.78562822086469,17.78562822086469,17.78562822086469,17.525418480749025,18.796500794647358,1.2710823138983334,0.9078484874312134,0.9044894718246926,39.224902350071034,26.300215817432353,28.69632508786327,29.633110009989124,30009.413524300184,,18427.668323375226,848.1821592000001,21,78,0,20.806260342633564,28.69632508786327,36.58638983309298,t0_immediate,21,-0.2602097401156662,-0.014630337308547176,1.0108725737826667,0.05683648399873731,-0.2898353076921343,-0.2419965176720827,-0.27817709128549606,-0.23521176632739416,-28.85116123664264,-0.42380771913894105,26.300215817432353,,10.910696866998578,0.6134558044004884,11.847481789124434,0.6661266974660983,-2092.4314195961742,-0.06518103315410897,,,-1123.1452164952207,-0.05744749261736671,-66.32862479999994,-0.07252907889164918,6.0,0.4,-6.0,-0.07142857142857142
R0_reference,9,combined_disruption,central + central_area,mild,node_removal,central,demand_surge,central_area,17.78562822086469,17.78562822086469,0.0,1.1976837951233477,1.1826665631101887,68.07606358671367,0.0,17.78562822086469,17.78562822086469,32101.844943896358,,19550.813539870447,914.5107840000001,15,84,0,17.78562822086469,17.78562822086469,17.78562822086469,14.709462038418486,14.978795043923451,0.2693330055049654,0.9408930093864697,0.9265411119114234,47.08615628718084,24.606541331300967,25.853896981103595,26.056956449290148,31012.613342295343,,18801.384827869173,887.3058600000002,17,82,0,18.471934581713306,25.853896981103595,33.235859380493885,t0_immediate,17,-3.0761661824462045,-0.1729579716974793,-2.8068331769412396,-0.157814677226216,-0.25679078573687797,-0.21440616194563397,-0.2561254511987653,-0.21656607127304245,-20.98990729953283,-0.30833021466930716,24.606541331300967,,8.068268760238904,0.45363979613460326,8.271328228425457,0.46505684959287463,-1089.2316016010154,-0.03393049849641477,,,-749.4287120012741,-0.03833235432750386,-27.20492399999989,-0.029748062544443316,2.0,0.13333333333333333,-2.0,-0.023809523809523808
R0_reference,10,demand_surge,peripheral_area,severe,,,,,17.78562822086469,17.78562822086469,0.0,1.1976837951233477,1.1826665631101887,68.07606358671367,0.0,17.78562822086469,17.78562822086469,32101.844943896358,,19550.813539870447,914.5107840000001,15,84,0,17.78562822086469,17.78562822086469,17.78562822086469,18.06585444962578,18.06585444962578,0.0,1.215509859906349,1.198957982647875,65.17309386617784,0.0,18.06585444962578,18.06585444962578,32101.844943896358,,19550.813539870447,914.5107840000001,15,84,0,18.06585444962578,18.06585444962578,18.06585444962578,t0_immediate,15,0.28022622876108727,0.015755767818892562,0.28022622876108727,0.015755767818892562,0.017826064783001305,0.014883782226648082,0.016291419537686203,0.013775158650670617,-2.902969720535836,-0.04264303145022629,0.0,,0.28022622876108727,0.015755767818892562,0.28022622876108727,0.015755767818892562,0.0,0.0,,,0.0,0.0,0.0,0.0,0.0,0.0,0.0,0.0
R0_reference,11,combined_disruption,central_area + central_area,moderate,demand_surge,central_area,area_closure,central_area,17.78562822086469,17.78562822086469,0.0,1.1976837951233477,1.1826665631101887,68.07606358671367,0.0,17.78562822086469,17.78562822086469,32101.844943896358,,19550.813539870447,914.5107840000001,15,84,0,17.78562822086469,17.78562822086469,17.78562822086469,17.073833376077573,17.831225486262976,0.7573921101854022,0.8910701548241601,0.8772280003659938,43.78320582762814,28.3438160140747,29.24074706585729,29.78346534982662,30055.972131119102,,18287.229579898874,857.0104704,17,75,0,20.737602261634876,29.24074706585729,37.7438918700797,t0_immediate,17,-0.7117948447871179,-0.04002078734290063,0.04559726539828546,0.0025637140747603367,-0.3066136402991876,-0.25600550124134386,-0.3054385627441949,-0.2582626179444436,-24.292857759085535,-0.3568487435843271,28.3438160140747,,11.455118844992597,0.6440660235748299,11.99783712896193,0.6745804522601578,-2045.8728127772556,-0.0637306926238283,,,-1263.5839599715728,-0.06463076113915749,-57.50031360000003,-0.06287548994064134,2.0,0.13333333333333333,-9.0,-0.10714285714285714
R0_reference,12,area_closure,peripheral_area,mild,,,,,17.78562822086469,17.78562822086469,0.0,1.1976837951233477,1.1826665631101887,68.07606358671367,0.0,17.78562822086469,17.78562822086469,32101.844943896358,,19550.813539870447,914.5107840000001,15,84,0,17.78562822086469,17.78562822086469,17.78562822086469,17.463816978078835,17.473610597580574,0.00979361950173784,1.1086996377365073,1.09463719520162,63.499973815210026,6.902181515833906,20.399741540159155,20.408859186265914,30468.91626036924,,19091.520423461545,844.2055512000002,17,81,0,18.329087085408986,20.399741540159155,22.470395994909328,t0_immediate,17,-0.3218112427858557,-0.018093892371388504,-0.31201762328411675,-0.01754324443361986,-0.0889841573868404,-0.07429687013313564,-0.08802936790856863,-0.07443295570737038,-4.576089771503646,-0.06722024644792705,6.902181515833906,,2.6141133192944643,0.14697897014555794,2.6232309654012234,0.14749161136314862,-1632.9286835271196,-0.05086712886380676,,,-459.2931164089023,-0.02349227644528729,-70.30523279999989,-0.0768774234596668,2.0,0.13333333333333333,-3.0,-0.03571428571428571
R0_reference,13,combined_disruption,peripheral + peripheral_area,mild,node_removal,peripheral,area_closure,peripheral_area,17.78562822086469,17.78562822086469,0.0,1.1976837951233477,1.1826665631101887,68.07606358671367,0.0,17.78562822086469,17.78562822086469,32101.844943896358,,19550.813539870447,914.5107840000001,15,84,0,17.78562822086469,17.78562822086469,17.78562822086469,17.90365960379329,18.255173019925003,0.3515134161317114,0.7481138509589689,0.7469138529009871,61.93397349709583,28.099987459924044,29.732725976214315,29.985464166493067,28951.97535381427,,18357.756876267827,792.5427696000003,24,80,0,21.302729738237105,29.732725976214315,38.16272221419153,t0_immediate,24,0.11803138292859927,0.006636334767761209,0.4695447990603121,0.026400236934531182,-0.4495699441643788,-0.375366140875337,-0.4357527102092016,-0.36844933627213966,-6.142090089617845,-0.09022393137926074,28.099987459924044,,11.947097755349624,0.6717276222683118,12.199835945628376,0.6859378704046278,-3149.8695900820894,-0.09812113900578122,,,-1193.0566636026197,-0.0610233769131699,-121.96801439999979,-0.13336968413485628,9.0,0.6,-4.0,-0.047619047619047616
R0_reference,14,demand_surge,central_area,mild,,,,,17.78562822086469,17.78562822086469,0.0,1.1976837951233477,1.1826665631101887,68.07606358671367,0.0,17.78562822086469,17.78562822086469,32101.844943896358,,19550.813539870447,914.5107840000001,15,84,0,17.78562822086469,17.78562822086469,17.78562822086469,17.66413813118502,17.66413813118502,0.0,1.189955431441271,1.1756035339662247,69.33462547524401,0.0,17.66413813118502,17.66413813118502,32101.844943896358,,19550.813539870447,914.5107840000001,15,84,0,17.66413813118502,17.66413813118502,17.66413813118502,t0_immediate,15,-0.12149008967967134,-0.006830801148600913,-0.12149008967967134,-0.006830801148600913,-0.007728363682076633,-0.006452757993006577,-0.00706302914396395,-0.005972122121546688,1.2585618885303376,0.01848758318593453,0.0,,-0.12149008967967134,-0.006830801148600913,-0.12149008967967134,-0.006830801148600913,0.0,0.0,,,0.0,0.0,0.0,0.0,0.0,0.0,0.0,0.0
R0_reference,15,link_failure,any_road,mild,,,,,17.78562822086469,17.78562822086469,0.0,1.1976837951233477,1.1826665631101887,68.07606358671367,0.0,17.78562822086469,17.78562822086469,32101.844943896358,,19550.813539870447,914.5107840000001,15,84,0,17.78562822086469,17.78562822086469,17.78562822086469,17.38693880322794,17.38693880322794,0.0,1.0074463530698285,0.9924291210566696,50.67388171218398,18.500013271742887,25.270360780126694,25.270360780126694,31892.23226243235,,19388.988478040435,910.0578600000001,16,84,0,19.720356798603824,25.270360780126694,30.820364761649557,t0_immediate,16,-0.39868941763674925,-0.022416380950156058,-0.39868941763674925,-0.022416380950156058,-0.1902374420535191,-0.15883778575623697,-0.1902374420535191,-0.16085467196538536,-17.402181874529695,-0.2556284978546565,18.500013271742887,,7.484732559262003,0.4208303730582599,7.484732559262003,0.4208303730582599,-209.61268146400835,-0.0065296147878834854,,,-161.8250618300117,-0.008277152329236731,-4.452923999999939,-0.004869186977241745,1.0,0.06666666666666667,0.0,0.0
R0_reference,16,area_closure,central_area,mild,,,,,17.78562822086469,17.78562822086469,0.0,1.1976837951233477,1.1826665631101887,68.07606358671367,0.0,17.78562822086469,17.78562822086469,32101.844943896358,,19550.813539870447,914.5107840000001,15,84,0,17.78562822086469,17.78562822086469,17.78562822086469,14.883881580610439,15.157218696316319,0.2733371157058797,0.7695300830529332,0.7544340896079419,31.93836902216489,41.149460400097695,33.44892086365833,33.60978123117805,29841.903613322782,,18384.76703865347,840.7827768000002,21,81,0,21.10408274362902,33.44892086365833,45.79375898368764,t0_immediate,21,-2.9017466402542524,-0.1631512029949076,-2.6284095245483723,-0.14778277674020704,-0.4281537120704144,-0.3574847666919627,-0.4282324735022468,-0.36209062373089895,-36.13769456454878,-0.5308428933837728,41.149460400097695,,15.663292642793639,0.8806713177788515,15.824153010313356,0.8897157195577557,-2259.941330573576,-0.07039911053471296,,,-1166.046501216977,-0.05964184041953191,-73.72800719999987,-0.08062016160981636,6.0,0.4,-3.0,-0.03571428571428571
R0_reference,17,area_closure,peripheral_area,severe,,,,,17.78562822086469,17.78562822086469,0.0,1.1976837951233477,1.1826665631101887,68.07606358671367,0.0,17.78562822086469,17.78562822086469,32101.844943896358,,19550.813539870447,914.5107840000001,15,84,0,17.78562822086469,17.78562822086469,17.78562822086469,16.55300217268663,16.991967690419024,0.4389655177323954,0.7604853515269494,0.7604853515269494,58.489116094750194,29.597830321125972,29.41237086923813,29.72141211786384,26975.372881197396,,16354.809727496742,771.7513944000001,25,75,0,20.533021772900337,29.41237086923813,38.29171996557592,t0_immediate,25,-1.2326260481780622,-0.06930461116532521,-0.793660530445667,-0.044623699573041076,-0.43719844359639826,-0.3650366193285364,-0.4221812115832393,-0.35697399821043624,-9.586947491963478,-0.1408269953763095,29.597830321125972,,11.62674264837344,0.6537156013827988,11.935783896999148,0.6710914986402915,-5126.472062698962,-0.159694001128545,,,-3196.003812373705,-0.16347165328215202,-142.75938959999996,-0.15610465409230204,10.0,0.6666666666666666,-9.0,-0.10714285714285714
R0_reference,18,link_failure,any_road,moderate,,,,,17.78562822086469,17.78562822086469,0.0,1.1976837951233477,1.1826665631101887,68.07606358671367,0.0,17.78562822086469,17.78562822086469,32101.844943896358,,19550.813539870447,914.5107840000001,15,84,0,17.78562822086469,17.78562822086469,17.78562822086469,17.813911550816293,17.813911550816293,0.0,1.1373164822304134,1.1220438935995634,72.24999802717345,2.4673891755665065,18.854806530806364,18.854806530806364,31603.454341740726,,19167.585287175905,903.8547840000001,15,84,0,18.114589778136413,18.854806530806364,19.595023283476316,t0_immediate,15,0.0282833299516021,0.001590235081964793,0.0282833299516021,0.001590235081964793,-0.06036731289293429,-0.05040338120857446,-0.06062266951062534,-0.05125930790771595,4.1739344404597745,0.06131280542011828,2.4673891755665065,,1.0691783099416732,0.06011473402369886,1.0691783099416732,0.06011473402369886,-498.3906021556322,-0.015525294668473348,,,-383.2282526945419,-0.01960165247921859,-10.655999999999949,-0.011652131594765261,0.0,0.0,0.0,0.0
R0_reference,19,node_removal,central,mild,,,,,17.78562822086469,17.78562822086469,0.0,1.1976837951233477,1.1826665631101887,68.07606358671367,0.0,17.78562822086469,17.78562822086469,32101.844943896358,,19550.813539870447,914.5107840000001,15,84,0,17.78562822086469,17.78562822086469,17.78562822086469,14.83179427293896,14.912383160324225,0.0805888873852643,0.9264960797388824,0.9114788477257236,45.74999336412856,26.054325189265814,26.600065475224028,26.65965747182353,30714.726515106115,,18645.857191882642,877.6689312000001,19,83,0,18.783767918444283,26.600065475224028,34.41636303200377,t0_immediate,19,-2.9538339479257303,-0.16607982081063216,-2.873245060540466,-0.16154869678259676,-0.2711877153844653,-0.22642680521241926,-0.27118771538446507,-0.22930192147420894,-22.326070222585116,-0.32795771444902505,26.054325189265814,,8.814437254359337,0.49559324781223846,8.874029250958838,0.49894381805128085,-1387.1184287902433,-0.04320992862604868,,,-904.9563479878052,-0.04628740109163774,-36.84185279999997,-0.040285859330008694,4.0,0.26666666666666666,-1.0,-0.011904761904761904
R0_reference,20,link_failure,any_road,mild,,,,,17.78562822086469,17.78562822086469,0.0,1.1976837951233477,1.1826665631101887,68.07606358671367,0.0,17.78562822086469,17.78562822086469,32101.844943896358,,19550.813539870447,914.5107840000001,15,84,0,17.78562822086469,17.78562822086469,17.78562822086469,17.813911550816293,17.813911550816293,0.0,1.1373164822304134,1.1220438935995634,72.24999802717345,2.4673891755665065,18.854806530806364,18.854806530806364,31603.454341740726,,19167.585287175905,903.8547840000001,15,84,0,18.114589778136413,18.854806530806364,19.595023283476316,t0_immediate,15,0.0282833299516021,0.001590235081964793,0.0282833299516021,0.001590235081964793,-0.06036731289293429,-0.05040338120857446,-0.06062266951062534,-0.05125930790771595,4.1739344404597745,0.06131280542011828,2.4673891755665065,,1.0691783099416732,0.06011473402369886,1.0691783099416732,0.06011473402369886,-498.3906021556322,-0.015525294668473348,,,-383.2282526945419,-0.01960165247921859,-10.655999999999949,-0.011652131594765261,0.0,0.0,0.0,0.0
R0_reference,21,link_failure,any_road,moderate,,,,,17.78562822086469,17.78562822086469,0.0,1.1976837951233477,1.1826665631101887,68.07606358671367,0.0,17.78562822086469,17.78562822086469,32101.844943896358,,19550.813539870447,914.5107840000001,15,84,0,17.78562822086469,17.78562822086469,17.78562822086469,18.0234390353426,18.0234390353426,0.0,0.8927332273030507,0.8898820348953121,68.3695341044336,16.923911304583633,25.127514981715695,25.127514981715695,31099.72316345612,,19157.01090232015,876.3396912,22,84,0,20.050341590340604,25.127514981715695,30.204688373090786,t0_immediate,22,0.23781081447791053,0.013370953869311723,0.23781081447791053,0.013370953869311723,-0.30495056782029695,-0.25461692732420294,-0.29278452821487655,-0.2475630387697009,0.29347051771992483,0.004310920788569231,16.923911304583633,,7.341886760851004,0.41279884352007784,7.341886760851004,0.41279884352007784,-1002.1217804402368,-0.03121695286335167,,,-393.8026375502959,-0.020142519222906233,-38.17109280000011,-0.041739357772297314,7.0,0.4666666666666667,0.0,0.0
R0_reference,22,demand_surge,central_area,mild,,,,,17.78562822086469,17.78562822086469,0.0,1.1976837951233477,1.1826665631101887,68.07606358671367,0.0,17.78562822086469,17.78562822086469,32101.844943896358,,19550.813539870447,914.5107840000001,15,84,0,17.78562822086469,17.78562822086469,17.78562822086469,17.66413813118502,17.66413813118502,0.0,1.189955431441271,1.1756035339662247,69.33462547524401,0.0,17.66413813118502,17.66413813118502,32101.844943896358,,19550.813539870447,914.5107840000001,15,84,0,17.66413813118502,17.66413813118502,17.66413813118502,t0_immediate,15,-0.12149008967967134,-0.006830801148600913,-0.12149008967967134,-0.006830801148600913,-0.007728363682076633,-0.006452757993006577,-0.00706302914396395,-0.005972122121546688,1.2585618885303376,0.01848758318593453,0.0,,-0.12149008967967134,-0.006830801148600913,-0.12149008967967134,-0.006830801148600913,0.0,0.0,,,0.0,0.0,0.0,0.0,0.0,0.0,0.0,0.0
R0_reference,23,combined_disruption,central + peripheral_area,severe,node_removal,central,area_closure,peripheral_area,17.78562822086469,17.78562822086469,0.0,1.1976837951233477,1.1826665631101887,68.07606358671367,0.0,17.78562822086469,17.78562822086469,32101.844943896358,,19550.813539870447,914.5107840000001,15,84,0,17.78562822086469,17.78562822086469,17.78562822086469,10.837826350563805,12.77553946218579,1.9377131116219848,0.3082556641954037,0.3082556641954037,27.69130755972851,70.30586091230599,45.40171577800276,45.97710300448828,24552.489873278995,,14964.39970159874,698.9427840000002,29,72,0,24.309957504310965,45.40171577800276,66.49347405169455,t0_immediate,29,-6.947801870300886,-0.39064135289583274,-5.010088758678901,-0.28169310054516156,-0.8894281309279439,-0.7426234992486836,-0.874410898914785,-0.7393553907664813,-40.38475602698516,-0.5932298946096378,70.30586091230599,,27.61608755713807,1.5527192637896852,28.191474783623587,1.5850705093763053,-7549.355070617363,-0.2351688846485675,,,-4586.4138382717065,-0.2345894112753171,-215.56799999999987,-0.23571947293734685,14.0,0.9333333333333333,-12.0,-0.14285714285714285
R0_reference,24,combined_disruption,central + any_road,moderate,node_removal,central,link_failure,any_road,17.78562822086469,17.78562822086469,0.0,1.1976837951233477,1.1826665631101887,68.07606358671367,0.0,17.78562822086469,17.78562822086469,32101.844943896358,,19550.813539870447,914.5107840000001,15,84,0,17.78562822086469,17.78562822086469,17.78562822086469,14.66006374059117,14.787205997701703,0.12714225711053379,0.9050409281721056,0.8900236961589467,44.03260113964814,28.09780772329348,27.399591852623686,27.491009922796245,30678.96174865807,,18740.47123382258,871.4769312000001,19,80,0,18.970249535635638,27.399591852623686,35.82893416961173,t0_immediate,19,-3.125564480273521,-0.1757353994730901,-2.9984222231629882,-0.16858680424037406,-0.2926428669512421,-0.24434067501189097,-0.292642866951242,-0.24744325753291507,-24.04346244706553,-0.3531852633699882,28.09780772329348,,9.613963631758995,0.5405467556372653,9.705381701931554,0.5456867523265762,-1422.8831952382898,-0.0443240317721623,,,-810.3423060478672,-0.041448009536550305,-43.03385279999998,-0.04705669255399395,4.0,0.26666666666666666,-4.0,-0.047619047619047616
R0_reference,25,link_failure,any_road,moderate,,,,,17.78562822086469,17.78562822086469,0.0,1.1976837951233477,1.1826665631101887,68.07606358671367,0.0,17.78562822086469,17.78562822086469,32101.844943896358,,19550.813539870447,914.5107840000001,15,84,0,17.78562822086469,17.78562822086469,17.78562822086469,14.952818027427506,14.952818027427506,0.0,0.89607861086055,0.8810613788473912,43.20651764532021,28.923891217621424,27.982215937778342,27.982215937778342,30955.710283597644,,19059.98832049705,872.6510904000002,20,84,0,19.305048572491913,27.982215937778342,36.65938330306477,t0_immediate,20,-2.8328101934371848,-0.15927523943820865,-2.8328101934371848,-0.15927523943820865,-0.3016051842627977,-0.2518237163188267,-0.3016051842627975,-0.25502131680262696,-24.86954594139346,-0.36531997637782365,28.923891217621424,,10.196587716913651,0.5733048948449188,10.196587716913651,0.5733048948449188,-1146.1346602987142,-0.035703077573945884,,,-490.825219373397,-0.025105104622497945,-41.8596935999999,-0.04577277199171869,5.0,0.3333333333333333,0.0,0.0
R0_reference,26,link_failure,any_road,mild,,,,,17.78562822086469,17.78562822086469,0.0,1.1976837951233477,1.1826665631101887,68.07606358671367,0.0,17.78562822086469,17.78562822086469,32101.844943896358,,19550.813539870447,914.5107840000001,15,84,0,17.78562822086469,17.78562822086469,17.78562822086469,17.78562822086469,17.78562822086469,0.0,1.1976837951233477,1.1826665631101887,68.07606358671367,0.0,17.78562822086469,17.78562822086469,32101.844943896358,,19550.813539870447,914.5107840000001,15,84,0,17.78562822086469,17.78562822086469,17.78562822086469,t0_immediate,15,0.0,0.0,0.0,0.0,0.0,0.0,0.0,0.0,0.0,0.0,0.0,,0.0,0.0,0.0,0.0,0.0,0.0,,,0.0,0.0,0.0,0.0,0.0,0.0,0.0,0.0
R0_reference,27,link_failure,any_road,moderate,,,,,17.78562822086469,17.78562822086469,0.0,1.1976837951233477,1.1826665631101887,68.07606358671367,0.0,17.78562822086469,17.78562822086469,32101.844943896358,,19550.813539870447,914.5107840000001,15,84,0,17.78562822086469,17.78562822086469,17.78562822086469,18.030371665795506,18.030371665795506,0.0,1.188691757799511,1.1736745257863521,68.41301520367826,0.29347769163499987,18.15354316221852,18.15354316221852,31974.156076459396,,19516.31629757424,908.9501688,16,84,0,18.06549985472802,18.15354316221852,18.24158646970902,t0_immediate,16,0.24474344493081546,0.013760742206659972,0.24474344493081546,0.013760742206659972,-0.008992037323836577,-0.0075078558801995815,-0.008992037323836577,-0.007603188932803871,0.3369516169645834,0.00494963426513906,0.29347769163499987,,0.36791494135382763,0.020686080738054502,0.36791494135382763,0.020686080738054502,-127.68886743696203,-0.003977617724467889,,,-34.49724229620551,-0.0017644913970385147,-5.560615200000029,-0.006080426056517698,1.0,0.06666666666666667,0.0,0.0
R0_reference,28,node_removal,peripheral,moderate,,,,,17.78562822086469,17.78562822086469,0.0,1.1976837951233477,1.1826665631101887,68.07606358671367,0.0,17.78562822086469,17.78562822086469,32101.844943896358,,19550.813539870447,914.5107840000001,15,84,0,17.78562822086469,17.78562822086469,17.78562822086469,16.84488231350547,16.909901846459707,0.06501953295423732,0.9048325204483518,0.9011277417457046,66.09779194068035,18.36959149575412,24.77230114202645,24.825376852384547,29615.311522479627,,18037.474393099536,843.629556,19,82,0,19.261423693300213,24.77230114202645,30.283178590752684,t0_immediate,19,-0.9407459073592221,-0.052893600140343285,-0.8757263744049837,-0.04923786573800361,-0.29285127467499583,-0.24451468398204013,-0.28153882136448405,-0.23805426664307677,-1.9782716460333205,-0.029059724399508574,18.36959149575412,,6.986672921161759,0.3928268844035291,7.039748631519856,0.3958110753299892,-2486.5334214167306,-0.07745764848601028,,,-1513.3391467709116,-0.07740543091389637,-70.88122800000008,-0.07750726316202748,4.0,0.26666666666666666,-2.0,-0.023809523809523808
R0_reference,29,demand_surge,peripheral_area,mild,,,,,17.78562822086469,17.78562822086469,0.0,1.1976837951233477,1.1826665631101887,68.07606358671367,0.0,17.78562822086469,17.78562822086469,32101.844943896358,,19550.813539870447,914.5107840000001,15,84,0,17.78562822086469,17.78562822086469,17.78562822086469,17.891242908640876,17.891242908640876,0.0,1.204402274955368,1.188806649266686,66.9819610039053,0.0,17.891242908640876,17.891242908640876,32101.844943896358,,19550.813539870447,914.5107840000001,15,84,0,17.891242908640876,17.891242908640876,17.891242908640876,t0_immediate,15,0.10561468777618543,0.005938203951226567,0.10561468777618543,0.005938203951226567,0.006718479832020341,0.005609560603037478,0.006140086156497304,0.005191730575649355,-1.0941025828083752,-0.016071766273834758,0.0,,0.10561468777618543,0.005938203951226567,0.10561468777618543,0.005938203951226567,0.0,0.0,,,0.0,0.0,0.0,0.0,0.0,0.0,0.0,0.0
R0_reference,30,combined_disruption,central + peripheral_area,moderate,node_removal,central,area_closure,peripheral_area,17.78562822086469,17.78562822086469,0.0,1.1976837951233477,1.1826665631101887,68.07606358671367,0.0,17.78562822086469,17.78562822086469,32101.844943896358,,19550.813539870447,914.5107840000001,15,84,0,17.78562822086469,17.78562822086469,17.78562822086469,15.00922624787708,15.49538440061753,0.48615815274044927,0.8177726496071578,0.8173392109975682,44.975494484561416,28.132814597867327,27.666397213707782,28.015785394685345,28284.950212355816,,17121.46760344477,810.4320071999999,22,74,0,19.22655283434758,27.666397213707782,36.10624159306798,t0_immediate,22,-2.7764019729876104,-0.15610367755975893,-2.290243820247161,-0.12876935196252604,-0.3799111455161899,-0.31720488084007464,-0.36532735211262046,-0.3089013958016018,-23.100569102152257,-0.33933467778622806,28.132814597867327,,9.880768992843091,0.5555479328670412,10.230157173820654,0.5751923433224272,-3816.894731540542,-0.1188995441916575,,,-2429.345936425678,-0.12425804846798083,-104.07877680000013,-0.11380814597370578,7.0,0.4666666666666667,-10.0,-0.11904761904761904
R0_reference,31,combined_disruption,central_area + peripheral_area,mild,demand_surge,central_area,area_closure,peripheral_area,17.78562822086469,17.78562822086469,0.0,1.1976837951233477,1.1826665631101887,68.07606358671367,0.0,17.78562822086469,17.78562822086469,32101.844943896358,,19550.813539870447,914.5107840000001,15,84,0,17.78562822086469,17.78562822086469,17.78562822086469,17.42835821179036,18.979644939198103,1.5512867274077429,0.6228191179405163,0.6228191179405163,51.107903477655306,41.06373873521677,34.90986597099313,35.824136369624064,25102.71648630459,,14003.770813880736,772.2055464000001,27,81,0,22.5907443504281,34.90986597099313,47.228987591558166,t0_immediate,27,-0.3572700090743304,-0.020087567593210426,1.1940167183334118,0.06713379496669597,-0.5748646771828314,-0.47998034165906617,-0.5598474451696724,-0.47337724987961094,-16.968160109058367,-0.2492529563999353,41.06373873521677,,17.12423775012844,0.9628132072410936,18.038508148759373,1.014218217358104,-6999.128457591767,-0.21802885378781126,,,-5547.0427259897115,-0.28372439411165645,-142.30523759999994,-0.15560804759192423,12.0,0.8,-3.0,-0.03571428571428571
R0_reference,32,demand_surge,central_area,severe,,,,,17.78562822086469,17.78562822086469,0.0,1.1976837951233477,1.1826665631101887,68.07606358671367,0.0,17.78562822086469,17.78562822086469,32101.844943896358,,19550.813539870447,914.5107840000001,15,84,0,17.78562822086469,17.78562822086469,17.78562822086469,17.35668104021893,17.35668104021893,0.0,1.1703971265467377,1.1577290028029212,72.5196900189328,0.0,17.35668104021893,17.35668104021893,32101.844943896358,,19550.813539870447,914.5107840000001,15,84,0,17.35668104021893,17.35668104021893,17.35668104021893,t0_immediate,15,-0.42894718064576054,-0.02411762886972717,-0.42894718064576054,-0.02411762886972717,-0.027286668576609996,-0.022782865300268827,-0.02493756030726746,-0.02108587583780707,4.4436264322191334,0.06527443271685278,0.0,,-0.42894718064576054,-0.02411762886972717,-0.42894718064576054,-0.02411762886972717,0.0,0.0,,,0.0,0.0,0.0,0.0,0.0,0.0,0.0,0.0
R0_reference,33,link_failure,any_road,moderate,,,,,17.78562822086469,17.78562822086469,0.0,1.1976837951233477,1.1826665631101887,68.07606358671367,0.0,17.78562822086469,17.78562822086469,32101.844943896358,,19550.813539870447,914.5107840000001,15,84,0,17.78562822086469,17.78562822086469,17.78562822086469,18.443972142419746,18.443972142419746,0.0,1.1003414463877732,1.097713878141749,76.94563391941834,0.8913015562373964,18.814361665424805,18.814361665424805,31799.24486837392,,19320.108077467397,907.9532448000002,18,84,0,18.546971198553585,18.814361665424805,19.08175213229602,t0_immediate,18,0.6583439215550548,0.03701550000818851,0.6583439215550548,0.03701550000818851,-0.09734234873557446,-0.08127549953662797,-0.08495268496843966,-0.0718314761051756,8.869570332704669,0.13028911875033464,0.8913015562373964,,1.028733444560114,0.05784071452439815,1.028733444560114,0.05784071452439815,-302.6000755224377,-0.009426251857215209,,,-230.70546240304975,-0.011800299866425841,-6.557539199999837,-0.007170543327348928,3.0,0.2,0.0,0.0
R0_reference,34,link_failure,any_road,moderate,,,,,17.78562822086469,17.78562822086469,0.0,1.1976837951233477,1.1826665631101887,68.07606358671367,0.0,17.78562822086469,17.78562822086469,32101.844943896358,,19550.813539870447,914.5107840000001,15,84,0,17.78562822086469,17.78562822086469,17.78562822086469,17.78562822086469,17.78562822086469,0.0,1.1976837951233477,1.1826665631101887,68.07606358671367,0.0,17.78562822086469,17.78562822086469,32101.844943896358,,19550.813539870447,914.5107840000001,15,84,0,17.78562822086469,17.78562822086469,17.78562822086469,t0_immediate,15,0.0,0.0,0.0,0.0,0.0,0.0,0.0,0.0,0.0,0.0,0.0,,0.0,0.0,0.0,0.0,0.0,0.0,,,0.0,0.0,0.0,0.0,0.0,0.0,0.0,0.0
R0_reference,35,demand_surge,peripheral_area,mild,,,,,17.78562822086469,17.78562822086469,0.0,1.1976837951233477,1.1826665631101887,68.07606358671367,0.0,17.78562822086469,17.78562822086469,32101.844943896358,,19550.813539870447,914.5107840000001,15,84,0,17.78562822086469,17.78562822086469,17.78562822086469,17.891242908640876,17.891242908640876,0.0,1.204402274955368,1.188806649266686,66.9819610039053,0.0,17.891242908640876,17.891242908640876,32101.844943896358,,19550.813539870447,914.5107840000001,15,84,0,17.891242908640876,17.891242908640876,17.891242908640876,t0_immediate,15,0.10561468777618543,0.005938203951226567,0.10561468777618543,0.005938203951226567,0.006718479832020341,0.005609560603037478,0.006140086156497304,0.005191730575649355,-1.0941025828083752,-0.016071766273834758,0.0,,0.10561468777618543,0.005938203951226567,0.10561468777618543,0.005938203951226567,0.0,0.0,,,0.0,0.0,0.0,0.0,0.0,0.0,0.0,0.0
R0_reference,36,node_removal,central,mild,,,,,17.78562822086469,17.78562822086469,0.0,1.1976837951233477,1.1826665631101887,68.07606358671367,0.0,17.78562822086469,17.78562822086469,32101.844943896358,,19550.813539870447,914.5107840000001,15,84,0,17.78562822086469,17.78562822086469,17.78562822086469,14.869692031998165,15.105939821340312,0.2362477893421473,0.9544392790827934,0.9394220470696342,46.53259575921185,24.01085700306829,25.70586574323942,25.885388413709713,31012.613342295343,,18801.384827869173,887.3058600000002,17,82,0,18.502608642318933,25.70586574323942,32.9091228441599,t0_immediate,17,-2.9159361888665263,-0.16394901280157093,-2.6796883995243785,-0.150665940288844,-0.2432445160405543,-0.20309577288344535,-0.24324451604055453,-0.2056746369837899,-21.54346782750182,-0.3164617149177591,24.01085700306829,,7.92023752237473,0.4453167143729753,8.099760192845022,0.4554104073390573,-1089.2316016010154,-0.03393049849641477,,,-749.4287120012741,-0.03833235432750386,-27.20492399999989,-0.029748062544443316,2.0,0.13333333333333333,-2.0,-0.023809523809523808
R0_reference,37,link_failure,any_road,mild,,,,,17.78562822086469,17.78562822086469,0.0,1.1976837951233477,1.1826665631101887,68.07606358671367,0.0,17.78562822086469,17.78562822086469,32101.844943896358,,19550.813539870447,914.5107840000001,15,84,0,17.78562822086469,17.78562822086469,17.78562822086469,17.78562822086469,17.78562822086469,0.0,1.1976837951233477,1.1826665631101887,68.07606358671367,0.0,17.78562822086469,17.78562822086469,32101.844943896358,,19550.813539870447,914.5107840000001,15,84,0,17.78562822086469,17.78562822086469,17.78562822086469,t0_immediate,15,0.0,0.0,0.0,0.0,0.0,0.0,0.0,0.0,0.0,0.0,0.0,,0.0,0.0,0.0,0.0,0.0,0.0,,,0.0,0.0,0.0,0.0,0.0,0.0,0.0,0.0
R0_reference,38,link_failure,any_road,moderate,,,,,17.78562822086469,17.78562822086469,0.0,1.1976837951233477,1.1826665631101887,68.07606358671367,0.0,17.78562822086469,17.78562822086469,32101.844943896358,,19550.813539870447,914.5107840000001,15,84,0,17.78562822086469,17.78562822086469,17.78562822086469,17.37745973592804,17.37745973592804,0.0,1.1268255616695044,1.1118083296563452,63.11955544683093,6.869547376176433,20.305435332298337,20.305435332298337,31580.13276584268,,19182.547159303354,901.8941688,16,83,0,18.244571119445407,20.305435332298337,22.366299545151264,t0_immediate,16,-0.4081684849366525,-0.022949343136376903,-0.4081684849366525,-0.022949343136376903,-0.07085823345384323,-0.059162722032609326,-0.07085823345384346,-0.0599139568700579,-4.956508139882743,-0.07280838342788815,6.869547376176433,,2.5198071114336464,0.14167658741891434,2.5198071114336464,0.14167658741891434,-521.7121780536763,-0.016251781757885272,,,-368.2663805670927,-0.01883637117279433,-12.61661520000007,-0.013796026707105587,1.0,0.06666666666666667,-1.0,-0.011904761904761904
R0_reference,39,link_failure,any_road,mild,,,,,17.78562822086469,17.78562822086469,0.0,1.1976837951233477,1.1826665631101887,68.07606358671367,0.0,17.78562822086469,17.78562822086469,32101.844943896358,,19550.813539870447,914.5107840000001,15,84,0,17.78562822086469,17.78562822086469,17.78562822086469,17.457126156700227,17.457126156700227,0.0,1.1307350722247824,1.116672629689895,64.46736191468928,5.304364107755074,19.71375508725174,19.71375508725174,31696.385814671623,,19495.595732339523,894.4394016000001,17,84,0,18.12244585492522,19.71375508725174,21.305064319578264,t0_immediate,17,-0.32850206416446426,-0.01847008495202276,-0.32850206416446426,-0.01847008495202276,-0.06694872289856524,-0.05589849605644058,-0.0659939334202937,-0.055800963245922985,-3.608701672024395,-0.05300984636733169,5.304364107755074,,1.9281268663870499,0.10840926406665377,1.9281268663870499,0.10840926406665377,-405.4591292247351,-0.012630399590221263,,,-55.21780753092389,-0.002824322753542551,-20.071382399999948,-0.021947671641671912,2.0,0.13333333333333333,0.0,0.0
R0_reference,40,link_failure,any_road,mild,,,,,17.78562822086469,17.78562822086469,0.0,1.1976837951233477,1.1826665631101887,68.07606358671367,0.0,17.78562822086469,17.78562822086469,32101.844943896358,,19550.813539870447,914.5107840000001,15,84,0,17.78562822086469,17.78562822086469,17.78562822086469,17.38693880322794,17.38693880322794,0.0,1.0074463530698285,0.9924291210566696,50.67388171218398,18.500013271742887,25.270360780126694,25.270360780126694,31892.23226243235,,19388.988478040435,910.0578600000001,16,84,0,19.720356798603824,25.270360780126694,30.820364761649557,t0_immediate,16,-0.39868941763674925,-0.022416380950156058,-0.39868941763674925,-0.022416380950156058,-0.1902374420535191,-0.15883778575623697,-0.1902374420535191,-0.16085467196538536,-17.402181874529695,-0.2556284978546565,18.500013271742887,,7.484732559262003,0.4208303730582599,7.484732559262003,0.4208303730582599,-209.61268146400835,-0.0065296147878834854,,,-161.8250618300117,-0.008277152329236731,-4.452923999999939,-0.004869186977241745,1.0,0.06666666666666667,0.0,0.0
R0_reference,41,link_failure,any_road,moderate,,,,,17.78562822086469,17.78562822086469,0.0,1.1976837951233477,1.1826665631101887,68.07606358671367,0.0,17.78562822086469,17.78562822086469,32101.844943896358,,19550.813539870447,914.5107840000001,15,84,0,17.78562822086469,17.78562822086469,17.78562822086469,17.86454101285631,17.86454101285631,0.0,0.9064397199590253,0.903812151713001,56.11955042509038,20.956519618146853,26.694666741693297,26.694666741693297,31585.16642929102,,19208.528556613768,901.0190880000002,19,84,0,20.407710856249242,26.694666741693297,32.981622627137355,t0_immediate,19,0.07891279199161971,0.00443688527679025,0.07891279199161971,0.00443688527679025,-0.2912440751643224,-0.2431727609158539,-0.2788544113971877,-0.2357844722217,-11.956513161623292,-0.17563461416057596,20.956519618146853,,8.909038520828606,0.5009122202597953,8.909038520828606,0.5009122202597953,-516.6785146053371,-0.016094978824685125,,,-342.28498325667897,-0.017507454743949602,-13.49169599999982,-0.014752910775954085,4.0,0.26666666666666666,0.0,0.0
R0_reference,42,demand_surge,peripheral_area,mild,,,,,17.78562822086469,17.78562822086469,0.0,1.1976837951233477,1.1826665631101887,68.07606358671367,0.0,17.78562822086469,17.78562822086469,32101.844943896358,,19550.813539870447,914.5107840000001,15,84,0,17.78562822086469,17.78562822086469,17.78562822086469,17.891242908640876,17.891242908640876,0.0,1.204402274955368,1.188806649266686,66.9819610039053,0.0,17.891242908640876,17.891242908640876,32101.844943896358,,19550.813539870447,914.5107840000001,15,84,0,17.891242908640876,17.891242908640876,17.891242908640876,t0_immediate,15,0.10561468777618543,0.005938203951226567,0.10561468777618543,0.005938203951226567,0.006718479832020341,0.005609560603037478,0.006140086156497304,0.005191730575649355,-1.0941025828083752,-0.016071766273834758,0.0,,0.10561468777618543,0.005938203951226567,0.10561468777618543,0.005938203951226567,0.0,0.0,,,0.0,0.0,0.0,0.0,0.0,0.0,0.0,0.0
R0_reference,43,node_removal,central,mild,,,,,17.78562822086469,17.78562822086469,0.0,1.1976837951233477,1.1826665631101887,68.07606358671367,0.0,17.78562822086469,17.78562822086469,32101.844943896358,,19550.813539870447,914.5107840000001,15,84,0,17.78562822086469,17.78562822086469,17.78562822086469,17.955835608173217,17.97290286777553,0.017067259602314623,1.164875045134436,1.1498578131212769,65.29345975684737,3.1086941394135614,19.26286008258734,19.27939677329064,31762.485314953337,,19329.487845691667,905.4941688000001,16,83,0,18.330251840763275,19.26286008258734,20.195468324411408,t0_immediate,16,0.17020738730852614,0.009569939571144994,0.18727464691083995,0.010529549172243698,-0.03280874998891159,-0.027393499120970128,-0.03280874998891181,-0.02774133556514105,-2.7826038298663036,-0.040874922597748164,3.1086941394135614,,1.4772318617226503,0.0830576150236672,1.4937685524259479,0.08398739329733525,-339.35962894302065,-0.010571343470635769,,,-221.3256941787804,-0.011320536290084582,-9.016615199999933,-0.009859495762927967,1.0,0.06666666666666667,-1.0,-0.011904761904761904
R0_reference,44,node_removal,peripheral,mild,,,,,17.78562822086469,17.78562822086469,0.0,1.1976837951233477,1.1826665631101887,68.07606358671367,0.0,17.78562822086469,17.78562822086469,32101.844943896358,,19550.813539870447,914.5107840000001,15,84,0,17.78562822086469,17.78562822086469,17.78562822086469,17.60641159384733,17.6889354589581,0.08252386511076965,1.0917022648129362,1.0886388549021586,64.05431658056777,6.1847971826600725,20.228369055219567,20.305788986645943,30318.306422212045,,18282.424283765053,871.7981664000001,17,83,0,18.372929900421543,20.228369055219567,22.083808210017587,t0_immediate,17,-0.17921662701736096,-0.010076485620402106,-0.09669276190659204,-0.005436567137570083,-0.10598153031041146,-0.0884887403018562,-0.09402770820803008,-0.079504833518549,-4.021747006145901,-0.059077255561686456,6.1847971826600725,,2.4427408343548755,0.13734352276009262,2.5201607657812524,0.1416964716953208,-1783.5385216843133,-0.05555875448284551,,,-1268.3892561053945,-0.06487654610989653,-42.71261759999993,-0.04670542802478306,2.0,0.13333333333333333,-1.0,-0.011904761904761904
R0_reference,45,link_failure,any_road,severe,,,,,17.78562822086469,17.78562822086469,0.0,1.1976837951233477,1.1826665631101887,68.07606358671367,0.0,17.78562822086469,17.78562822086469,32101.844943896358,,19550.813539870447,914.5107840000001,15,84,0,17.78562822086469,17.78562822086469,17.78562822086469,17.603407190983404,17.603407190983404,0.0,1.154288860643843,1.1400467946384927,66.82606627693183,3.2499915706497915,18.98129288351916,18.98129288351916,31459.14876376464,,19192.0710527058,894.7495511999999,15,81,0,18.00629541232422,18.98129288351916,19.9562903547141,t0_immediate,15,-0.18222102988128697,-0.010245408687196086,-0.18222102988128697,-0.010245408687196086,-0.0433949344795046,-0.0362323800791138,-0.04261976847169602,-0.036037011446078356,-1.2499973097818469,-0.01836177422611444,3.2499915706497915,,1.195664662654469,0.06722645091905215,1.195664662654469,0.06722645091905215,-642.6961801317193,-0.020020537176444045,,,-358.7424871646472,-0.018349235771342964,-19.76123280000013,-0.02160852900341537,0.0,0.0,-3.0,-0.03571428571428571
R0_reference,46,link_failure,any_road,moderate,,,,,17.78562822086469,17.78562822086469,0.0,1.1976837951233477,1.1826665631101887,68.07606358671367,0.0,17.78562822086469,17.78562822086469,32101.844943896358,,19550.813539870447,914.5107840000001,15,84,0,17.78562822086469,17.78562822086469,17.78562822086469,15.537744657365069,15.537744657365069,0.0,1.100309060831826,1.085291828818667,58.63039917815633,9.706536656195142,19.853489770369013,19.853489770369013,31786.47998733059,,19228.38576416323,911.3206320000002,16,84,0,16.94152877351047,19.853489770369013,22.765450767227556,t0_immediate,16,-2.247883563499622,-0.12638763925485538,-2.247883563499622,-0.12638763925485538,-0.09737473429152166,-0.08130253969203381,-0.09737473429152166,-0.08233490091699606,-9.445664408557342,-0.13875162444617084,9.706536656195142,,2.0678615495043218,0.11626587061335682,2.0678615495043218,0.11626587061335682,-315.3649565657688,-0.009823888848660403,,,-322.4277757072159,-0.01649178306824323,-3.190151999999898,-0.003488370017952569,1.0,0.06666666666666667,0.0,0.0
R0_reference,47,link_failure,any_road,moderate,,,,,17.78562822086469,17.78562822086469,0.0,1.1976837951233477,1.1826665631101887,68.07606358671367,0.0,17.78562822086469,17.78562822086469,32101.844943896358,,19550.813539870447,914.5107840000001,15,84,0,17.78562822086469,17.78562822086469,17.78562822086469,17.78562822086469,17.78562822086469,0.0,1.1976837951233477,1.1826665631101887,68.07606358671367,0.0,17.78562822086469,17.78562822086469,32101.844943896358,,19550.813539870447,914.5107840000001,15,84,0,17.78562822086469,17.78562822086469,17.78562822086469,t0_immediate,15,0.0,0.0,0.0,0.0,0.0,0.0,0.0,0.0,0.0,0.0,0.0,,0.0,0.0,0.0,0.0,0.0,0.0,,,0.0,0.0,0.0,0.0,0.0,0.0,0.0,0.0
R0_reference,48,link_failure,any_road,mild,,,,,17.78562822086469,17.78562822086469,0.0,1.1976837951233477,1.1826665631101887,68.07606358671367,0.0,17.78562822086469,17.78562822086469,32101.844943896358,,19550.813539870447,914.5107840000001,15,84,0,17.78562822086469,17.78562822086469,17.78562822086469,17.941333053640978,17.941333053640978,0.0,1.164875045134436,1.1498578131212769,65.29345975684737,3.1086941394135614,19.24880836811791,19.24880836811791,31975.462848197665,,19493.02671024708,910.0578600000001,16,84,0,18.316200126293843,19.24880836811791,20.181416609941977,t0_immediate,16,0.1557048327762871,0.008754530952897494,0.1557048327762871,0.008754530952897494,-0.03280874998891159,-0.027393499120970128,-0.03280874998891181,-0.02774133556514105,-2.7826038298663036,-0.040874922597748164,3.1086941394135614,,1.4631801472532189,0.08226755496534735,1.4631801472532189,0.08226755496534735,-126.38209569869286,-0.00393691066415553,,,-57.78682962336825,-0.002955725065124383,-4.452923999999939,-0.004869186977241745,1.0,0.06666666666666667,0.0,0.0
R0_reference,49,combined_disruption,peripheral_area + central,moderate,area_closure,peripheral_area,node_removal,central,17.78562822086469,17.78562822086469,0.0,1.1976837951233477,1.1826665631101887,68.07606358671367,0.0,17.78562822086469,17.78562822086469,32101.844943896358,,19550.813539870447,914.5107840000001,15,84,0,17.78562822086469,17.78562822086469,17.78562822086469,15.254427376391098,15.398808771772119,0.1443813953810222,0.7823448754299958,0.7823448754299958,61.25002600544215,28.13042034120575,27.84154503949177,27.94531134145761,27480.624471802174,,16768.048111752716,781.4547768,22,75,0,19.402418937130044,27.84154503949177,36.28067114185349,t0_immediate,22,-2.5312008444735934,-0.14231720201506232,-2.386819449092572,-0.13419933327362282,-0.4153389196933519,-0.3467851209012783,-0.40032168768019294,-0.3384907463921385,-6.826037581271521,-0.10027074454116573,28.13042034120575,,10.055916818627079,0.5653956494396005,10.15968312059292,0.5712299275813257,-4621.2204720941845,-0.1439549807860135,,,-2782.765428117731,-0.14233501958589959,-133.05600720000007,-0.14549419156986132,7.0,0.4666666666666667,-9.0,-0.10714285714285714
R0_reference,50,link_failure,any_road,mild,,,,,17.78562822086469,17.78562822086469,0.0,1.1976837951233477,1.1826665631101887,68.07606358671367,0.0,17.78562822086469,17.78562822086469,32101.844943896358,,19550.813539870447,914.5107840000001,15,84,0,17.78562822086469,17.78562822086469,17.78562822086469,17.868906637375,17.868906637375,0.0,1.1789037215067568,1.1638864894935979,66.47824617863483,1.7608589758949285,18.61077577649346,18.61077577649346,31975.793530764902,,19493.689273456126,910.0467840000001,16,84,0,18.082518083724977,18.61077577649346,19.139033469261935,t0_immediate,16,0.08327841651031065,0.004682343264806076,0.08327841651031065,0.004682343264806076,-0.018780073616590842,-0.015680327055486887,-0.018780073616590842,-0.015879432295103375,-1.5978174080788392,-0.023471060515177663,1.7608589758949285,,0.8251475556287673,0.046394062969379375,0.8251475556287673,0.046394062969379375,-126.05141313145577,-0.003926609618598335,,,-57.12426641432103,-0.0029218357741393284,-4.463999999999942,-0.004881298370780001,1.0,0.06666666666666667,0.0,0.0
R0_reference,51,link_failure,any_road,moderate,,,,,17.78562822086469,17.78562822086469,0.0,1.1976837951233477,1.1826665631101887,68.07606358671367,0.0,17.78562822086469,17.78562822086469,32101.844943896358,,19550.813539870447,914.5107840000001,15,84,0,17.78562822086469,17.78562822086469,17.78562822086469,17.77055932892632,17.77055932892632,0.0,1.1757236036698213,1.1607063716566624,66.85867172092902,1.8478211743842454,18.550883875470454,18.550883875470454,31797.88981066244,,19420.100467328048,903.4338576,16,83,0,17.99653752315518,18.550883875470454,19.105230227785725,t0_immediate,16,-0.015068891938369688,-0.0008472510361310745,-0.015068891938369688,-0.0008472510361310745,-0.021960191453526345,-0.018335550287097855,-0.021960191453526345,-0.01856837094960663,-1.2173918657846485,-0.017882818154342367,1.8478211743842454,,0.7652556546057632,0.043026630552640575,0.7652556546057632,0.043026630552640575,-303.9551332339179,-0.009468463067002322,,,-130.71307254239946,-0.00668581244846068,-11.076926400000048,-0.012112406538882375,1.0,0.06666666666666667,-1.0,-0.011904761904761904
R0_reference,52,link_failure,any_road,moderate,,,,,17.78562822086469,17.78562822086469,0.0,1.1976837951233477,1.1826665631101887,68.07606358671367,0.0,17.78562822086469,17.78562822086469,32101.844943896358,,19550.813539870447,914.5107840000001,15,84,0,17.78562822086469,17.78562822086469,17.78562822086469,16.97528002532261,16.97528002532261,0.0,0.8434803601981475,0.8417127996775505,64.80432787948402,22.40217828757213,26.6137545017785,26.6137545017785,31192.081412738196,,19258.501657922745,876.9600048,19,84,0,19.89310101550686,26.6137545017785,33.33440798805014,t0_immediate,19,-0.8103481955420797,-0.04556196640788001,-0.8103481955420797,-0.04556196640788001,-0.3542034349252001,-0.2957403584881277,-0.34095376343263817,-0.2882923844029161,-3.2717357072296522,-0.04806000134044462,22.40217828757213,,8.82812628091381,0.49636291568027674,8.82812628091381,0.49636291568027674,-909.7635311581616,-0.02833991419334727,,,-292.3118819477022,-0.014951392245216983,-37.55077920000008,-0.04106105674966002,4.0,0.26666666666666666,0.0,0.0
R0_reference,53,area_closure,peripheral_area,severe,,,,,17.78562822086469,17.78562822086469,0.0,1.1976837951233477,1.1826665631101887,68.07606358671367,0.0,17.78562822086469,17.78562822086469,32101.844943896358,,19550.813539870447,914.5107840000001,15,84,0,17.78562822086469,17.78562822086469,17.78562822086469,16.82738595082299,17.30392656890628,0.47654061808328957,0.6833419515054308,0.6830834785226308,53.201983540816165,35.12860611354531,31.993323489079504,32.302462030465264,26104.564880876133,,15878.659781095163,744.5353920000001,25,74,0,21.454741655015912,31.993323489079504,42.53190532314309,t0_immediate,25,-0.9582422700417013,-0.05387733613578897,-0.4817016519584101,-0.027083758075709456,-0.5143418436179169,-0.42944710925553237,-0.49958308458755785,-0.42242090896165113,-14.874080045897507,-0.21849206993220543,35.12860611354531,,14.207695268214813,0.7988301055088665,14.516833809600573,0.8162114730684954,-5997.2800630202255,-0.18682041712872052,,,-3672.1537587752846,-0.18782613579156554,-169.97539199999994,-0.18586483065463769,10.0,0.6666666666666666,-10.0,-0.11904761904761904
R0_reference,54,link_failure,any_road,moderate,,,,,17.78562822086469,17.78562822086469,0.0,1.1976837951233477,1.1826665631101887,68.07606358671367,0.0,17.78562822086469,17.78562822086469,32101.844943896358,,19550.813539870447,914.5107840000001,15,84,0,17.78562822086469,17.78562822086469,17.78562822086469,17.817502520409437,17.817502520409437,0.0,1.1666332029755948,1.1559789343069606,74.13041747163979,0.0,17.817502520409437,17.817502520409437,31934.51731084293,,19438.60473455366,910.2018624000001,16,84,0,17.817502520409437,17.817502520409437,17.817502520409437,t0_immediate,16,0.03187429954474652,0.0017921379638057495,0.03187429954474652,0.0017921379638057495,-0.031050592147752853,-0.02592553416367715,-0.02668762880322806,-0.02256564076103129,6.054353884926115,0.0889351346999408,0.0,,0.03187429954474652,0.0017921379638057495,0.03187429954474652,0.0017921379638057495,-167.32763305342814,-0.005212399266953744,,,-112.20880531678631,-0.005739342001700143,-4.308921599999962,-0.004711723115120709,1.0,0.06666666666666667,0.0,0.0
R0_reference,55,combined_disruption,peripheral_area + peripheral_area,mild,demand_surge,peripheral_area,area_closure,peripheral_area,17.78562822086469,17.78562822086469,0.0,1.1976837951233477,1.1826665631101887,68.07606358671367,0.0,17.78562822086469,17.78562822086469,32101.844943896358,,19550.813539870447,914.5107840000001,15,84,0,17.78562822086469,17.78562822086469,17.78562822086469,16.933512145873184,17.385604853151342,0.4520927072781572,1.0924705312648193,1.0636872697880464,63.75990227836541,10.798560026818521,21.584072688243577,21.987345893149435,30156.057105710825,,18843.255636138532,837.8584776,17,79,0,18.34450468019802,21.584072688243577,24.823640696289132,t0_immediate,17,-0.8521160749915069,-0.04791037260027013,-0.4000233677133487,-0.0224913825222138,-0.10521326385852836,-0.08784728013097363,-0.1189792933221423,-0.10060256798775923,-4.3161613083482635,-0.06340204002616044,10.798560026818521,,3.7984444673788857,0.21356819226227003,4.201717672284744,0.23624229743853642,-1945.7878381855335,-0.06061295983411986,,,-707.5579037319148,-0.036190714124963386,-76.65230640000004,-0.08381782669060361,2.0,0.13333333333333333,-5.0,-0.05952380952380952
R0_reference,56,demand_surge,central_area,mild,,,,,17.78562822086469,17.78562822086469,0.0,1.1976837951233477,1.1826665631101887,68.07606358671367,0.0,17.78562822086469,17.78562822086469,32101.844943896358,,19550.813539870447,914.5107840000001,15,84,0,17.78562822086469,17.78562822086469,17.78562822086469,17.66413813118502,17.66413813118502,0.0,1.189955431441271,1.1756035339662247,69.33462547524401,0.0,17.66413813118502,17.66413813118502,32101.844943896358,,19550.813539870447,914.5107840000001,15,84,0,17.66413813118502,17.66413813118502,17.66413813118502,t0_immediate,15,-0.12149008967967134,-0.006830801148600913,-0.12149008967967134,-0.006830801148600913,-0.007728363682076633,-0.006452757993006577,-0.00706302914396395,-0.005972122121546688,1.2585618885303376,0.01848758318593453,0.0,,-0.12149008967967134,-0.006830801148600913,-0.12149008967967134,-0.006830801148600913,0.0,0.0,,,0.0,0.0,0.0,0.0,0.0,0.0,0.0,0.0
R0_reference,57,link_failure,any_road,moderate,,,,,17.78562822086469,17.78562822086469,0.0,1.1976837951233477,1.1826665631101887,68.07606358671367,0.0,17.78562822086469,17.78562822086469,32101.844943896358,,19550.813539870447,914.5107840000001,15,84,0,17.78562822086469,17.78562822086469,17.78562822086469,18.289381992880177,18.289381992880177,0.0,1.16004647767512,1.145029245661961,67.63041280859498,2.45652069423411,19.314011955918012,19.314011955918012,31163.06022798924,,18652.981800986552,902.2597104,17,84,0,18.57705574764778,19.314011955918012,20.050968164188248,t0_immediate,17,0.5037537720154859,0.028323642311634617,0.5037537720154859,0.028323642311634617,-0.037637317448227625,-0.03142508698996918,-0.037637317448227625,-0.03182411562329844,-0.44565077811869,-0.006546365266126627,2.45652069423411,,1.5283837350533211,0.08593363788299264,1.5283837350533211,0.08593363788299264,-938.7847159071171,-0.029243948986352936,,,-897.831738883895,-0.04592298612295212,-12.25107360000004,-0.013396313979387738,2.0,0.13333333333333333,0.0,0.0
R0_reference,58,node_removal,peripheral,moderate,,,,,17.78562822086469,17.78562822086469,0.0,1.1976837951233477,1.1826665631101887,68.07606358671367,0.0,17.78562822086469,17.78562822086469,32101.844943896358,,19550.813539870447,914.5107840000001,15,84,0,17.78562822086469,17.78562822086469,17.78562822086469,17.366754420396024,17.366754420396024,0.0,1.0518390685023349,1.0375970024969847,57.48910102952859,13.239137437147543,23.011028396596423,23.011028396596423,31563.33983140094,,19219.37757125117,899.3243208,16,82,0,19.03928716545216,23.011028396596423,26.982769627740687,t0_immediate,16,-0.41887380046866696,-0.023551251339959833,-0.41887380046866696,-0.023551251339959833,-0.14584472662101278,-0.12177231353956196,-0.14506956061320397,-0.12266311159732,-10.586962557185082,-0.1555166676712977,13.239137437147543,,5.225400175731732,0.29379902193174745,5.225400175731732,0.29379902193174745,-538.5051124954189,-0.01677489606708124,,,-331.43596861927654,-0.01695254102563922,-15.186463200000048,-0.016606106199836837,1.0,0.06666666666666667,-2.0,-0.023809523809523808
R0_reference,59,link_failure,any_road,moderate,,,,,17.78562822086469,17.78562822086469,0.0,1.1976837951233477,1.1826665631101887,68.07606358671367,0.0,17.78562822086469,17.78562822086469,32101.844943896358,,19550.813539870447,914.5107840000001,15,84,0,17.78562822086469,17.78562822086469,17.78562822086469,17.78562822086469,17.78562822086469,0.0,1.1976837951233477,1.1826665631101887,68.07606358671367,0.0,17.78562822086469,17.78562822086469,32101.844943896358,,19550.813539870447,914.5107840000001,15,84,0,17.78562822086469,17.78562822086469,17.78562822086469,t0_immediate,15,0.0,0.0,0.0,0.0,0.0,0.0,0.0,0.0,0.0,0.0,0.0,,0.0,0.0,0.0,0.0,0.0,0.0,,,0.0,0.0,0.0,0.0,0.0,0.0,0.0,0.0
R0_reference,60,demand_surge,peripheral_area,mild,,,,,17.78562822086469,17.78562822086469,0.0,1.1976837951233477,1.1826665631101887,68.07606358671367,0.0,17.78562822086469,17.78562822086469,32101.844943896358,,19550.813539870447,914.5107840000001,15,84,0,17.78562822086469,17.78562822086469,17.78562822086469,17.891242908640876,17.891242908640876,0.0,1.204402274955368,1.188806649266686,66.9819610039053,0.0,17.891242908640876,17.891242908640876,32101.844943896358,,19550.813539870447,914.5107840000001,15,84,0,17.891242908640876,17.891242908640876,17.891242908640876,t0_immediate,15,0.10561468777618543,0.005938203951226567,0.10561468777618543,0.005938203951226567,0.006718479832020341,0.005609560603037478,0.006140086156497304,0.005191730575649355,-1.0941025828083752,-0.016071766273834758,0.0,,0.10561468777618543,0.005938203951226567,0.10561468777618543,0.005938203951226567,0.0,0.0,,,0.0,0.0,0.0,0.0,0.0,0.0,0.0,0.0
R0_reference,61,node_removal,central,mild,,,,,17.78562822086469,17.78562822086469,0.0,1.1976837951233477,1.1826665631101887,68.07606358671367,0.0,17.78562822086469,17.78562822086469,32101.844943896358,,19550.813539870447,914.5107840000001,15,84,0,17.78562822086469,17.78562822086469,17.78562822086469,18.245853919352964,18.586447867999432,0.3405939486464686,0.9526470891613099,0.9495120564595467,45.03698242278976,21.963424438453906,27.41649424369754,27.682282097791095,30966.386399783194,,18745.096571728987,887.2393968000002,18,83,0,20.827466912161366,27.41649424369754,34.00552157523371,t0_immediate,18,0.4602256984882729,0.025876268905046185,0.8008196471347411,0.04502622213789912,-0.24503670596203775,-0.20459215275330814,-0.23315450665064197,-0.1971430612170939,-23.03908116392391,-0.3384314537308297,21.963424438453906,,9.630866022832848,0.541497095477048,9.896653876926404,0.5564410632016041,-1135.458544113164,-0.03537050739910987,,,-805.7169681414598,-0.04121142920719599,-27.271387199999822,-0.029820738778734642,3.0,0.2,-1.0,-0.011904761904761904
R0_reference,62,link_failure,any_road,mild,,,,,17.78562822086469,17.78562822086469,0.0,1.1976837951233477,1.1826665631101887,68.07606358671367,0.0,17.78562822086469,17.78562822086469,32101.844943896358,,19550.813539870447,914.5107840000001,15,84,0,17.78562822086469,17.78562822086469,17.78562822086469,17.78562822086469,17.78562822086469,0.0,1.1976837951233477,1.1826665631101887,68.07606358671367,0.0,17.78562822086469,17.78562822086469,32101.844943896358,,19550.813539870447,914.5107840000001,15,84,0,17.78562822086469,17.78562822086469,17.78562822086469,t0_immediate,15,0.0,0.0,0.0,0.0,0.0,0.0,0.0,0.0,0.0,0.0,0.0,,0.0,0.0,0.0,0.0,0.0,0.0,,,0.0,0.0,0.0,0.0,0.0,0.0,0.0,0.0
R0_reference,63,link_failure,any_road,mild,,,,,17.78562822086469,17.78562822086469,0.0,1.1976837951233477,1.1826665631101887,68.07606358671367,0.0,17.78562822086469,17.78562822086469,32101.844943896358,,19550.813539870447,914.5107840000001,15,84,0,17.78562822086469,17.78562822086469,17.78562822086469,17.38246727579752,17.38246727579752,0.0,1.115521264996551,1.1005040329833917,61.98912577953558,7.999977043471775,20.79186011022779,20.79186011022779,31970.000281580582,,19442.084605975724,912.0184776000001,16,84,0,18.39186699718626,20.79186011022779,23.191853223269323,t0_immediate,16,-0.40316094506717093,-0.022667793347564434,-0.40316094506717093,-0.022667793347564434,-0.08216253012679675,-0.0686011871091025,-0.08216253012679697,-0.06947226943723268,-6.086937807178096,-0.08941377462909117,7.999977043471775,,3.0062318893631,0.1690259040631709,3.0062318893631,0.1690259040631709,-131.84466231577608,-0.004107074298882133,,,-108.72893389472301,-0.005561350870284219,-2.4923063999999613,-0.002725289240547612,1.0,0.06666666666666667,0.0,0.0
R0_reference,64,link_failure,any_road,moderate,,,,,17.78562822086469,17.78562822086469,0.0,1.1976837951233477,1.1826665631101887,68.07606358671367,0.0,17.78562822086469,17.78562822086469,32101.844943896358,,19550.813539870447,914.5107840000001,15,84,0,17.78562822086469,17.78562822086469,17.78562822086469,18.35117040834903,18.35117040834903,0.0,1.1493274422855793,1.13431021027242,65.63041137381195,3.9347848076565763,19.98996222768809,19.98996222768809,31764.900014635597,,19415.500062294494,901.8055536000002,17,84,0,18.809526785391114,19.98996222768809,21.17039766998506,t0_immediate,17,0.5655421874843398,0.031797706578668414,0.5655421874843398,0.031797706578668414,-0.0483563528377684,-0.04037489113125076,-0.048356352837768624,-0.04088756234944242,-2.44565221290172,-0.03592528833260911,3.9347848076565763,,2.204334006823398,0.12393905795452577,2.204334006823398,0.12393905795452577,-336.94492926076055,-0.010496123504727884,,,-135.31347757595358,-0.006921117492118961,-12.705230399999891,-0.013892925728473301,2.0,0.13333333333333333,0.0,0.0
R0_reference,65,combined_disruption,any_road + central_area,mild,link_failure,any_road,demand_surge,central_area,17.78562822086469,17.78562822086469,0.0,1.1976837951233477,1.1826665631101887,68.07606358671367,0.0,17.78562822086469,17.78562822086469,32101.844943896358,,19550.813539870447,914.5107840000001,15,84,0,17.78562822086469,17.78562822086469,17.78562822086469,17.69051614223601,17.69051614223601,0.0,1.1844566957160867,1.1701047982410404,69.10609187262685,0.4674610174194912,17.888296485942448,17.888296485942448,31894.090260351633,,19435.92323743954,908.0750928000001,15,83,0,17.7480581807166,17.888296485942448,18.028534791168298,t0_immediate,15,-0.09511207862868076,-0.005347692948911571,-0.09511207862868076,-0.005347692948911571,-0.013227099407260967,-0.011043899450855247,-0.012561764869148284,-0.010621560853224112,1.0300282859131755,0.01513055002954379,0.4674610174194912,,0.10266826507775662,0.005772540829191197,0.10266826507775662,0.005772540829191197,-207.75468354472468,-0.0064717365593103034,,,-114.89030243090747,-0.005876497271922158,-6.435691199999951,-0.007037304876658459,0.0,0.0,-1.0,-0.011904761904761904
R0_reference,66,link_failure,any_road,severe,,,,,17.78562822086469,17.78562822086469,0.0,1.1976837951233477,1.1826665631101887,68.07606358671367,0.0,17.78562822086469,17.78562822086469,32101.844943896358,,19550.813539870447,914.5107840000001,15,84,0,17.78562822086469,17.78562822086469,17.78562822086469,17.44814002485576,17.44814002485576,0.0,1.126518219511324,1.1124557769764365,64.34779427220276,5.630454417302334,19.844003104470573,19.844003104470573,31564.413614833753,,19432.067430542193,889.9310928,17,83,0,18.15486677927987,19.844003104470573,21.533139429661272,t0_immediate,17,-0.33748819600893043,-0.018975331757638787,-0.33748819600893043,-0.018975331757638787,-0.07116557561202375,-0.0594193358061545,-0.0702107861337522,-0.05936650982091787,-3.7282693145109107,-0.054766229392243425,5.630454417302334,,2.0583748836058824,0.11573248119462881,2.0583748836058824,0.11573248119462881,-537.4313290626051,-0.016741446792290636,,,-118.74610932825453,-0.006073717039247125,-24.57969120000007,-0.026877420835313047,2.0,0.13333333333333333,-1.0,-0.011904761904761904
R0_reference,67,link_failure,any_road,severe,,,,,17.78562822086469,17.78562822086469,0.0,1.1976837951233477,1.1826665631101887,68.07606358671367,0.0,17.78562822086469,17.78562822086469,32101.844943896358,,19550.813539870447,914.5107840000001,15,84,0,17.78562822086469,17.78562822086469,17.78562822086469,15.157822089335708,15.157822089335708,0.0,0.6998924186190161,0.6970412262112773,50.47822752645561,35.739139230626286,31.184030486873166,31.184030486873166,30113.42474178047,,18902.119347225584,832.8738480000001,25,83,0,20.46228871768528,31.184030486873166,41.905772256061056,t0_immediate,25,-2.627806131528983,-0.1477488508641066,-2.627806131528983,-0.1477488508641066,-0.4977913765043316,-0.4156283808223896,-0.4856253368989114,-0.41061897921744644,-17.59783606025806,-0.25850255042791004,35.739139230626286,,13.398402266008475,0.7533274675274348,13.398402266008475,0.7533274675274348,-1988.420202115889,-0.06194099453134249,,,-648.6941926448635,-0.0331799079011196,-81.63693599999999,-0.08926842354217661,10.0,0.6666666666666666,-1.0,-0.011904761904761904
R0_reference,68,link_failure,any_road,moderate,,,,,17.78562822086469,17.78562822086469,0.0,1.1976837951233477,1.1826665631101887,68.07606358671367,0.0,17.78562822086469,17.78562822086469,32101.844943896358,,19550.813539870447,914.5107840000001,15,84,0,17.78562822086469,17.78562822086469,17.78562822086469,17.77557510901395,17.77557510901395,0.0,1.178116999394525,1.163099767381366,66.85867172092902,1.695648087900547,18.49155276230496,18.49155276230496,31974.243391558077,,19498.979283447592,909.7255536,16,84,0,17.982858335934793,18.49155276230496,19.00024718867512,t0_immediate,16,-0.010053111850741203,-0.0005652379396386847,-0.010053111850741203,-0.0005652379396386847,-0.019566795728822584,-0.01633719668621502,-0.019566795728822806,-0.016544642707548816,-1.2173918657846485,-0.017882818154342367,1.695648087900547,,0.7059245414402682,0.03969072852946141,0.7059245414402682,0.03969072852946141,-127.60155233828118,-0.003974897784264033,,,-51.834256422855105,-0.0026512582873929134,-4.785230400000046,-0.005232557651283033,1.0,0.06666666666666667,0.0,0.0
R0_reference,69,link_failure,any_road,mild,,,,,17.78562822086469,17.78562822086469,0.0,1.1976837951233477,1.1826665631101887,68.07606358671367,0.0,17.78562822086469,17.78562822086469,32101.844943896358,,19550.813539870447,914.5107840000001,15,84,0,17.78562822086469,17.78562822086469,17.78562822086469,18.205526273587875,18.205526273587875,0.0,0.9099351317552824,0.9068041882686562,50.7065086779264,22.717378594041776,27.70013510140424,27.70013510140424,29472.784025888002,,16706.373172360003,894.8714160000001,20,84,0,20.884921523191707,27.70013510140424,34.51534867961677,t0_immediate,20,0.4198980527231839,0.023608840098804762,0.4198980527231839,0.023608840098804762,-0.28774866336806526,-0.2402542845947335,-0.27586237484153253,-0.23325456510418863,-17.369554908787272,-0.2551492256402626,22.717378594041776,,9.914506880539548,0.5574448513946015,9.914506880539548,0.5574448513946015,-2629.0609180083557,-0.08189750223400255,,,-2844.440367510444,-0.1454896166704116,-19.63936799999999,-0.021475272182246884,5.0,0.3333333333333333,0.0,0.0
R0_reference,70,combined_disruption,any_road + central,severe,link_failure,any_road,node_removal,central,17.78562822086469,17.78562822086469,0.0,1.1976837951233477,1.1826665631101887,68.07606358671367,0.0,17.78562822086469,17.78562822086469,32101.844943896358,,19550.813539870447,914.5107840000001,15,84,0,17.78562822086469,17.78562822086469,17.78562822086469,16.49083849383038,17.19089803463317,0.7000595408027912,0.6770004050563374,0.6738694615697113,27.41303600803192,46.0108512639362,36.50977408061987,36.88773026734489,26892.89526471645,,15356.974016895565,811.5175584,24,81,0,22.70651870143901,36.50977408061987,50.31302945980073,t0_immediate,24,-1.2947897270343098,-0.07279977468073717,-0.5947301862315193,-0.03343880681897021,-0.5206833900670103,-0.4347419512454753,-0.5087971015404774,-0.4302117920730232,-40.66302757868175,-0.5973175509316303,46.0108512639362,,18.72414585975518,1.052768315363159,19.1021020464802,1.0740189668460025,-5208.9496791799065,-0.16226324961333113,,,-4193.839522974882,-0.2145097192207518,-102.99322560000007,-0.11262111655973656,9.0,0.6,-3.0,-0.03571428571428571
R0_reference,71,demand_surge,central_area,mild,,,,,17.78562822086469,17.78562822086469,0.0,1.1976837951233477,1.1826665631101887,68.07606358671367,0.0,17.78562822086469,17.78562822086469,32101.844943896358,,19550.813539870447,914.5107840000001,15,84,0,17.78562822086469,17.78562822086469,17.78562822086469,17.66413813118502,17.66413813118502,0.0,1.189955431441271,1.1756035339662247,69.33462547524401,0.0,17.66413813118502,17.66413813118502,32101.844943896358,,19550.813539870447,914.5107840000001,15,84,0,17.66413813118502,17.66413813118502,17.66413813118502,t0_immediate,15,-0.12149008967967134,-0.006830801148600913,-0.12149008967967134,-0.006830801148600913,-0.007728363682076633,-0.006452757993006577,-0.00706302914396395,-0.005972122121546688,1.2585618885303376,0.01848758318593453,0.0,,-0.12149008967967134,-0.006830801148600913,-0.12149008967967134,-0.006830801148600913,0.0,0.0,,,0.0,0.0,0.0,0.0,0.0,0.0,0.0,0.0
R0_reference,72,combined_disruption,peripheral_area + peripheral,mild,area_closure,peripheral_area,node_removal,peripheral,17.78562822086469,17.78562822086469,0.0,1.1976837951233477,1.1826665631101887,68.07606358671367,0.0,17.78562822086469,17.78562822086469,32101.844943896358,,19550.813539870447,914.5107840000001,15,84,0,17.78562822086469,17.78562822086469,17.78562822086469,17.14228502286429,17.494361171331416,0.35207614846712726,1.0307588147572557,1.0171176118208831,64.41301950802729,12.880477553178444,22.66256338029945,22.96929043949317,30545.668599557517,,19042.408477446894,850.6523232,18,79,0,18.798420114345916,22.66256338029945,26.526706646252983,t0_immediate,18,-0.6433431980004016,-0.036172081751134455,-0.29126704953327476,-0.016376539862200837,-0.16692498036609194,-0.1393731643074461,-0.16554895128930558,-0.13997939609786822,-3.663044078686383,-0.05380810648695168,12.880477553178444,,4.876935159434758,0.27420651656900846,5.183662218628481,0.2914522981284079,-1556.1763443388409,-0.048476227676587866,,,-508.4050624235533,-0.02600429191280202,-63.8584608000001,-0.06982800194076234,3.0,0.2,-5.0,-0.05952380952380952
R0_reference,73,area_closure,central_area,mild,,,,,17.78562822086469,17.78562822086469,0.0,1.1976837951233477,1.1826665631101887,68.07606358671367,0.0,17.78562822086469,17.78562822086469,32101.844943896358,,19550.813539870447,914.5107840000001,15,84,0,17.78562822086469,17.78562822086469,17.78562822086469,17.470145818587937,17.897712948185028,0.42756712959709015,1.0210434022825554,1.0060261702693964,52.380405455332,17.000012195655625,24.700226216222543,25.05510688164351,31127.217771376203,,18909.498892220254,888.8677032,17,80,0,19.600222557525854,24.700226216222543,29.800229874919232,t0_immediate,17,-0.3154824022767535,-0.017738052227283967,0.1120847273203367,0.0063019830353165576,-0.17664039284079225,-0.14748499859480885,-0.17664039284079225,-0.1493577296852475,-15.69565813138167,-0.23056060095761727,17.000012195655625,,6.914597995357852,0.3887744593270084,7.2694786607788195,0.4087276856631267,-974.627172520155,-0.030360472247731807,,,-641.3146476501934,-0.032802453276041164,-25.643080800000007,-0.028040216964789783,2.0,0.13333333333333333,-4.0,-0.047619047619047616
R0_reference,74,combined_disruption,peripheral + peripheral_area,moderate,node_removal,peripheral,demand_surge,peripheral_area,17.78562822086469,17.78562822086469,0.0,1.1976837951233477,1.1826665631101887,68.07606358671367,0.0,17.78562822086469,17.78562822086469,32101.844943896358,,19550.813539870447,914.5107840000001,15,84,0,17.78562822086469,17.78562822086469,17.78562822086469,17.97358278455675,17.97358278455675,0.0,1.2015745971698149,1.1855679711381009,66.56365475013908,0.1390297661490582,18.032012014132206,18.032012014132206,31091.043529155904,,19032.01329744488,881.4129384,15,81,0,17.99030308428749,18.032012014132206,18.073720943976927,t0_immediate,15,0.18795456369205965,0.010567777609989972,0.18795456369205965,0.010567777609989972,0.00389080204646719,0.003248605401784268,0.002901408027912167,0.002453276450364855,-1.5124088365745934,-0.02221645548949996,0.1390297661490582,,0.24638379326751547,0.013852971073491658,0.24638379326751547,0.013852971073491658,-1010.8014147404538,-0.03148733091531056,,,-518.8002424255683,-0.026535992549239263,-33.09784560000003,-0.0361918592750023,0.0,0.0,-3.0,-0.03571428571428571
R0_reference,75,link_failure,any_road,severe,,,,,17.78562822086469,17.78562822086469,0.0,1.1976837951233477,1.1826665631101887,68.07606358671367,0.0,17.78562822086469,17.78562822086469,32101.844943896358,,19550.813539870447,914.5107840000001,15,84,0,17.78562822086469,17.78562822086469,17.78562822086469,16.548351911233073,16.548351911233073,0.0,0.8931822379609061,0.8900512944742798,40.8260691464978,27.076084391067326,28.313356817057198,28.313356817057198,31413.623441054908,,19063.38581731863,897.9397104000002,19,84,0,20.190531499737002,28.313356817057198,36.4361821343774,t0_immediate,19,-1.2372763096316177,-0.0695660729138678,-1.2372763096316177,-0.0695660729138678,-0.30450155716244154,-0.25424202815658986,-0.2926152686359089,-0.24741992186401743,-27.249994440215872,-0.40028745794776277,27.076084391067326,,10.527728596192507,0.591923347629757,10.527728596192507,0.591923347629757,-688.2215028414503,-0.0214386900205966,,,-487.42772255181626,-0.024931326850301812,-16.571073599999863,-0.01812015111240051,4.0,0.26666666666666666,0.0,0.0
R0_reference,76,area_closure,peripheral_area,severe,,,,,17.78562822086469,17.78562822086469,0.0,1.1976837951233477,1.1826665631101887,68.07606358671367,0.0,17.78562822086469,17.78562822086469,32101.844943896358,,19550.813539870447,914.5107840000001,15,84,0,17.78562822086469,17.78562822086469,17.78562822086469,17.92962418135582,18.62559003957874,0.6959658582229207,0.6456376917138755,0.6456376917138755,52.68781128442683,36.86620175192585,33.43937380845061,33.87876348925654,26879.255161981368,,16934.253314476704,740.6584728000001,25,76,0,22.379513282872853,33.43937380845061,44.49923433402836,t0_immediate,25,0.14399596049112873,0.00809619759858716,0.8399618187140483,0.04722699745453307,-0.5520461034094721,-0.4609280894149676,-0.5370288713963132,-0.4540830764539661,-15.388252302286844,-0.22604497809550422,36.86620175192585,,15.65374558758592,0.8801345329608422,16.09313526839185,0.9048392931947525,-5222.58978191499,-0.1626881505110497,,,-2616.560225393743,-0.13383382845208608,-173.85231119999992,-0.19010416743210315,10.0,0.6666666666666666,-8.0,-0.09523809523809523
R0_reference,77,link_failure,any_road,mild,,,,,17.78562822086469,17.78562822086469,0.0,1.1976837951233477,1.1826665631101887,68.07606358671367,0.0,17.78562822086469,17.78562822086469,32101.844943896358,,19550.813539870447,914.5107840000001,15,84,0,17.78562822086469,17.78562822086469,17.78562822086469,17.457126156700227,17.457126156700227,0.0,1.1307350722247824,1.116672629689895,64.46736191468928,5.304364107755074,19.71375508725174,19.71375508725174,31696.385814671623,,19495.595732339523,894.4394016000001,17,84,0,18.12244585492522,19.71375508725174,21.305064319578264,t0_immediate,17,-0.32850206416446426,-0.01847008495202276,-0.32850206416446426,-0.01847008495202276,-0.06694872289856524,-0.05589849605644058,-0.0659939334202937,-0.055800963245922985,-3.608701672024395,-0.05300984636733169,5.304364107755074,,1.9281268663870499,0.10840926406665377,1.9281268663870499,0.10840926406665377,-405.4591292247351,-0.012630399590221263,,,-55.21780753092389,-0.002824322753542551,-20.071382399999948,-0.021947671641671912,2.0,0.13333333333333333,0.0,0.0
R0_reference,78,combined_disruption,any_road + peripheral_area,mild,link_failure,any_road,demand_surge,peripheral_area,17.78562822086469,17.78562822086469,0.0,1.1976837951233477,1.1826665631101887,68.07606358671367,0.0,17.78562822086469,17.78562822086469,32101.844943896358,,19550.813539870447,914.5107840000001,15,84,0,17.78562822086469,17.78562822086469,17.78562822086469,17.891242908640876,17.891242908640876,0.0,1.204402274955368,1.188806649266686,66.9819610039053,0.0,17.891242908640876,17.891242908640876,32101.844943896358,,19550.813539870447,914.5107840000001,15,84,0,17.891242908640876,17.891242908640876,17.891242908640876,t0_immediate,15,0.10561468777618543,0.005938203951226567,0.10561468777618543,0.005938203951226567,0.006718479832020341,0.005609560603037478,0.006140086156497304,0.005191730575649355,-1.0941025828083752,-0.016071766273834758,0.0,,0.10561468777618543,0.005938203951226567,0.10561468777618543,0.005938203951226567,0.0,0.0,,,0.0,0.0,0.0,0.0,0.0,0.0,0.0,0.0
R0_reference,79,node_removal,central,mild,,,,,17.78562822086469,17.78562822086469,0.0,1.1976837951233477,1.1826665631101887,68.07606358671367,0.0,17.78562822086469,17.78562822086469,32101.844943896358,,19550.813539870447,914.5107840000001,15,84,0,17.78562822086469,17.78562822086469,17.78562822086469,17.955835608173217,17.97290286777553,0.017067259602314623,1.164875045134436,1.1498578131212769,65.29345975684737,3.1086941394135614,19.26286008258734,19.27939677329064,31762.485314953337,,19329.487845691667,905.4941688000001,16,83,0,18.330251840763275,19.26286008258734,20.195468324411408,t0_immediate,16,0.17020738730852614,0.009569939571144994,0.18727464691083995,0.010529549172243698,-0.03280874998891159,-0.027393499120970128,-0.03280874998891181,-0.02774133556514105,-2.7826038298663036,-0.040874922597748164,3.1086941394135614,,1.4772318617226503,0.0830576150236672,1.4937685524259479,0.08398739329733525,-339.35962894302065,-0.010571343470635769,,,-221.3256941787804,-0.011320536290084582,-9.016615199999933,-0.009859495762927967,1.0,0.06666666666666667,-1.0,-0.011904761904761904
R0_reference,80,combined_disruption,central_area + any_road,mild,demand_surge,central_area,link_failure,any_road,17.78562822086469,17.78562822086469,0.0,1.1976837951233477,1.1826665631101887,68.07606358671367,0.0,17.78562822086469,17.78562822086469,32101.844943896358,,19550.813539870447,914.5107840000001,15,84,0,17.78562822086469,17.78562822086469,17.78562822086469,17.66413813118502,17.66413813118502,0.0,1.189955431441271,1.1756035339662247,69.33462547524401,0.0,17.66413813118502,17.66413813118502,32101.844943896358,,19550.813539870447,914.5107840000001,15,84,0,17.66413813118502,17.66413813118502,17.66413813118502,t0_immediate,15,-0.12149008967967134,-0.006830801148600913,-0.12149008967967134,-0.006830801148600913,-0.007728363682076633,-0.006452757993006577,-0.00706302914396395,-0.005972122121546688,1.2585618885303376,0.01848758318593453,0.0,,-0.12149008967967134,-0.006830801148600913,-0.12149008967967134,-0.006830801148600913,0.0,0.0,,,0.0,0.0,0.0,0.0,0.0,0.0,0.0,0.0
R0_reference,81,area_closure,central_area,mild,,,,,17.78562822086469,17.78562822086469,0.0,1.1976837951233477,1.1826665631101887,68.07606358671367,0.0,17.78562822086469,17.78562822086469,32101.844943896358,,19550.813539870447,914.5107840000001,15,84,0,17.78562822086469,17.78562822086469,17.78562822086469,16.277980874503218,16.588395096944865,0.3104142224416458,0.6706961119703416,0.6675651684837154,26.782606699432336,46.6412805725358,36.670490486803935,36.836123540819514,27349.676301796488,,15691.679469245608,822.0184848,21,80,0,22.678106315043195,36.670490486803935,50.662874658564675,t0_immediate,21,-1.5076473463614732,-0.08476773086895073,-1.1972331239198262,-0.06731463792295664,-0.526987683153006,-0.44000568872916274,-0.5151013946264733,-0.4355423673024579,-41.29345688728134,-0.6065782113662126,46.6412805725358,,18.884862265939244,1.061804622891252,19.050495319954823,1.0711173697877194,-4752.16864209987,-0.1480341285806197,,,-3859.1340706248393,-0.19738994813462948,-92.49229920000005,-0.1011385549719226,6.0,0.4,-4.0,-0.047619047619047616
R0_reference,82,node_removal,central,severe,,,,,17.78562822086469,17.78562822086469,0.0,1.1976837951233477,1.1826665631101887,68.07606358671367,0.0,17.78562822086469,17.78562822086469,32101.844943896358,,19550.813539870447,914.5107840000001,15,84,0,17.78562822086469,17.78562822086469,17.78562822086469,14.947457028264294,15.095649446694678,0.148192418430383,0.8908612376469444,0.8758440056337856,42.684780323959664,29.44562853898197,28.21346147908682,28.31801770846326,30235.424001942716,,18359.513628428394,863.7673944000001,20,81,0,19.37977291739223,28.21346147908682,37.04715004078141,t0_immediate,20,-2.838171192600397,-0.15957666253648994,-2.6899787741700134,-0.1512445183698568,-0.3068225574764033,-0.25617993557707286,-0.3068225574764031,-0.25943285034584723,-25.39128326275401,-0.3729840111922922,29.44562853898197,,10.42783325822213,0.5863067151032102,10.532389487598568,0.5921854070492041,-1866.420941953642,-0.05814061295279265,,,-1191.2999114420527,-0.0609335212068084,-50.7433896,-0.055486923159125914,5.0,0.3333333333333333,-3.0,-0.03571428571428571
R0_reference,83,demand_surge,peripheral_area,moderate,,,,,17.78562822086469,17.78562822086469,0.0,1.1976837951233477,1.1826665631101887,68.07606358671367,0.0,17.78562822086469,17.78562822086469,32101.844943896358,,19550.813539870447,914.5107840000001,15,84,0,17.78562822086469,17.78562822086469,17.78562822086469,17.96629157314435,17.96629157314435,0.0,1.209176354673857,1.193169728642143,66.20450344190813,0.0,17.96629157314435,17.96629157314435,32101.844943896358,,19550.813539870447,914.5107840000001,15,84,0,17.96629157314435,17.96629157314435,17.96629157314435,t0_immediate,15,0.1806633522796588,0.010157827996636006,0.1806633522796588,0.010157827996636006,0.011492559550509318,0.009595654209653656,0.010503165531954295,0.008880918645685697,-1.8715601448055423,-0.02749219103160384,0.0,,0.1806633522796588,0.010157827996636006,0.1806633522796588,0.010157827996636006,0.0,0.0,,,0.0,0.0,0.0,0.0,0.0,0.0,0.0,0.0
R0_reference,84,combined_disruption,any_road + peripheral,mild,link_failure,any_road,node_removal,peripheral,17.78562822086469,17.78562822086469,0.0,1.1976837951233477,1.1826665631101887,68.07606358671367,0.0,17.78562822086469,17.78562822086469,32101.844943896358,,19550.813539870447,914.5107840000001,15,84,0,17.78562822086469,17.78562822086469,17.78562822086469,18.49010403286308,18.510255675836174,0.020151642973092306,1.030091547807499,1.03005071532529,74.23910945887883,4.4239166850199325,20.326467246487667,20.345727397564968,29016.27401062633,,17673.24039328291,826.5378719999999,21,82,0,18.999292240981685,20.326467246487667,21.653642251993645,t0_immediate,21,0.7044758119983889,0.03960927346788649,0.7246274549714826,0.04074230305350739,-0.16759224731584865,-0.13993029545714825,-0.15261584778489867,-0.12904385102724808,6.163045872165156,0.09053176032005457,4.4239166850199325,,2.540839025622976,0.1428591104047854,2.5600991767002768,0.1439420157055218,-3085.570933270028,-0.09611818070464823,,,-1877.573146587536,-0.09603555078455205,-87.97291200000018,-0.09619669176038953,6.0,0.4,-2.0,-0.023809523809523808
R0_reference,85,link_failure,any_road,mild,,,,,17.78562822086469,17.78562822086469,0.0,1.1976837951233477,1.1826665631101887,68.07606358671367,0.0,17.78562822086469,17.78562822086469,32101.844943896358,,19550.813539870447,914.5107840000001,15,84,0,17.78562822086469,17.78562822086469,17.78562822086469,17.78562822086469,17.78562822086469,0.0,1.1976837951233477,1.1826665631101887,68.07606358671367,0.0,17.78562822086469,17.78562822086469,32101.844943896358,,19550.813539870447,914.5107840000001,15,84,0,17.78562822086469,17.78562822086469,17.78562822086469,t0_immediate,15,0.0,0.0,0.0,0.0,0.0,0.0,0.0,0.0,0.0,0.0,0.0,,0.0,0.0,0.0,0.0,0.0,0.0,,,0.0,0.0,0.0,0.0,0.0,0.0,0.0,0.0
R0_reference,86,combined_disruption,central_area + peripheral,mild,demand_surge,central_area,node_removal,peripheral,17.78562822086469,17.78562822086469,0.0,1.1976837951233477,1.1826665631101887,68.07606358671367,0.0,17.78562822086469,17.78562822086469,32101.844943896358,,19550.813539870447,914.5107840000001,15,84,0,17.78562822086469,17.78562822086469,17.78562822086469,17.614712695629734,17.660314280839053,0.04560158520931968,1.1878829138391689,1.1663225995300908,65.6780535529861,2.347692043205967,18.609788713164424,18.654319713586208,31334.826465225164,,19413.505073531454,878.0012448,16,82,0,17.905481100202636,18.609788713164424,19.314096326126215,t0_immediate,16,-0.1709155252349568,-0.009609754747625513,-0.125313940025638,-0.007045797790748241,-0.009800881284178775,-0.008183196035619232,-0.01634396358009793,-0.013819587100793996,-2.398010033727573,-0.035225450876328133,2.347692043205967,,0.8241604922997325,0.04633856516425395,0.868691492721517,0.04884232830766343,-767.0184786711943,-0.02389328339264284,,,-137.30846633899273,-0.007023158706873054,-36.50953920000006,-0.03992248078290574,1.0,0.06666666666666667,-2.0,-0.023809523809523808
R0_reference,87,demand_surge,peripheral_area,severe,,,,,17.78562822086469,17.78562822086469,0.0,1.1976837951233477,1.1826665631101887,68.07606358671367,0.0,17.78562822086469,17.78562822086469,32101.844943896358,,19550.813539870447,914.5107840000001,15,84,0,17.78562822086469,17.78562822086469,17.78562822086469,18.06585444962578,18.06585444962578,0.0,1.215509859906349,1.198957982647875,65.17309386617784,0.0,18.06585444962578,18.06585444962578,32101.844943896358,,19550.813539870447,914.5107840000001,15,84,0,18.06585444962578,18.06585444962578,18.06585444962578,t0_immediate,15,0.28022622876108727,0.015755767818892562,0.28022622876108727,0.015755767818892562,0.017826064783001305,0.014883782226648082,0.016291419537686203,0.013775158650670617,-2.902969720535836,-0.04264303145022629,0.0,,0.28022622876108727,0.015755767818892562,0.28022622876108727,0.015755767818892562,0.0,0.0,,,0.0,0.0,0.0,0.0,0.0,0.0,0.0,0.0
R0_reference,88,combined_disruption,any_road + peripheral,mild,link_failure,any_road,node_removal,peripheral,17.78562822086469,17.78562822086469,0.0,1.1976837951233477,1.1826665631101887,68.07606358671367,0.0,17.78562822086469,17.78562822086469,32101.844943896358,,19550.813539870447,914.5107840000001,15,84,0,17.78562822086469,17.78562822086469,17.78562822086469,18.62813511137386,18.87334163961353,0.24520652823966804,1.1349896079222772,1.1176049274231608,65.06520730103688,5.8478312178653455,21.047491941744013,21.278359206077038,31597.49976046275,,19306.689798578438,897.3415511999999,16,82,0,19.29314257638441,21.047491941744013,22.80184130710362,t0_immediate,16,0.8425068905091706,0.0473700945531296,1.0877134187488373,0.06115687369832785,-0.06269418720107045,-0.052346193090651,-0.06506163568702794,-0.055012661824080135,-3.0108562856767946,-0.04422782586189986,5.8478312178653455,,3.2618637208793224,0.18339884767481882,3.492730985212347,0.19637939924522607,-504.3451834336083,-0.01571078498183019,,,-244.12374129200907,-0.012486628282457998,-17.169232800000145,-0.018774226723607606,1.0,0.06666666666666667,-2.0,-0.023809523809523808
R0_reference,89,link_failure,any_road,mild,,,,,17.78562822086469,17.78562822086469,0.0,1.1976837951233477,1.1826665631101887,68.07606358671367,0.0,17.78562822086469,17.78562822086469,32101.844943896358,,19550.813539870447,914.5107840000001,15,84,0,17.78562822086469,17.78562822086469,17.78562822086469,17.78562822086469,17.78562822086469,0.0,1.1976837951233477,1.1826665631101887,68.07606358671367,0.0,17.78562822086469,17.78562822086469,32101.844943896358,,19550.813539870447,914.5107840000001,15,84,0,17.78562822086469,17.78562822086469,17.78562822086469,t0_immediate,15,0.0,0.0,0.0,0.0,0.0,0.0,0.0,0.0,0.0,0.0,0.0,,0.0,0.0,0.0,0.0,0.0,0.0,,,0.0,0.0,0.0,0.0,0.0,0.0,0.0,0.0
R0_reference,90,combined_disruption,central_area + any_road,severe,area_closure,central_area,link_failure,any_road,17.78562822086469,17.78562822086469,0.0,1.1976837951233477,1.1826665631101887,68.07606358671367,0.0,17.78562822086469,17.78562822086469,32101.844943896358,,19550.813539870447,914.5107840000001,15,84,0,17.78562822086469,17.78562822086469,17.78562822086469,15.120721839950273,15.625034331035494,0.5043124910852201,0.6490300407906776,0.6349675982557905,25.858678177452543,50.81522936082565,37.92622997246247,38.17427491450744,26762.612953551692,,16249.115347939616,764.6289264,21,73,0,22.68166116421478,37.92622997246247,53.170798780710165,t0_immediate,21,-2.6649063809144184,-0.1498348187548507,-2.1605938898291974,-0.12147976236760419,-0.54865375433267,-0.45809566478785413,-0.5476989648543982,-0.4631051404835982,-42.21738540926113,-0.6201502141128595,50.81522936082565,,20.14060175159778,1.1324087910468308,20.38864669364275,1.1463551604955065,-5339.231990344666,-0.16632165533401325,,,-3301.698191930831,-0.16887779044066878,-149.8818576000001,-0.16389293622588938,6.0,0.4,-11.0,-0.13095238095238096
R0_reference,91,node_removal,peripheral,moderate,,,,,17.78562822086469,17.78562822086469,0.0,1.1976837951233477,1.1826665631101887,68.07606358671367,0.0,17.78562822086469,17.78562822086469,32101.844943896358,,19550.813539870447,914.5107840000001,15,84,0,17.78562822086469,17.78562822086469,17.78562822086469,17.829713261531083,17.88451036777298,0.05479710624189517,1.0660281585017937,1.043468337208546,52.71735707229659,14.96741249079049,24.141514026226844,24.1881094235445,30817.18044879433,,18994.992184992912,867.8437056,17,81,0,19.6512902789897,24.141514026226844,28.631737773463993,t0_immediate,17,0.04408504066639196,0.0024786889796040426,0.0988821469082879,0.005559665685144997,-0.131655636621554,-0.10992520493106862,-0.13919822590164266,-0.1176986229623147,-15.35870651441708,-0.2256109666924781,14.96741249079049,,6.355885805362153,0.3573607705296533,6.402481202679809,0.35998060474293087,-1284.664495102028,-0.040018400728905335,,,-555.8213548775348,-0.0284295767919854,-46.66707840000004,-0.05102955505443229,2.0,0.13333333333333333,-3.0,-0.03571428571428571
R0_reference,92,link_failure,any_road,moderate,,,,,17.78562822086469,17.78562822086469,0.0,1.1976837951233477,1.1826665631101887,68.07606358671367,0.0,17.78562822086469,17.78562822086469,32101.844943896358,,19550.813539870447,914.5107840000001,15,84,0,17.78562822086469,17.78562822086469,17.78562822086469,17.382794529849452,17.382794529849452,0.0,1.106608249434177,1.091591017421018,61.097824223298176,8.891278599709173,21.172008999611034,21.172008999611034,31881.95576787797,,19380.628963847463,909.8584776,16,84,0,18.504625419698282,21.172008999611034,23.839392579523786,t0_immediate,16,-0.402833691015239,-0.022649393432314438,-0.402833691015239,-0.022649393432314438,-0.09107554568917076,-0.07604306417103274,-0.09107554568917076,-0.07700864176768417,-6.978239363415497,-0.10250650516134473,8.891278599709173,,3.386380778746343,0.190399840629397,3.386380778746343,0.190399840629397,-219.88917601838693,-0.006849736406199771,,,-170.1845760229844,-0.008704731170184958,-4.652306400000043,-0.005087207807054185,1.0,0.06666666666666667,0.0,0.0
R0_reference,93,area_closure,peripheral_area,moderate,,,,,17.78562822086469,17.78562822086469,0.0,1.1976837951233477,1.1826665631101887,68.07606358671367,0.0,17.78562822086469,17.78562822086469,32101.844943896358,,19550.813539870447,914.5107840000001,15,84,0,17.78562822086469,17.78562822086469,17.78562822086469,17.19957242632543,17.370363037712078,0.1707906113866474,0.9813434445546512,0.9782800346438736,55.61956441422474,16.847803239596573,24.410504249644163,24.55252039487268,28832.2014690985,,17101.703882373127,841.7132424,19,78,0,19.35616327776519,24.410504249644163,29.464845221523134,t0_immediate,19,-0.5860557945392593,-0.032951087656928814,-0.41526518315261285,-0.023348356211868673,-0.2163403505686965,-0.18063227660721246,-0.2043865284663151,-0.17281838756717474,-12.456499172488932,-0.1829791341654492,16.847803239596573,,6.624876028779472,0.3724847920191929,6.766892174007989,0.38046967416476224,-3269.6434747978565,-0.10185219823072897,,,-2449.10965749732,-0.12526893842564613,-72.79754160000005,-0.0796027153245686,4.0,0.26666666666666666,-6.0,-0.07142857142857142
R0_reference,94,combined_disruption,peripheral + central_area,severe,node_removal,peripheral,demand_surge,central_area,17.78562822086469,17.78562822086469,0.0,1.1976837951233477,1.1826665631101887,68.07606358671367,0.0,17.78562822086469,17.78562822086469,32101.844943896358,,19550.813539870447,914.5107840000001,15,84,0,17.78562822086469,17.78562822086469,17.78562822086469,16.60561638653476,16.7032397910996,0.09762340456484275,0.8655406580411255,0.8640480871521123,70.02291918470364,19.0179074228257,24.858320088849425,24.937377564711113,29547.502558342287,,18629.374929927857,813.5557008000001,20,80,0,19.152947862001714,24.858320088849425,30.563692315697132,t0_immediate,20,-1.1800118343299317,-0.06634636795936369,-1.0823884297650892,-0.060857475278568836,-0.3321431370822222,-0.27732122487973987,-0.31861847595807635,-0.2694068521901644,1.9468555979899662,0.028598239901314326,19.0179074228257,,7.072691867984734,0.39766331445563513,7.151749343846422,0.40210833460785805,-2554.3423855540714,-0.07956995587070574,,,-921.4386099425901,-0.047130448462590985,-100.95508319999999,-0.11039244694133643,5.0,0.3333333333333333,-4.0,-0.047619047619047616
R0_reference,95,demand_surge,central_area,mild,,,,,17.78562822086469,17.78562822086469,0.0,1.1976837951233477,1.1826665631101887,68.07606358671367,0.0,17.78562822086469,17.78562822086469,32101.844943896358,,19550.813539870447,914.5107840000001,15,84,0,17.78562822086469,17.78562822086469,17.78562822086469,17.66413813118502,17.66413813118502,0.0,1.189955431441271,1.1756035339662247,69.33462547524401,0.0,17.66413813118502,17.66413813118502,32101.844943896358,,19550.813539870447,914.5107840000001,15,84,0,17.66413813118502,17.66413813118502,17.66413813118502,t0_immediate,15,-0.12149008967967134,-0.006830801148600913,-0.12149008967967134,-0.006830801148600913,-0.007728363682076633,-0.006452757993006577,-0.00706302914396395,-0.005972122121546688,1.2585618885303376,0.01848758318593453,0.0,,-0.12149008967967134,-0.006830801148600913,-0.12149008967967134,-0.006830801148600913,0.0,0.0,,,0.0,0.0,0.0,0.0,0.0,0.0,0.0,0.0
R0_reference,96,link_failure,any_road,mild,,,,,17.78562822086469,17.78562822086469,0.0,1.1976837951233477,1.1826665631101887,68.07606358671367,0.0,17.78562822086469,17.78562822086469,32101.844943896358,,19550.813539870447,914.5107840000001,15,84,0,17.78562822086469,17.78562822086469,17.78562822086469,17.78562822086469,17.78562822086469,0.0,1.1976837951233477,1.1826665631101887,68.07606358671367,0.0,17.78562822086469,17.78562822086469,32101.844943896358,,19550.813539870447,914.5107840000001,15,84,0,17.78562822086469,17.78562822086469,17.78562822086469,t0_immediate,15,0.0,0.0,0.0,0.0,0.0,0.0,0.0,0.0,0.0,0.0,0.0,,0.0,0.0,0.0,0.0,0.0,0.0,,,0.0,0.0,0.0,0.0,0.0,0.0,0.0,0.0
R0_reference,97,demand_surge,peripheral_area,mild,,,,,17.78562822086469,17.78562822086469,0.0,1.1976837951233477,1.1826665631101887,68.07606358671367,0.0,17.78562822086469,17.78562822086469,32101.844943896358,,19550.813539870447,914.5107840000001,15,84,0,17.78562822086469,17.78562822086469,17.78562822086469,17.891242908640876,17.891242908640876,0.0,1.204402274955368,1.188806649266686,66.9819610039053,0.0,17.891242908640876,17.891242908640876,32101.844943896358,,19550.813539870447,914.5107840000001,15,84,0,17.891242908640876,17.891242908640876,17.891242908640876,t0_immediate,15,0.10561468777618543,0.005938203951226567,0.10561468777618543,0.005938203951226567,0.006718479832020341,0.005609560603037478,0.006140086156497304,0.005191730575649355,-1.0941025828083752,-0.016071766273834758,0.0,,0.10561468777618543,0.005938203951226567,0.10561468777618543,0.005938203951226567,0.0,0.0,,,0.0,0.0,0.0,0.0,0.0,0.0,0.0,0.0
R0_reference,98,demand_surge,peripheral_area,moderate,,,,,17.78562822086469,17.78562822086469,0.0,1.1976837951233477,1.1826665631101887,68.07606358671367,0.0,17.78562822086469,17.78562822086469,32101.844943896358,,19550.813539870447,914.5107840000001,15,84,0,17.78562822086469,17.78562822086469,17.78562822086469,17.96629157314435,17.96629157314435,0.0,1.209176354673857,1.193169728642143,66.20450344190813,0.0,17.96629157314435,17.96629157314435,32101.844943896358,,19550.813539870447,914.5107840000001,15,84,0,17.96629157314435,17.96629157314435,17.96629157314435,t0_immediate,15,0.1806633522796588,0.010157827996636006,0.1806633522796588,0.010157827996636006,0.011492559550509318,0.009595654209653656,0.010503165531954295,0.008880918645685697,-1.8715601448055423,-0.02749219103160384,0.0,,0.1806633522796588,0.010157827996636006,0.1806633522796588,0.010157827996636006,0.0,0.0,,,0.0,0.0,0.0,0.0,0.0,0.0,0.0,0.0
R0_reference,99,area_closure,peripheral_area,severe,,,,,17.78562822086469,17.78562822086469,0.0,1.1976837951233477,1.1826665631101887,68.07606358671367,0.0,17.78562822086469,17.78562822086469,32101.844943896358,,19550.813539870447,914.5107840000001,15,84,0,17.78562822086469,17.78562822086469,17.78562822086469,11.658999907047036,12.388701689385247,0.7297017823382113,0.5393740382103842,0.5385602941935218,42.63790208280376,49.78781808702215,35.726929094773666,36.09332828114357,25121.218874293147,,15632.194166866431,700.8590856000001,25,75,0,20.79058366866702,35.726929094773666,50.663274520880314,t0_immediate,25,-6.126628313817655,-0.3444707287106327,-5.396926531479444,-0.3034431207298147,-0.6583097569129635,-0.5496523870435812,-0.6441062689166669,-0.5446220338070518,-25.43816150390991,-0.37367262681849084,49.78781808702215,,17.941300873908975,1.0087527216419414,18.30770006027888,1.029353578795813,-6980.626069603211,-0.2174524885346337,,,-3918.619373004016,-0.20043254798643956,-213.6516984,-0.23362403389657566,10.0,0.6666666666666666,-9.0,-0.10714285714285714
R0_reference,100,node_removal,peripheral,severe,,,,,17.78562822086469,17.78562822086469,0.0,1.1976837951233477,1.1826665631101887,68.07606358671367,0.0,17.78562822086469,17.78562822086469,32101.844943896358,,19550.813539870447,914.5107840000001,15,84,0,17.78562822086469,17.78562822086469,17.78562822086469,17.528040194483445,17.528040194483445,0.0,1.127119107299471,1.1165901441608967,66.74997973368995,4.576075423673489,19.47158910909617,19.47158910909617,31501.920959605457,,19291.394771506817,892.7113968000002,16,81,0,18.098766481994122,19.47158910909617,20.844411736198218,t0_immediate,16,-0.2575880263812458,-0.014482931003756387,-0.2575880263812458,-0.014482931003756387,-0.07056468782387659,-0.058917627600204144,-0.06607641894929195,-0.05587070862604207,-1.326083853023718,-0.01947944377445655,4.576075423673489,,1.6859608882314774,0.09479344037190891,1.6859608882314774,0.09479344037190891,-599.923984290901,-0.018688146595293016,,,-259.4187683636301,-0.01326895005338735,-21.799387199999842,-0.023837211743584906,1.0,0.06666666666666667,-3.0,-0.03571428571428571
R0_reference,101,demand_surge,peripheral_area,mild,,,,,17.78562822086469,17.78562822086469,0.0,1.1976837951233477,1.1826665631101887,68.07606358671367,0.0,17.78562822086469,17.78562822086469,32101.844943896358,,19550.813539870447,914.5107840000001,15,84,0,17.78562822086469,17.78562822086469,17.78562822086469,17.891242908640876,17.891242908640876,0.0,1.204402274955368,1.188806649266686,66.9819610039053,0.0,17.891242908640876,17.891242908640876,32101.844943896358,,19550.813539870447,914.5107840000001,15,84,0,17.891242908640876,17.891242908640876,17.891242908640876,t0_immediate,15,0.10561468777618543,0.005938203951226567,0.10561468777618543,0.005938203951226567,0.006718479832020341,0.005609560603037478,0.006140086156497304,0.005191730575649355,-1.0941025828083752,-0.016071766273834758,0.0,,0.10561468777618543,0.005938203951226567,0.10561468777618543,0.005938203951226567,0.0,0.0,,,0.0,0.0,0.0,0.0,0.0,0.0,0.0,0.0
R0_reference,102,demand_surge,peripheral_area,severe,,,,,17.78562822086469,17.78562822086469,0.0,1.1976837951233477,1.1826665631101887,68.07606358671367,0.0,17.78562822086469,17.78562822086469,32101.844943896358,,19550.813539870447,914.5107840000001,15,84,0,17.78562822086469,17.78562822086469,17.78562822086469,18.06585444962578,18.06585444962578,0.0,1.215509859906349,1.198957982647875,65.17309386617784,0.0,18.06585444962578,18.06585444962578,32101.844943896358,,19550.813539870447,914.5107840000001,15,84,0,18.06585444962578,18.06585444962578,18.06585444962578,t0_immediate,15,0.28022622876108727,0.015755767818892562,0.28022622876108727,0.015755767818892562,0.017826064783001305,0.014883782226648082,0.016291419537686203,0.013775158650670617,-2.902969720535836,-0.04264303145022629,0.0,,0.28022622876108727,0.015755767818892562,0.28022622876108727,0.015755767818892562,0.0,0.0,,,0.0,0.0,0.0,0.0,0.0,0.0,0.0,0.0
R0_reference,103,area_closure,central_area,mild,,,,,17.78562822086469,17.78562822086469,0.0,1.1976837951233477,1.1826665631101887,68.07606358671367,0.0,17.78562822086469,17.78562822086469,32101.844943896358,,19550.813539870447,914.5107840000001,15,84,0,17.78562822086469,17.78562822086469,17.78562822086469,14.944294983606888,14.973742001309697,0.02944701770280941,0.8941220690032664,0.8791048369901077,43.010863459591846,29.119545403349782,28.06431146265483,28.085183642667733,29910.18511344544,,18475.352755806794,840.5501616000001,20,81,0,19.32844784164989,28.06431146265483,36.80017508365976,t0_immediate,20,-2.8413332372578033,-0.15975444904018493,-2.811886219554994,-0.15809878541463673,-0.30356172612008125,-0.25345732100250873,-0.30356172612008103,-0.25667566462838964,-25.065200127121827,-0.3681940289510772,29.119545403349782,,10.278683241790137,0.5779207298245445,10.299555421803042,0.5790942717289244,-2191.659830450917,-0.06827208324883599,,,-1075.4607840636527,-0.0550084927090343,-73.96062239999992,-0.08087452186895143,5.0,0.3333333333333333,-3.0,-0.03571428571428571
R0_reference,104,area_closure,central_area,severe,,,,,17.78562822086469,17.78562822086469,0.0,1.1976837951233477,1.1826665631101887,68.07606358671367,0.0,17.78562822086469,17.78562822086469,32101.844943896358,,19550.813539870447,914.5107840000001,15,84,0,17.78562822086469,17.78562822086469,17.78562822086469,15.708968934360291,16.749764552173204,1.0407956178129119,0.7193515394923177,0.7162041750306556,28.79152684391335,43.072518600906335,34.78623152864116,35.378730260374184,24925.73088077033,,14154.889434962914,755.6566296,21,75,0,21.86447594836926,34.78623152864116,47.70798710891306,t0_immediate,21,-2.0766592865044,-0.11676052488650515,-1.035863668691487,-0.05824161260023943,-0.47833225563103,-0.3993810867097582,-0.4664623880795331,-0.3944158079964868,-39.28453674280033,-0.5770682773506817,43.072518600906335,,17.00060330777647,0.955861839495369,17.593102039509493,0.9891751824020845,-7176.114063126028,-0.2235421071800563,,,-5395.924104907534,-0.275994863022119,-158.85415440000008,-0.1737039706685406,6.0,0.4,-9.0,-0.10714285714285714
R0_reference,105,demand_surge,peripheral_area,mild,,,,,17.78562822086469,17.78562822086469,0.0,1.1976837951233477,1.1826665631101887,68.07606358671367,0.0,17.78562822086469,17.78562822086469,32101.844943896358,,19550.813539870447,914.5107840000001,15,84,0,17.78562822086469,17.78562822086469,17.78562822086469,17.891242908640876,17.891242908640876,0.0,1.204402274955368,1.188806649266686,66.9819610039053,0.0,17.891242908640876,17.891242908640876,32101.844943896358,,19550.813539870447,914.5107840000001,15,84,0,17.891242908640876,17.891242908640876,17.891242908640876,t0_immediate,15,0.10561468777618543,0.005938203951226567,0.10561468777618543,0.005938203951226567,0.006718479832020341,0.005609560603037478,0.006140086156497304,0.005191730575649355,-1.0941025828083752,-0.016071766273834758,0.0,,0.10561468777618543,0.005938203951226567,0.10561468777618543,0.005938203951226567,0.0,0.0,,,0.0,0.0,0.0,0.0,0.0,0.0,0.0,0.0
R0_reference,106,link_failure,any_road,moderate,,,,,17.78562822086469,17.78562822086469,0.0,1.1976837951233477,1.1826665631101887,68.07606358671367,0.0,17.78562822086469,17.78562822086469,32101.844943896358,,19550.813539870447,914.5107840000001,15,84,0,17.78562822086469,17.78562822086469,17.78562822086469,17.93985375359209,17.93985375359209,0.0,1.1677941134348042,1.152776881421645,67.23909726322319,2.195662794426442,18.86335273600582,18.86335273600582,31602.389178661935,,19252.238411327417,900.0332472000002,16,83,0,18.204653897677886,18.86335273600582,19.52205157433375,t0_immediate,16,0.15422553272739847,0.00867135705369537,0.15422553272739847,0.00867135705369537,-0.029889681688543446,-0.024956237873674455,-0.029889681688543668,-0.025273126526837348,-0.8369663234904863,-0.012294575793507486,2.195662794426442,,1.0777245151411279,0.060595245878176336,1.0777245151411279,0.060595245878176336,-499.45576523442287,-0.015558475411843463,,,-298.5751285430306,-0.015271749583931078,-14.477536799999825,-0.01583090878018539,1.0,0.06666666666666667,-1.0,-0.011904761904761904
R0_reference,107,node_removal,central,mild,,,,,17.78562822086469,17.78562822086469,0.0,1.1976837951233477,1.1826665631101887,68.07606358671367,0.0,17.78562822086469,17.78562822086469,32101.844943896358,,19550.813539870447,914.5107840000001,15,84,0,17.78562822086469,17.78562822086469,17.78562822086469,17.030056141979287,17.387375900409687,0.35731975843039887,1.08298262354747,1.067965391534311,58.0760564127986,10.978270928641788,21.747412996598072,22.065505223866417,31801.867294465912,,19349.30616408239,906.8012424000001,16,83,0,18.453931718005535,21.747412996598072,25.04089427519061,t0_immediate,16,-0.7555720788854039,-0.04248216984537136,-0.39825232045500414,-0.022391805086075398,-0.11470117157587767,-0.09576916047700618,-0.11470117157587767,-0.09698521557440108,-10.000007173915073,-0.14689461533241124,10.978270928641788,,3.9617847757333813,0.22275202914034428,4.279877003001726,0.2406368192258125,-299.97764943044604,-0.00934456103550154,,,-201.50737578805638,-0.010306853746884625,-7.709541599999966,-0.008430235853839823,1.0,0.06666666666666667,-1.0,-0.011904761904761904
R0_reference,108,link_failure,any_road,moderate,,,,,17.78562822086469,17.78562822086469,0.0,1.1976837951233477,1.1826665631101887,68.07606358671367,0.0,17.78562822086469,17.78562822086469,32101.844943896358,,19550.813539870447,914.5107840000001,15,84,0,17.78562822086469,17.78562822086469,17.78562822086469,17.37745973592804,17.37745973592804,0.0,1.1268255616695044,1.1118083296563452,63.11955544683093,6.869547376176433,20.305435332298337,20.305435332298337,31976.259535772304,,19446.419463715378,912.1735536000001,16,84,0,18.244571119445407,20.305435332298337,22.366299545151264,t0_immediate,16,-0.4081684849366525,-0.022949343136376903,-0.4081684849366525,-0.022949343136376903,-0.07085823345384323,-0.059162722032609326,-0.07085823345384346,-0.0599139568700579,-4.956508139882743,-0.07280838342788815,6.869547376176433,,2.5198071114336464,0.14167658741891434,2.5198071114336464,0.14167658741891434,-125.58540812405408,-0.0039120931629797835,,,-104.39407615506934,-0.005339628243202053,-2.337230399999953,-0.0025557166092422512,1.0,0.06666666666666667,0.0,0.0
R0_reference,109,demand_surge,central_area,mild,,,,,17.78562822086469,17.78562822086469,0.0,1.1976837951233477,1.1826665631101887,68.07606358671367,0.0,17.78562822086469,17.78562822086469,32101.844943896358,,19550.813539870447,914.5107840000001,15,84,0,17.78562822086469,17.78562822086469,17.78562822086469,17.66413813118502,17.66413813118502,0.0,1.189955431441271,1.1756035339662247,69.33462547524401,0.0,17.66413813118502,17.66413813118502,32101.844943896358,,19550.813539870447,914.5107840000001,15,84,0,17.66413813118502,17.66413813118502,17.66413813118502,t0_immediate,15,-0.12149008967967134,-0.006830801148600913,-0.12149008967967134,-0.006830801148600913,-0.007728363682076633,-0.006452757993006577,-0.00706302914396395,-0.005972122121546688,1.2585618885303376,0.01848758318593453,0.0,,-0.12149008967967134,-0.006830801148600913,-0.12149008967967134,-0.006830801148600913,0.0,0.0,,,0.0,0.0,0.0,0.0,0.0,0.0,0.0,0.0
R0_reference,110,link_failure,any_road,severe,,,,,17.78562822086469,17.78562822086469,0.0,1.1976837951233477,1.1826665631101887,68.07606358671367,0.0,17.78562822086469,17.78562822086469,32101.844943896358,,19550.813539870447,914.5107840000001,15,84,0,17.78562822086469,17.78562822086469,17.78562822086469,18.08963875422831,18.08963875422831,0.0,0.8152307947081585,0.8152307947081585,49.989117170837496,25.36955347400424,28.722110261622706,28.722110261622706,28626.514739668855,,16221.268988586064,869.4166416000003,23,83,0,21.111244219421437,28.722110261622706,36.332976303823976,t0_immediate,23,0.30401053336361983,0.017093044428252397,0.30401053336361983,0.017093044428252397,-0.38245300041518915,-0.31932718967430035,-0.3674357684020302,-0.3106841605767088,-18.086946415876177,-0.26568731302798454,25.36955347400424,,10.936482040758015,0.6149055802216871,10.936482040758015,0.6149055802216871,-3475.3302042275027,-0.10825951624591222,,,-3329.5445512843835,-0.17030209737791027,-45.09414239999978,-0.04930957971076236,8.0,0.5333333333333333,-1.0,-0.011904761904761904
R0_reference,111,node_removal,peripheral,severe,,,,,17.78562822086469,17.78562822086469,0.0,1.1976837951233477,1.1826665631101887,68.07606358671367,0.0,17.78562822086469,17.78562822086469,32101.844943896358,,19550.813539870447,914.5107840000001,15,84,0,17.78562822086469,17.78562822086469,17.78562822086469,17.152955999034553,17.23173606708732,0.07878006805276468,0.966799009214831,0.9663826163908972,61.75285698877671,12.48772065544736,22.503575162991734,22.572517396213897,30007.740108490947,,18116.779443613686,861.9064751999999,20,80,0,18.757258966357526,22.503575162991734,26.24989135962594,t0_immediate,20,-0.6326722218301377,-0.03557210428406103,-0.5538921537773724,-0.031142681433517765,-0.2308847859085167,-0.1927760790023365,-0.21628394671929152,-0.18287821222450543,-6.323206597936959,-0.09288443345262772,12.48772065544736,,4.717946942127043,0.2652673767571685,4.786889175349206,0.2691436656554873,-2094.104835405411,-0.06523316149165971,,,-1434.0340962567607,-0.07334907538923126,-52.604308800000126,-0.05752180260785216,5.0,0.3333333333333333,-4.0,-0.047619047619047616
R0_reference,112,link_failure,any_road,mild,,,,,17.78562822086469,17.78562822086469,0.0,1.1976837951233477,1.1826665631101887,68.07606358671367,0.0,17.78562822086469,17.78562822086469,32101.844943896358,,19550.813539870447,914.5107840000001,15,84,0,17.78562822086469,17.78562822086469,17.78562822086469,17.78562822086469,17.78562822086469,0.0,1.1976837951233477,1.1826665631101887,68.07606358671367,0.0,17.78562822086469,17.78562822086469,32101.844943896358,,19550.813539870447,914.5107840000001,15,84,0,17.78562822086469,17.78562822086469,17.78562822086469,t0_immediate,15,0.0,0.0,0.0,0.0,0.0,0.0,0.0,0.0,0.0,0.0,0.0,,0.0,0.0,0.0,0.0,0.0,0.0,,,0.0,0.0,0.0,0.0,0.0,0.0,0.0,0.0
R0_reference,113,link_failure,any_road,mild,,,,,17.78562822086469,17.78562822086469,0.0,1.1976837951233477,1.1826665631101887,68.07606358671367,0.0,17.78562822086469,17.78562822086469,32101.844943896358,,19550.813539870447,914.5107840000001,15,84,0,17.78562822086469,17.78562822086469,17.78562822086469,18.21184935935704,18.21184935935704,0.0,1.1160049161404932,1.1133773478944688,77.07607004323725,0.0,18.21184935935704,18.21184935935704,31905.336691759818,,19405.86748869977,910.0357056000003,17,84,0,18.21184935935704,18.21184935935704,18.21184935935704,t0_immediate,17,0.4262211384923482,0.023964356681668367,0.4262211384923482,0.023964356681668367,-0.08167887898285442,-0.06819736504361941,-0.06928921521571985,-0.05858727842402372,9.000006456523579,0.1322051537991703,0.0,,0.4262211384923482,0.023964356681668367,0.4262211384923482,0.023964356681668367,-196.50825213654025,-0.006121400576196574,,,-144.9460511706784,-0.007413811751367094,-4.475078399999802,-0.004893412388672064,2.0,0.13333333333333333,0.0,0.0
R0_reference,114,combined_disruption,any_road + peripheral_area,moderate,link_failure,any_road,demand_surge,peripheral_area,17.78562822086469,17.78562822086469,0.0,1.1976837951233477,1.1826665631101887,68.07606358671367,0.0,17.78562822086469,17.78562822086469,32101.844943896358,,19550.813539870447,914.5107840000001,15,84,0,17.78562822086469,17.78562822086469,17.78562822086469,17.676594277316447,17.676594277316447,0.0,1.119656846358321,1.103650220326607,59.82080539949137,8.59655917514001,21.31495089520153,21.31495089520153,31850.208122640848,,19389.29519730106,907.7095535999999,17,84,0,18.735983142659528,21.31495089520153,23.893918647743533,t0_immediate,17,-0.10903394354824414,-0.006130452193998643,-0.10903394354824414,-0.006130452193998643,-0.0780269487650267,-0.06514820446158814,-0.07901634278358172,-0.06681202060518539,-8.255258187222303,-0.12126521059354367,8.59655917514001,,3.5293226743368393,0.19843677324799341,3.5293226743368393,0.19843677324799341,-251.63682125550986,-0.00783870278157812,,,-161.51834256938673,-0.008261464017341194,-6.801230400000122,-0.007437014980022501,2.0,0.13333333333333333,0.0,0.0
R0_reference,115,combined_disruption,central + peripheral_area,moderate,node_removal,central,demand_surge,peripheral_area,17.78562822086469,17.78562822086469,0.0,1.1976837951233477,1.1826665631101887,68.07606358671367,0.0,17.78562822086469,17.78562822086469,32101.844943896358,,19550.813539870447,914.5107840000001,15,84,0,17.78562822086469,17.78562822086469,17.78562822086469,15.033837985496882,15.229538152991527,0.1957001674946449,0.9566610741984758,0.9406544481667618,44.87524827426679,24.57710377593538,26.08521828785655,26.232821022096353,30721.75882467699,,18653.89978684623,877.7021664000001,18,81,0,18.712087155075935,26.08521828785655,33.45834942063716,t0_immediate,18,-2.7517902353678085,-0.1547198783869566,-2.556090067873164,-0.14371660287346846,-0.24102272092487187,-0.20124069633926148,-0.2420121149434269,-0.20463258410467017,-23.200815312446885,-0.34080723957980086,24.57710377593538,,8.299590066991858,0.466645876318017,8.447192801231662,0.47494486538980296,-1380.0861192193697,-0.04299086615212658,,,-896.9137530242187,-0.04587603227840728,-36.808617599999934,-0.04024951727633201,3.0,0.2,-3.0,-0.03571428571428571
R0_reference,116,link_failure,any_road,severe,,,,,17.78562822086469,17.78562822086469,0.0,1.1976837951233477,1.1826665631101887,68.07606358671367,0.0,17.78562822086469,17.78562822086469,32101.844943896358,,19550.813539870447,914.5107840000001,15,84,0,17.78562822086469,17.78562822086469,17.78562822086469,17.47175955296468,17.47175955296468,0.0,1.0632086089566966,1.0479360203258463,66.88040868359381,8.8913216431996,21.2530822003039,21.2530822003039,30701.326217041875,,18829.98676530234,868.7409336000001,17,83,0,18.58568570734402,21.2530822003039,23.920478693263778,t0_immediate,17,-0.3138686679000102,-0.0176473197349197,-0.3138686679000102,-0.0176473197349197,-0.1344751861666511,-0.11227937349924795,-0.13473054278434238,-0.1139209875267181,-1.1956549031198591,-0.017563514106494454,8.8913216431996,,3.4674539794392096,0.19495819525629504,3.4674539794392096,0.19495819525629504,-1400.5187268544832,-0.04362735940261804,,,-720.8267745681078,-0.036869400503365665,-45.769850399999996,-0.05004845344721489,2.0,0.13333333333333333,-1.0,-0.011904761904761904
R0_reference,117,demand_surge,central_area,mild,,,,,17.78562822086469,17.78562822086469,0.0,1.1976837951233477,1.1826665631101887,68.07606358671367,0.0,17.78562822086469,17.78562822086469,32101.844943896358,,19550.813539870447,914.5107840000001,15,84,0,17.78562822086469,17.78562822086469,17.78562822086469,17.66413813118502,17.66413813118502,0.0,1.189955431441271,1.1756035339662247,69.33462547524401,0.0,17.66413813118502,17.66413813118502,32101.844943896358,,19550.813539870447,914.5107840000001,15,84,0,17.66413813118502,17.66413813118502,17.66413813118502,t0_immediate,15,-0.12149008967967134,-0.006830801148600913,-0.12149008967967134,-0.006830801148600913,-0.007728363682076633,-0.006452757993006577,-0.00706302914396395,-0.005972122121546688,1.2585618885303376,0.01848758318593453,0.0,,-0.12149008967967134,-0.006830801148600913,-0.12149008967967134,-0.006830801148600913,0.0,0.0,,,0.0,0.0,0.0,0.0,0.0,0.0,0.0,0.0
R0_reference,118,link_failure,any_road,mild,,,,,17.78562822086469,17.78562822086469,0.0,1.1976837951233477,1.1826665631101887,68.07606358671367,0.0,17.78562822086469,17.78562822086469,32101.844943896358,,19550.813539870447,914.5107840000001,15,84,0,17.78562822086469,17.78562822086469,17.78562822086469,18.084675696562165,18.084675696562165,0.0,1.142619525375975,1.1337378538013667,68.79346226771766,0.4239138154539044,18.262360547076746,18.262360547076746,32032.42285341041,,19518.617506763014,912.084936,16,84,0,18.135186402440574,18.262360547076746,18.389534691712917,t0_immediate,16,0.29904747569747414,0.016813995658958806,0.29904747569747414,0.016813995658958806,-0.05506426974737266,-0.04597563227588103,-0.04892870930882198,-0.04137151656689165,0.717398681003985,0.010538192768595963,0.4239138154539044,,0.47673232621205486,0.026804356882530033,0.47673232621205486,0.026804356882530033,-69.42209048594668,-0.002162557653844321,,,-32.19603310743332,-0.0016467873851783801,-2.4258480000000873,-0.002652618254964271,1.0,0.06666666666666667,0.0,0.0
R0_reference,119,link_failure,any_road,moderate,,,,,17.78562822086469,17.78562822086469,0.0,1.1976837951233477,1.1826665631101887,68.07606358671367,0.0,17.78562822086469,17.78562822086469,32101.844943896358,,19550.813539870447,914.5107840000001,15,84,0,17.78562822086469,17.78562822086469,17.78562822086469,17.78562822086469,17.78562822086469,0.0,1.1976837951233477,1.1826665631101887,68.07606358671367,0.0,17.78562822086469,17.78562822086469,32101.844943896358,,19550.813539870447,914.5107840000001,15,84,0,17.78562822086469,17.78562822086469,17.78562822086469,t0_immediate,15,0.0,0.0,0.0,0.0,0.0,0.0,0.0,0.0,0.0,0.0,0.0,,0.0,0.0,0.0,0.0,0.0,0.0,,,0.0,0.0,0.0,0.0,0.0,0.0,0.0,0.0
R0_reference,120,combined_disruption,peripheral_area + any_road,moderate,demand_surge,peripheral_area,link_failure,any_road,17.78562822086469,17.78562822086469,0.0,1.1976837951233477,1.1826665631101887,68.07606358671367,0.0,17.78562822086469,17.78562822086469,32101.844943896358,,19550.813539870447,914.5107840000001,15,84,0,17.78562822086469,17.78562822086469,17.78562822086469,17.739699317814893,17.739699317814893,0.0,1.1706762513577587,1.1546696253260451,63.7946847482338,3.707417100131074,19.30646493187303,19.30646493187303,31967.163650723443,,19512.3111334043,908.7397080000001,16,84,0,18.19423980183371,19.30646493187303,20.418690061912354,t0_immediate,16,-0.045928903049798464,-0.0025823604586493218,-0.045928903049798464,-0.0025823604586493218,-0.027007543765589004,-0.02254981145737848,-0.027996937784143583,-0.02367272285987096,-4.281378838479874,-0.06289110463953833,3.707417100131074,,1.5208367110083394,0.08550930516045614,1.5208367110083394,0.08550930516045614,-134.6812931729146,-0.004195437782728498,,,-38.502406466148386,-0.0019693506046502616,-5.771075999999994,-0.0063105609042222,1.0,0.06666666666666667,0.0,0.0
R0_reference,121,area_closure,peripheral_area,moderate,,,,,17.78562822086469,17.78562822086469,0.0,1.1976837951233477,1.1826665631101887,68.07606358671367,0.0,17.78562822086469,17.78562822086469,32101.844943896358,,19550.813539870447,914.5107840000001,15,84,0,17.78562822086469,17.78562822086469,17.78562822086469,17.461928660528457,17.553816842699693,0.09188818217123465,1.10191067775431,1.0856609762850313,61.74996897281736,8.32610322259439,21.003692389153695,21.087929866427988,29960.07369263249,,18496.091683790608,842.4000192000001,19,78,0,18.50586142237538,21.003692389153695,23.501523355932015,t0_immediate,19,-0.3236995603362338,-0.018200063349828436,-0.23181137816499842,-0.013033634532687221,-0.09577311736903771,-0.07996527777949453,-0.09700558682515736,-0.08202276943558046,-6.326094613896309,-0.09292685682153581,8.32610322259439,,3.218064168289004,0.18093621031130214,3.302301645563297,0.18567247693220632,-2141.771251263868,-0.06671801122356025,,,-1054.7218560798392,-0.05394772212056135,-72.11076479999997,-0.07885173806763986,4.0,0.26666666666666666,-6.0,-0.07142857142857142
R0_reference,122,link_failure,any_road,mild,,,,,17.78562822086469,17.78562822086469,0.0,1.1976837951233477,1.1826665631101887,68.07606358671367,0.0,17.78562822086469,17.78562822086469,32101.844943896358,,19550.813539870447,914.5107840000001,15,84,0,17.78562822086469,17.78562822086469,17.78562822086469,17.780806619379774,17.780806619379774,0.0,1.194712606481901,1.1727938880036664,64.2499779402112,2.4565278681491804,18.817932870482505,18.817932870482505,31683.329005026273,,19469.30556428284,894.8824752,16,83,0,18.08097451003775,18.817932870482505,19.554891230927257,t0_immediate,16,-0.004821601484916727,-0.0002710953712200284,-0.004821601484916727,-0.0002710953712200284,-0.0029711886414467426,-0.002480778861285958,-0.009872675106522344,-0.008347809445596467,-3.8260856465024773,-0.05620309760755923,2.4565278681491804,,1.0323046496178137,0.058041506141840726,1.0323046496178137,0.058041506141840726,-418.51593887008494,-0.013037130407972358,,,-81.50797558760678,-0.004169032425243358,-19.628308800000013,-0.021463179159186396,1.0,0.06666666666666667,-1.0,-0.011904761904761904
R0_reference,123,combined_disruption,any_road + central_area,mild,link_failure,any_road,demand_surge,central_area,17.78562822086469,17.78562822086469,0.0,1.1976837951233477,1.1826665631101887,68.07606358671367,0.0,17.78562822086469,17.78562822086469,32101.844943896358,,19550.813539870447,914.5107840000001,15,84,0,17.78562822086469,17.78562822086469,17.78562822086469,17.66413813118502,17.66413813118502,0.0,1.189955431441271,1.1756035339662247,69.33462547524401,0.0,17.66413813118502,17.66413813118502,32101.844943896358,,19550.813539870447,914.5107840000001,15,84,0,17.66413813118502,17.66413813118502,17.66413813118502,t0_immediate,15,-0.12149008967967134,-0.006830801148600913,-0.12149008967967134,-0.006830801148600913,-0.007728363682076633,-0.006452757993006577,-0.00706302914396395,-0.005972122121546688,1.2585618885303376,0.01848758318593453,0.0,,-0.12149008967967134,-0.006830801148600913,-0.12149008967967134,-0.006830801148600913,0.0,0.0,,,0.0,0.0,0.0,0.0,0.0,0.0,0.0,0.0
R0_reference,124,area_closure,central_area,mild,,,,,17.78562822086469,17.78562822086469,0.0,1.1976837951233477,1.1826665631101887,68.07606358671367,0.0,17.78562822086469,17.78562822086469,32101.844943896358,,19550.813539870447,914.5107840000001,15,84,0,17.78562822086469,17.78562822086469,17.78562822086469,14.820609744734066,15.519248423614993,0.6986386788809281,0.812235524261675,0.7971395308166839,35.70802867279604,37.05200018201927,31.560477504350395,32.000256578660704,30030.808929112365,,18480.83105339045,847.0080048000002,20,81,0,20.444877449744617,31.560477504350395,42.67607755895618,t0_immediate,20,-2.9650184761306253,-0.16670867282901486,-2.266379797249698,-0.12742759317272587,-0.38544827086167266,-0.32182807551635606,-0.3855270322935048,-0.32598117197094156,-32.36803491391763,-0.47546866267741816,37.05200018201927,,13.774849283485704,0.7744932657102402,14.214628357796013,0.7992199196607819,-2071.036014783993,-0.06451454794587333,,,-1069.9824864799957,-0.054728284544167664,-67.50277919999985,-0.07381299420521634,5.0,0.3333333333333333,-3.0,-0.03571428571428571
R0_reference,125,link_failure,any_road,moderate,,,,,17.78562822086469,17.78562822086469,0.0,1.1976837951233477,1.1826665631101887,68.07606358671367,0.0,17.78562822086469,17.78562822086469,32101.844943896358,,19550.813539870447,914.5107840000001,15,84,0,17.78562822086469,17.78562822086469,17.78562822086469,17.53665526153236,17.53665526153236,0.0,1.1313359600129296,1.1208069968743553,66.86954737617647,4.249985114126227,19.341341091877336,19.341341091877336,31707.63336226464,,19374.5721688308,900.4430904000001,16,83,0,18.066345557639465,19.341341091877336,20.616336626115203,t0_immediate,16,-0.2489729593323311,-0.013998547379971416,-0.2489729593323311,-0.013998547379971416,-0.06634783511041809,-0.05539678785049022,-0.06185956623583344,-0.05230516205104718,-1.2065162105372025,-0.01772306074954482,4.249985114126227,,1.5557128710126449,0.08747022324393387,1.5557128710126449,0.08747022324393387,-394.2115816317164,-0.012280028836992725,,,-176.24137103964676,-0.009014528765272783,-14.067693599999984,-0.015382753102668697,1.0,0.06666666666666667,-1.0,-0.011904761904761904
R0_reference,126,demand_surge,peripheral_area,mild,,,,,17.78562822086469,17.78562822086469,0.0,1.1976837951233477,1.1826665631101887,68.07606358671367,0.0,17.78562822086469,17.78562822086469,32101.844943896358,,19550.813539870447,914.5107840000001,15,84,0,17.78562822086469,17.78562822086469,17.78562822086469,17.891242908640876,17.891242908640876,0.0,1.204402274955368,1.188806649266686,66.9819610039053,0.0,17.891242908640876,17.891242908640876,32101.844943896358,,19550.813539870447,914.5107840000001,15,84,0,17.891242908640876,17.891242908640876,17.891242908640876,t0_immediate,15,0.10561468777618543,0.005938203951226567,0.10561468777618543,0.005938203951226567,0.006718479832020341,0.005609560603037478,0.006140086156497304,0.005191730575649355,-1.0941025828083752,-0.016071766273834758,0.0,,0.10561468777618543,0.005938203951226567,0.10561468777618543,0.005938203951226567,0.0,0.0,,,0.0,0.0,0.0,0.0,0.0,0.0,0.0,0.0
R0_reference,127,link_failure,any_road,mild,,,,,17.78562822086469,17.78562822086469,0.0,1.1976837951233477,1.1826665631101887,68.07606358671367,0.0,17.78562822086469,17.78562822086469,32101.844943896358,,19550.813539870447,914.5107840000001,15,84,0,17.78562822086469,17.78562822086469,17.78562822086469,14.837721490270862,14.837721490270862,0.0,0.931713452952488,0.9166962209393292,46.27173068548911,25.532587867905264,26.368819933915553,26.368819933915553,31547.81049272474,,19264.018267905925,896.4775488,19,84,0,18.709043573543973,26.368819933915553,34.02859629428713,t0_immediate,19,-2.9479067305938287,-0.1657465619986129,-2.9479067305938287,-0.1657465619986129,-0.2659703421708597,-0.22207058595417314,-0.26597034217085946,-0.2248903879309887,-21.804332901224562,-0.32029367963455646,25.532587867905264,,8.583191713050862,0.48259142755394724,8.583191713050862,0.48259142755394724,-554.0344511716175,-0.01725864828454223,,,-286.7952719645218,-0.014669224448366472,-18.033235200000036,-0.019718996774564044,4.0,0.26666666666666666,0.0,0.0
R0_reference,128,link_failure,any_road,mild,,,,,17.78562822086469,17.78562822086469,0.0,1.1976837951233477,1.1826665631101887,68.07606358671367,0.0,17.78562822086469,17.78562822086469,32101.844943896358,,19550.813539870447,914.5107840000001,15,84,0,17.78562822086469,17.78562822086469,17.78562822086469,17.78562822086469,17.78562822086469,0.0,1.1976837951233477,1.1826665631101887,68.07606358671367,0.0,17.78562822086469,17.78562822086469,32101.844943896358,,19550.813539870447,914.5107840000001,15,84,0,17.78562822086469,17.78562822086469,17.78562822086469,t0_immediate,15,0.0,0.0,0.0,0.0,0.0,0.0,0.0,0.0,0.0,0.0,0.0,,0.0,0.0,0.0,0.0,0.0,0.0,,,0.0,0.0,0.0,0.0,0.0,0.0,0.0,0.0
R0_reference,129,node_removal,peripheral,moderate,,,,,17.78562822086469,17.78562822086469,0.0,1.1976837951233477,1.1826665631101887,68.07606358671367,0.0,17.78562822086469,17.78562822086469,32101.844943896358,,19550.813539870447,914.5107840000001,15,84,0,17.78562822086469,17.78562822086469,17.78562822086469,18.130497551394306,18.15470243488615,0.024204883491842546,1.0612155626679574,1.0607513743680366,76.03260257443125,2.7717353485339027,19.29100935101758,19.314543339197606,30684.221077883725,,18600.74681335465,877.9790904000001,16,82,0,18.45948874645741,19.29100935101758,20.12252995557775,t0_immediate,16,0.3448693305296153,0.01939033731319324,0.36907421402145957,0.02075126104280595,-0.1364682324553903,-0.11394345737251596,-0.12191518874215213,-0.10308500514425495,7.956538987717579,0.11687718955110747,2.7717353485339027,,1.5053811301528874,0.08464031247357873,1.5289151183329146,0.08596351499911105,-1417.6238660126328,-0.04416019915647156,,,-950.0667265157972,-0.0485947413174548,-36.531693599999926,-0.03994670619433606,1.0,0.06666666666666667,-2.0,-0.023809523809523808
R0_reference,130,link_failure,any_road,mild,,,,,17.78562822086469,17.78562822086469,0.0,1.1976837951233477,1.1826665631101887,68.07606358671367,0.0,17.78562822086469,17.78562822086469,32101.844943896358,,19550.813539870447,914.5107840000001,15,84,0,17.78562822086469,17.78562822086469,17.78562822086469,17.38693880322794,17.38693880322794,0.0,1.0074463530698285,0.9924291210566696,50.67388171218398,18.500013271742887,25.270360780126694,25.270360780126694,31892.23226243235,,19388.988478040435,910.0578600000001,16,84,0,19.720356798603824,25.270360780126694,30.820364761649557,t0_immediate,16,-0.39868941763674925,-0.022416380950156058,-0.39868941763674925,-0.022416380950156058,-0.1902374420535191,-0.15883778575623697,-0.1902374420535191,-0.16085467196538536,-17.402181874529695,-0.2556284978546565,18.500013271742887,,7.484732559262003,0.4208303730582599,7.484732559262003,0.4208303730582599,-209.61268146400835,-0.0065296147878834854,,,-161.8250618300117,-0.008277152329236731,-4.452923999999939,-0.004869186977241745,1.0,0.06666666666666667,0.0,0.0
R0_reference,131,link_failure,any_road,moderate,,,,,17.78562822086469,17.78562822086469,0.0,1.1976837951233477,1.1826665631101887,68.07606358671367,0.0,17.78562822086469,17.78562822086469,32101.844943896358,,19550.813539870447,914.5107840000001,15,84,0,17.78562822086469,17.78562822086469,17.78562822086469,18.067600184894538,18.067600184894538,0.0,1.1130103432414729,1.1002347938762063,66.86954737617648,5.565207659732599,20.401225311314487,20.401225311314487,30983.037110724425,,18562.288272405527,896.2892496000001,18,84,0,18.731663013394705,20.401225311314487,22.070787609234266,t0_immediate,18,0.2819719640298466,0.015853922084071194,0.2819719640298466,0.015853922084071194,-0.0846734518818748,-0.0706976684719646,-0.08243176923398243,-0.06969992371916098,-1.2065162105371883,-0.017723060749544613,5.565207659732599,,2.6155970904497963,0.1470623954334874,2.6155970904497963,0.1470623954334874,-1118.8078331719335,-0.034851823473923314,,,-988.52526746492,-0.05056184825500978,-18.221534399999996,-0.019924898337776185,3.0,0.2,0.0,0.0
R0_reference,132,combined_disruption,peripheral_area + central_area,moderate,demand_surge,peripheral_area,area_closure,central_area,17.78562822086469,17.78562822086469,0.0,1.1976837951233477,1.1826665631101887,68.07606358671367,0.0,17.78562822086469,17.78562822086469,32101.844943896358,,19550.813539870447,914.5107840000001,15,84,0,17.78562822086469,17.78562822086469,17.78562822086469,15.78774284396035,16.16293430295903,0.37519145899868017,0.7926739884005864,0.7893367661033655,36.506528569780905,35.266829920737024,31.380004379299738,31.622877704576222,26330.034629068195,,14969.921220335242,797.4498696,22,78,0,20.79995540307863,31.380004379299738,41.96005335552084,t0_immediate,22,-1.9978853769043408,-0.1123314482960225,-1.6226939179056608,-0.09123624410421695,-0.4050098067227612,-0.3381608805027289,-0.39332979700682325,-0.33257877518109624,-31.569535016932768,-0.4637391375710237,35.266829920737024,,13.594376158435047,0.7643461332722113,13.837249483711531,0.7780017276802608,-5771.8103148281625,-0.17979684111350672,,,-4580.892319535205,-0.23430699240178834,-117.0609144,-0.12800386441369727,7.0,0.4666666666666667,-6.0,-0.07142857142857142
R0_reference,133,node_removal,central,mild,,,,,17.78562822086469,17.78562822086469,0.0,1.1976837951233477,1.1826665631101887,68.07606358671367,0.0,17.78562822086469,17.78562822086469,32101.844943896358,,19550.813539870447,914.5107840000001,15,84,0,17.78562822086469,17.78562822086469,17.78562822086469,14.869692031998165,15.105939821340312,0.2362477893421473,0.9544392790827934,0.9394220470696342,46.53259575921185,24.01085700306829,25.70586574323942,25.885388413709713,31012.613342295343,,18801.384827869173,887.3058600000002,17,82,0,18.502608642318933,25.70586574323942,32.9091228441599,t0_immediate,17,-2.9159361888665263,-0.16394901280157093,-2.6796883995243785,-0.150665940288844,-0.2432445160405543,-0.20309577288344535,-0.24324451604055453,-0.2056746369837899,-21.54346782750182,-0.3164617149177591,24.01085700306829,,7.92023752237473,0.4453167143729753,8.099760192845022,0.4554104073390573,-1089.2316016010154,-0.03393049849641477,,,-749.4287120012741,-0.03833235432750386,-27.20492399999989,-0.029748062544443316,2.0,0.13333333333333333,-2.0,-0.023809523809523808
R0_reference,134,combined_disruption,central_area + peripheral,moderate,area_closure,central_area,node_removal,peripheral,17.78562822086469,17.78562822086469,0.0,1.1976837951233477,1.1826665631101887,68.07606358671367,0.0,17.78562822086469,17.78562822086469,32101.844943896358,,19550.813539870447,914.5107840000001,15,84,0,17.78562822086469,17.78562822086469,17.78562822086469,14.555720098731143,15.972163689514261,1.4164435907831168,0.3406243060468593,0.3406243060468593,24.541102643080023,66.96893838120961,44.989271903596304,45.45713825886328,21851.052792751405,,12127.935288939256,674.9280312,29,75,0,24.898590389233423,44.989271903596304,65.07995341795919,t0_immediate,29,-3.2299081221335477,-0.18160213864947852,-1.81346453135043,-0.10196235459498794,-0.8570594890764884,-0.7155974661811477,-0.8420422570633295,-0.7119861872554493,-43.53496094363365,-0.6395046753574383,66.96893838120961,,27.203643682731613,1.5295295361464067,27.67151003799859,1.5558354022905172,-10250.792151144953,-0.31932096641361335,,,-7422.878250931191,-0.37967106769207,-239.5827528000001,-0.26197914446900616,14.0,0.9333333333333333,-9.0,-0.10714285714285714
R0_reference,135,link_failure,any_road,mild,,,,,17.78562822086469,17.78562822086469,0.0,1.1976837951233477,1.1826665631101887,68.07606358671367,0.0,17.78562822086469,17.78562822086469,32101.844943896358,,19550.813539870447,914.5107840000001,15,84,0,17.78562822086469,17.78562822086469,17.78562822086469,17.807043823679447,17.807043823679447,0.0,1.1918562751068744,1.1768390430937155,68.54345132749717,0.0,17.807043823679447,17.807043823679447,31815.809520014627,,19382.435418018285,906.1033992,15,84,0,17.807043823679447,17.807043823679447,17.807043823679447,t0_immediate,15,0.02141560281475563,0.0012040959447039683,0.02141560281475563,0.0012040959447039683,-0.005827520016473242,-0.004865658231497634,-0.005827520016473242,-0.004927441257109671,0.46738774078349365,0.006865669313974746,0.0,,0.02141560281475563,0.0012040959447039683,0.02141560281475563,0.0012040959447039683,-286.0354238817308,-0.008910248753042955,,,-168.3781218521617,-0.008612333267297758,-8.407384800000045,-0.009193314006890973,0.0,0.0,0.0,0.0
R0_reference,136,node_removal,central,moderate,,,,,17.78562822086469,17.78562822086469,0.0,1.1976837951233477,1.1826665631101887,68.07606358671367,0.0,17.78562822086469,17.78562822086469,32101.844943896358,,19550.813539870447,914.5107840000001,15,84,0,17.78562822086469,17.78562822086469,17.78562822086469,17.362984217818664,17.561973019951598,0.19898880213293385,0.9867097375959544,0.9716925055827954,48.880410118376794,20.45652643336617,26.085036621699096,26.243319226924264,31225.504685884953,,18989.988325356186,890.7507792000001,17,82,0,19.948078691689243,26.085036621699096,32.221994551708946,t0_immediate,17,-0.42264400304602745,-0.023763231627107497,-0.2236552009130932,-0.012575052066517316,-0.2109740575273933,-0.1761517174954057,-0.2109740575273933,-0.1783884520862512,-19.19565346833688,-0.28197361094308737,20.45652643336617,,8.299408400834405,0.4666356621071274,8.457691006059573,0.47553512875849274,-876.3402580114052,-0.02729875057159377,,,-560.8252145142615,-0.028685518041004127,-23.760004799999933,-0.025981109480279166,2.0,0.13333333333333333,-2.0,-0.023809523809523808
R0_reference,137,link_failure,any_road,severe,,,,,17.78562822086469,17.78562822086469,0.0,1.1976837951233477,1.1826665631101887,68.07606358671367,0.0,17.78562822086469,17.78562822086469,32101.844943896358,,19550.813539870447,914.5107840000001,15,84,0,17.78562822086469,17.78562822086469,17.78562822086469,17.946939836489875,17.946939836489875,0.0,1.1582082141442207,1.1362894956659861,61.09780987546805,5.934786242439591,20.442699065598717,20.442699065598717,31470.35147178195,,19305.766699727432,890.318784,17,83,0,18.662263192866842,20.442699065598717,22.223134938330595,t0_immediate,17,0.16131161562518415,0.009069773281100419,0.16131161562518415,0.009069773281100419,-0.039475580979126956,-0.03295993578594042,-0.04637706744420256,-0.03921398379796895,-6.978253711245621,-0.10250671592309223,5.934786242439591,,2.657070844734026,0.14939426438797146,2.657070844734026,0.14939426438797146,-631.4934721144091,-0.019671563214452483,,,-245.0468401430153,-0.012533843650203371,-24.192000000000007,-0.026453487944872615,2.0,0.13333333333333333,-1.0,-0.011904761904761904
R0_reference,138,area_closure,peripheral_area,moderate,,,,,17.78562822086469,17.78562822086469,0.0,1.1976837951233477,1.1826665631101887,68.07606358671367,0.0,17.78562822086469,17.78562822086469,32101.844943896358,,19550.813539870447,914.5107840000001,15,84,0,17.78562822086469,17.78562822086469,17.78562822086469,16.55729354245291,16.605312347545798,0.04801880509288664,1.0545814553831345,1.051450511896508,55.56518613798741,11.521745212667128,21.562651493978375,21.605137694694292,29592.42349230584,,17477.753673382296,867.2344752,17,78,0,18.106127930178236,21.562651493978375,25.01917505777851,t0_immediate,17,-1.2283346784117803,-0.06906332816351099,-1.180315873318893,-0.0663634626037128,-0.14310233974021314,-0.11948257154591896,-0.13121605121368063,-0.1109493202112752,-12.510877448726262,-0.1837779211894384,11.521745212667128,,3.7770232731136844,0.21236378193730485,3.8195094738296014,0.21475257586621851,-2509.4214515905187,-0.07817063025431017,,,-2073.059866488151,-0.1060344554082371,-47.27630880000004,-0.051695736810469406,2.0,0.13333333333333333,-6.0,-0.07142857142857142
R0_reference,139,link_failure,any_road,mild,,,,,17.78562822086469,17.78562822086469,0.0,1.1976837951233477,1.1826665631101887,68.07606358671367,0.0,17.78562822086469,17.78562822086469,32101.844943896358,,19550.813539870447,914.5107840000001,15,84,0,17.78562822086469,17.78562822086469,17.78562822086469,17.622050032324204,17.622050032324204,0.0,1.1823409065452803,1.1617378991648621,64.44562495202449,2.967403882092402,18.87957496481619,18.87957496481619,31753.34240409525,,19495.01304911906,897.6295536,17,84,0,17.98935380018847,18.87957496481619,19.76979612944391,t0_immediate,17,-0.16357818854048745,-0.00919721173236886,-0.16357818854048745,-0.00919721173236886,-0.015342888578067315,-0.012810466869919681,-0.020928663945326553,-0.017696166103054557,-3.6304386346891846,-0.053329150415179605,2.967403882092402,,1.0939467439514985,0.0615073434779305,1.0939467439514985,0.0615073434779305,-348.5025398011094,-0.01085615298467048,,,-55.80049075138595,-0.002854126281629696,-16.88123040000005,-0.01845930162371934,2.0,0.13333333333333333,0.0,0.0
R0_reference,140,demand_surge,peripheral_area,moderate,,,,,17.78562822086469,17.78562822086469,0.0,1.1976837951233477,1.1826665631101887,68.07606358671367,0.0,17.78562822086469,17.78562822086469,32101.844943896358,,19550.813539870447,914.5107840000001,15,84,0,17.78562822086469,17.78562822086469,17.78562822086469,17.96629157314435,17.96629157314435,0.0,1.209176354673857,1.193169728642143,66.20450344190813,0.0,17.96629157314435,17.96629157314435,32101.844943896358,,19550.813539870447,914.5107840000001,15,84,0,17.96629157314435,17.96629157314435,17.96629157314435,t0_immediate,15,0.1806633522796588,0.010157827996636006,0.1806633522796588,0.010157827996636006,0.011492559550509318,0.009595654209653656,0.010503165531954295,0.008880918645685697,-1.8715601448055423,-0.02749219103160384,0.0,,0.1806633522796588,0.010157827996636006,0.1806633522796588,0.010157827996636006,0.0,0.0,,,0.0,0.0,0.0,0.0,0.0,0.0,0.0,0.0
R0_reference,141,combined_disruption,any_road + central_area,moderate,link_failure,any_road,demand_surge,central_area,17.78562822086469,17.78562822086469,0.0,1.1976837951233477,1.1826665631101887,68.07606358671367,0.0,17.78562822086469,17.78562822086469,32101.844943896358,,19550.813539870447,914.5107840000001,15,84,0,17.78562822086469,17.78562822086469,17.78562822086469,18.01458019578219,18.01458019578219,0.0,1.1419490298374249,1.1391455509030441,72.4659130356286,0.0,18.01458019578219,18.01458019578219,31492.983592312525,,19075.355270390653,901.816632,17,84,0,18.01458019578219,18.01458019578219,18.01458019578219,t0_immediate,17,0.22895197491749997,0.012872864094219153,0.22895197491749997,0.012872864094219153,-0.055734765285922805,-0.04653545911939367,-0.04352101220714455,-0.03679905525754659,4.38984944891493,0.06448447835593848,0.0,,0.22895197491749997,0.012872864094219153,0.22895197491749997,0.012872864094219153,-608.8613515838333,-0.018966553251002428,,,-475.45826947979367,-0.024319104087928624,-12.694152000000031,-0.01388081171058124,2.0,0.13333333333333333,0.0,0.0
R0_reference,142,link_failure,any_road,moderate,,,,,17.78562822086469,17.78562822086469,0.0,1.1976837951233477,1.1826665631101887,68.07606358671367,0.0,17.78562822086469,17.78562822086469,32101.844943896358,,19550.813539870447,914.5107840000001,15,84,0,17.78562822086469,17.78562822086469,17.78562822086469,17.78562822086469,17.78562822086469,0.0,1.1976837951233477,1.1826665631101887,68.07606358671367,0.0,17.78562822086469,17.78562822086469,32101.844943896358,,19550.813539870447,914.5107840000001,15,84,0,17.78562822086469,17.78562822086469,17.78562822086469,t0_immediate,15,0.0,0.0,0.0,0.0,0.0,0.0,0.0,0.0,0.0,0.0,0.0,,0.0,0.0,0.0,0.0,0.0,0.0,,,0.0,0.0,0.0,0.0,0.0,0.0,0.0,0.0
R0_reference,143,demand_surge,peripheral_area,moderate,,,,,17.78562822086469,17.78562822086469,0.0,1.1976837951233477,1.1826665631101887,68.07606358671367,0.0,17.78562822086469,17.78562822086469,32101.844943896358,,19550.813539870447,914.5107840000001,15,84,0,17.78562822086469,17.78562822086469,17.78562822086469,17.96629157314435,17.96629157314435,0.0,1.209176354673857,1.193169728642143,66.20450344190813,0.0,17.96629157314435,17.96629157314435,32101.844943896358,,19550.813539870447,914.5107840000001,15,84,0,17.96629157314435,17.96629157314435,17.96629157314435,t0_immediate,15,0.1806633522796588,0.010157827996636006,0.1806633522796588,0.010157827996636006,0.011492559550509318,0.009595654209653656,0.010503165531954295,0.008880918645685697,-1.8715601448055423,-0.02749219103160384,0.0,,0.1806633522796588,0.010157827996636006,0.1806633522796588,0.010157827996636006,0.0,0.0,,,0.0,0.0,0.0,0.0,0.0,0.0,0.0,0.0
R0_reference,144,demand_surge,peripheral_area,mild,,,,,17.78562822086469,17.78562822086469,0.0,1.1976837951233477,1.1826665631101887,68.07606358671367,0.0,17.78562822086469,17.78562822086469,32101.844943896358,,19550.813539870447,914.5107840000001,15,84,0,17.78562822086469,17.78562822086469,17.78562822086469,17.891242908640876,17.891242908640876,0.0,1.204402274955368,1.188806649266686,66.9819610039053,0.0,17.891242908640876,17.891242908640876,32101.844943896358,,19550.813539870447,914.5107840000001,15,84,0,17.891242908640876,17.891242908640876,17.891242908640876,t0_immediate,15,0.10561468777618543,0.005938203951226567,0.10561468777618543,0.005938203951226567,0.006718479832020341,0.005609560603037478,0.006140086156497304,0.005191730575649355,-1.0941025828083752,-0.016071766273834758,0.0,,0.10561468777618543,0.005938203951226567,0.10561468777618543,0.005938203951226567,0.0,0.0,,,0.0,0.0,0.0,0.0,0.0,0.0,0.0,0.0
R0_reference,145,node_removal,peripheral,mild,,,,,17.78562822086469,17.78562822086469,0.0,1.1976837951233477,1.1826665631101887,68.07606358671367,0.0,17.78562822086469,17.78562822086469,32101.844943896358,,19550.813539870447,914.5107840000001,15,84,0,17.78562822086469,17.78562822086469,17.78562822086469,14.862099867388643,14.920178280915804,0.05807841352716105,0.9973857226639309,0.9823684906507721,50.46738056686843,19.782594503776714,23.79154761814284,23.838136614627697,31226.598799939806,,18879.45117392475,895.7243256000002,17,83,0,17.856769267009824,23.79154761814284,29.726325969275855,t0_immediate,17,-2.9235283534760477,-0.16437588356009802,-2.8654499399488866,-0.16111041478913674,-0.20029807245941678,-0.16723785800140042,-0.20029807245941655,-0.1693614064243692,-17.608683019845245,-0.2586618863092124,19.782594503776714,,6.005919397278149,0.33768384915594263,6.052508393763006,0.3403033234812972,-875.2461439565523,-0.027264667980491448,,,-671.3623659456971,-0.034339357008166004,-18.7864583999999,-0.020542631895306224,2.0,0.13333333333333333,-1.0,-0.011904761904761904
R0_reference,146,area_closure,central_area,mild,,,,,17.78562822086469,17.78562822086469,0.0,1.1976837951233477,1.1826665631101887,68.07606358671367,0.0,17.78562822086469,17.78562822086469,32101.844943896358,,19550.813539870447,914.5107840000001,15,84,0,17.78562822086469,17.78562822086469,17.78562822086469,14.772861011365155,15.142745879188828,0.36988486782367325,0.9231921034182453,0.9081748714050866,44.55433846100869,26.749979733689926,26.87111152495275,27.142052265595602,30432.65752990102,,18498.88627437627,868.5304728000001,18,79,0,18.846117604845773,26.87111152495275,34.89610544505973,t0_immediate,18,-3.012767209499536,-0.1693933535597689,-2.642882341675863,-0.1485965133677675,-0.27449169170510235,-0.22918544345574357,-0.2744916917051021,-0.2320955882808093,-23.521725125704982,-0.34552122855551964,26.749979733689926,,9.085483304088058,0.510832858489063,9.356424044730911,0.5260665481444561,-1669.1874139953397,-0.051996619412763956,,,-1051.9272654941778,-0.05380478225875139,-45.98031119999996,-0.050278588294919394,3.0,0.2,-5.0,-0.05952380952380952
R0_reference,147,combined_disruption,peripheral_area + any_road,mild,demand_surge,peripheral_area,link_failure,any_road,17.78562822086469,17.78562822086469,0.0,1.1976837951233477,1.1826665631101887,68.07606358671367,0.0,17.78562822086469,17.78562822086469,32101.844943896358,,19550.813539870447,914.5107840000001,15,84,0,17.78562822086469,17.78562822086469,17.78562822086469,17.91859760154876,17.91859760154876,0.0,1.1638722130956172,1.1508278682871147,73.21307236600606,0.9030487123001133,18.298613164025802,18.298613164025802,31855.817779886893,,19476.559584858613,904.1427840000001,16,83,0,18.02769855033577,18.298613164025802,18.569527777715837,t0_immediate,16,0.13296938068407016,0.007476226255988023,0.13296938068407016,0.007476226255988023,-0.03381158202773049,-0.028230808636972738,-0.031838694823074,-0.026921108464708996,5.137008779292387,0.07545983872509002,0.9030487123001133,,0.5129849431611113,0.02884266649402454,0.5129849431611113,0.02884266649402454,-246.0271640094652,-0.007663957147616939,,,-74.25395501183448,-0.003797998219378779,-10.367999999999938,-0.011337209119231051,1.0,0.06666666666666667,-1.0,-0.011904761904761904
R0_reference,148,link_failure,any_road,moderate,,,,,17.78562822086469,17.78562822086469,0.0,1.1976837951233477,1.1826665631101887,68.07606358671367,0.0,17.78562822086469,17.78562822086469,32101.844943896358,,19550.813539870447,914.5107840000001,15,84,0,17.78562822086469,17.78562822086469,17.78562822086469,18.030371665795506,18.030371665795506,0.0,1.188691757799511,1.1736745257863521,68.41301520367826,0.29347769163499987,18.15354316221852,18.15354316221852,31974.156076459396,,19516.31629757424,908.9501688,16,84,0,18.06549985472802,18.15354316221852,18.24158646970902,t0_immediate,16,0.24474344493081546,0.013760742206659972,0.24474344493081546,0.013760742206659972,-0.008992037323836577,-0.0075078558801995815,-0.008992037323836577,-0.007603188932803871,0.3369516169645834,0.00494963426513906,0.29347769163499987,,0.36791494135382763,0.020686080738054502,0.36791494135382763,0.020686080738054502,-127.68886743696203,-0.003977617724467889,,,-34.49724229620551,-0.0017644913970385147,-5.560615200000029,-0.006080426056517698,1.0,0.06666666666666667,0.0,0.0
R0_reference,149,link_failure,any_road,severe,,,,,17.78562822086469,17.78562822086469,0.0,1.1976837951233477,1.1826665631101887,68.07606358671367,0.0,17.78562822086469,17.78562822086469,32101.844943896358,,19550.813539870447,914.5107840000001,15,84,0,17.78562822086469,17.78562822086469,17.78562822086469,16.115949341904496,16.115949341904496,0.0,0.8998860328891487,0.8967550894025221,44.05433092839788,26.152155869087526,27.59257467167896,27.59257467167896,31105.378757356055,,18820.640178695066,891.6037008000002,21,84,0,19.746927910952706,27.59257467167896,35.43822143240522,t0_immediate,21,-1.6696788789601946,-0.09387798160547736,-1.6696788789601946,-0.09387798160547736,-0.29779776223419896,-0.2486447286393561,-0.28591147370766656,-0.2417515491059235,-24.02173265831579,-0.35286606470301385,26.152155869087526,,9.80694645081427,0.5513972477682592,9.80694645081427,0.5513972477682592,-996.4661865403032,-0.031040776263227356,,,-730.1733611753807,-0.03734746688092137,-22.907083199999875,-0.025048456071568723,6.0,0.4,0.0,0.0
R0_reference,150,link_failure,any_road,moderate,,,,,17.78562822086469,17.78562822086469,0.0,1.1976837951233477,1.1826665631101887,68.07606358671367,0.0,17.78562822086469,17.78562822086469,32101.844943896358,,19550.813539870447,914.5107840000001,15,84,0,17.78562822086469,17.78562822086469,17.78562822086469,16.84186205839599,16.84186205839599,0.0,0.8180244339687592,0.8180244339687592,45.28259844943002,25.804342944705617,27.9785359813966,27.9785359813966,31011.25543762362,,18950.472241029518,880.6043136000002,22,84,0,20.237233097984916,27.9785359813966,35.71983886480828,t0_immediate,22,-0.9437661624687017,-0.05306341450236489,-0.9437661624687017,-0.05306341450236489,-0.3796593611545884,-0.31699465476652616,-0.36464212914142946,-0.30832200766925366,-22.793465137283654,-0.3348234891438733,25.804342944705617,,10.19290776053191,0.5730979886656125,10.19290776053191,0.5730979886656125,-1090.5895062727395,-0.033972798391454985,,,-600.3412988409291,-0.03070671701802273,-33.906470399999876,-0.03707607498262139,7.0,0.4666666666666667,0.0,0.0
