scenario,type,location,n,mean_att,std_att,min_att,max_att,p95_att,mean_CEF,std_CEF,min_CEF,max_CEF,p95_CEF,mean_dun,std_dun,min_dun,max_dun,p95_dun,mean_gc,std_gc,min_gc,max_gc,p95_gc,mean_cost,std_cost,min_cost,max_cost,p95_cost,mean_energy,std_energy,min_energy,max_energy,p95_energy,mean_vkm,std_vkm,min_vkm,max_vkm,p95_vkm,mean_vh,std_vh,min_vh,max_vh,p95_vh,mean_invalid_edges,std_invalid_edges,min_invalid_edges,max_invalid_edges,p95_invalid_edges,mean_delta_att,std_delta_att,min_delta_att,max_delta_att,p95_delta_att,mean_delta_CEF,std_delta_CEF,min_delta_CEF,max_delta_CEF,p95_delta_CEF,mean_delta_dun,std_delta_dun,min_delta_dun,max_delta_dun,p95_delta_dun,mean_delta_gc,std_delta_gc,min_delta_gc,max_delta_gc,p95_delta_gc,mean_delta_cost,std_delta_cost,min_delta_cost,max_delta_cost,p95_delta_cost,mean_delta_energy,std_delta_energy,min_delta_energy,max_delta_energy,p95_delta_energy,mean_delta_vkm,std_delta_vkm,min_delta_vkm,max_delta_vkm,p95_delta_vkm,mean_delta_vh,std_delta_vh,min_delta_vh,max_delta_vh,p95_delta_vh,mean_pct_delta_att,std_pct_delta_att,min_pct_delta_att,max_pct_delta_att,p95_pct_delta_att,mean_pct_delta_CEF,std_pct_delta_CEF,min_pct_delta_CEF,max_pct_delta_CEF,p95_pct_delta_CEF,mean_pct_delta_gc,std_pct_delta_gc,min_pct_delta_gc,max_pct_delta_gc,p95_pct_delta_gc,mean_pct_delta_cost,std_pct_delta_cost,min_pct_delta_cost,max_pct_delta_cost,p95_pct_delta_cost,mean_pct_delta_energy,std_pct_delta_energy,min_pct_delta_energy,max_pct_delta_energy,p95_pct_delta_energy
S1_service,area_closure,peripheral_area,10,16.425944310801462,1.5995988415494744,12.158381512867773,17.87569370667278,17.87569370667278,1.153020284903485,0.26943428965405025,0.7711398233713572,1.5892437236995836,1.5892437236995836,22.50924599736856,13.704404338795735,5.250014527178018,48.351324665440764,48.351324665440764,26.38530739788946,5.324926844368158,19.927904207263804,35.290437792782605,35.290437792782605,28956.831423438038,2133.200787235202,25469.157248306412,32893.26417954822,32893.26417954822,,,,,,18298.852278697545,1723.7467259254902,16340.488445805187,21872.475376435275,21872.475376435275,795.4305333600003,52.19918535214272,686.7138576,855.2935488,855.2935488,0.0,0.0,0.0,0.0,0.0,-1.567488382263727,1.5995988415494742,-5.835051180197414,-0.11773898639240699,-0.11773898639240699,-0.5330924394171308,0.26943428965405025,-0.9149729009492585,-0.09686900062103221,-0.09686900062103221,22.50924599736856,13.704404338795735,5.250014527178018,48.351324665440764,48.351324665440764,8.391874704824275,5.324926844368158,1.9344715141986164,17.297005099717417,17.297005099717417,-5569.361439637305,2133.200787235202,-9057.035614768934,-1632.9286835271269,-1632.9286835271269,,,,,,-4032.9162141466295,1723.7467259254902,-5991.28004703899,-459.2931164089023,-459.2931164089023,-130.16824823999997,52.19918535214272,-238.88492400000007,-70.3052328,-70.3052328,-0.08711447165208502,0.08889903715626048,-0.3242878265494215,-0.006543442176977411,-0.006543442176977411,-0.31616654789906135,0.15979613092749373,-0.54265227214742,-0.05745108213928198,-0.05745108213928198,0.46638542228012836,0.2959372419483041,0.10750986469325428,0.9612954567798406,0.9612954567798406,-0.16130829894058657,0.06178499887592854,-0.26232361183544056,-0.04729535891788091,-0.04729535891788091,,,,,
S1_service,combined_disruption,peripheral_area + central_area,3,16.905869608981558,0.9341036463827896,15.83656810012752,18.112286800237847,18.112286800237847,1.2182835663951224,0.16744648809241677,0.9928604632708439,1.3938107847537822,1.3938107847537822,21.24970848743592,6.728274775450545,13.078500963407327,29.557639555615623,29.557639555615623,26.099416139521903,2.520608377954492,23.590571774618038,29.546889816362224,29.546889816362224,31191.894941413757,1177.8331016497816,30343.998429707462,32857.51137036717,32857.51137036717,,,,,,20037.862356767193,786.1957822935642,19380.748557134324,21143.14752495895,21143.14752495895,842.3113920000001,30.852644889978546,816.8012351999998,885.7218528000002,885.7218528000002,0.0,0.0,0.0,0.0,0.0,-1.087563084083632,0.9341036463827896,-2.1568645929376675,0.11885410717265898,0.11885410717265898,-0.4678291579254934,0.16744648809241677,-0.6932522610497719,-0.2923019395668336,-0.2923019395668336,21.24970848743592,6.728274775450545,13.078500963407327,29.557639555615623,29.557639555615623,8.105983446456714,2.5206083779544914,5.59713908155285,11.553457123297036,11.553457123297036,-3334.297921661588,1177.8331016497816,-4182.194433367884,-1668.6814927081796,-1668.6814927081796,,,,,,-2293.9061360769833,786.1957822935642,-2951.0199357098536,-1188.6209678852283,-1188.6209678852283,-83.28738959999998,30.852644889978546,-108.79754640000021,-39.87692879999986,-39.87692879999986,-0.06044222370658531,0.05191358771374406,-0.11986954516849585,0.006605415942588114,0.006605415942588114,-0.2774601906370142,0.09930918952046096,-0.41115416012835293,-0.1733584803380276,-0.1733584803380276,0.4504967776149141,0.14008490880819838,0.3110656636245974,0.642092996949372,0.642092996949372,-0.09657299705428897,0.034114189951983856,-0.12113106272544188,-0.04833088604138514,-0.04833088604138514,,,,,
S1_service,combined_disruption,central + any_road,2,16.13178588518197,1.0245674353459098,15.107218449836061,17.15635332052788,17.15635332052788,1.2026687716025988,0.0355336415373223,1.1671351300652764,1.238202413139921,1.238202413139921,28.03260400921417,0.0652037140793098,27.967400295134862,28.09780772329348,28.09780772329348,28.4298566899242,0.7087507984849051,27.721105891439294,29.138607488409104,29.138607488409104,32100.60437236307,1002.7052954739811,31097.899076889087,33103.30966783705,33103.30966783705,,,,,,20440.886066453837,1080.5401203424753,19360.34594611136,21521.42618679631,21521.42618679631,874.8830844,7.681844400000045,867.20124,882.5649288000001,882.5649288000001,0.0,0.0,0.0,0.0,0.0,-1.8616468078832167,1.0245674353459098,-2.8862142432291265,-0.8370793725373069,-0.8370793725373069,-0.4834439527180171,0.0355336415373223,-0.5189775942553394,-0.4479103111806948,-0.4479103111806948,28.03260400921417,0.0652037140793098,27.967400295134862,28.09780772329348,28.09780772329348,10.436423996859011,0.7087507984849051,9.727673198374106,11.145174795343916,11.145174795343916,-2425.588490712278,1002.7052954739811,-3428.2937861862592,-1422.883195238297,-1422.883195238297,,,,,,-1890.8824263903425,1080.5401203424753,-2971.422546732818,-810.3423060478672,-810.3423060478672,-50.71569720000002,7.681844400000045,-58.39754160000007,-43.03385279999998,-43.03385279999998,-0.10346257101907576,0.05694118808918468,-0.16040375910826044,-0.04652138292989108,-0.04652138292989108,-0.2867210155909421,0.021074297717336682,-0.30779531330827875,-0.2656467178736054,-0.2656467178736054,0.5800129511075056,0.03938941560373094,0.5406235355037746,0.6194023667112365,0.6194023667112365,-0.07025357531691157,0.0290418726284282,-0.09929544794533976,-0.041211702688483356,-0.041211702688483356,,,,,
S1_service,demand_surge,peripheral_area,17,18.195807916747107,0.08668454254416953,18.132145214444503,18.3614770206727,18.3614770206727,1.7079777538236902,0.009365573738253714,1.7010995063842724,1.7258769797228746,1.7258769797228746,0.0,0.0,0.0,0.0,0.0,18.195807916747107,0.08668454254416953,18.132145214444503,18.3614770206727,18.3614770206727,34526.19286307535,0.0,34526.19286307535,34526.19286307535,34526.19286307535,,,,,,22331.768492844185,7.275957614183426e-12,22331.768492844178,22331.768492844178,22331.768492844178,925.5987815999998,2.2737367544323206e-13,925.5987816,925.5987816,925.5987816,0.0,0.0,0.0,0.0,0.0,0.20237522368192126,0.08668454254416953,0.13871252137931478,0.3680443276075138,0.3680443276075138,0.02186502950307488,0.009365573738253714,0.014986782063656667,0.03976425540225881,0.03976425540225881,0.0,0.0,0.0,0.0,0.0,0.20237522368192126,0.08668454254416953,0.13871252137931478,0.3680443276075138,0.3680443276075138,0.0,0.0,0.0,0.0,0.0,,,,,,0.0,0.0,0.0,0.0,0.0,0.0,0.0,0.0,0.0,0.0,0.011247171517190173,0.00481756560978931,0.007709063842652753,0.020454369874035264,0.020454369874035264,0.012967715140092392,0.005554535947190232,0.008888363065817726,0.023583390854416922,0.023583390854416922,0.011247171517190173,0.00481756560978931,0.007709063842652753,0.020454369874035264,0.020454369874035264,0.0,0.0,0.0,0.0,0.0,,,,,
S1_service,area_closure,central_area,8,15.860860552261471,0.9898394232857414,14.820027330828543,17.75803426406734,17.75803426406734,1.1649085559773669,0.12590628939234055,1.0054370752472597,1.4186511895833913,1.4186511895833913,32.703709888153796,7.7134196079453226,17.96740029513487,41.42262633771367,41.42262633771367,30.345640099796523,2.9751232033309947,25.347817340376075,34.00393608481181,34.00393608481181,31586.572061698855,1446.3473440280363,28768.615785923666,33167.50926182493,33167.50926182493,,,,,,20445.784955623567,1057.9341121911918,18453.30510040458,21414.50330928116,21414.50330928116,846.1080054,34.392820205304176,778.1095392000001,890.8837008,890.8837008,0.0,0.0,0.0,0.0,0.0,-2.1325721408037177,0.9898394232857415,-3.173405362236645,-0.23539842899784702,-0.23539842899784702,-0.521204168343249,0.12590628939234055,-0.6806756490733561,-0.26746153473722445,-0.26746153473722445,32.703709888153796,7.7134196079453226,17.96740029513487,41.42262633771367,41.42262633771367,12.352207406731335,2.9751232033309947,7.354384647310887,16.010503391746624,16.010503391746624,-2939.620801376489,1446.3473440280363,-5757.57707715168,-1358.6836012504136,-1358.6836012504136,,,,,,-1885.9835372206103,1057.9341121911918,-3878.4633924395966,-917.2651835630168,-917.2651835630168,-79.49077619999996,34.392820205304176,-147.48924239999997,-34.71508080000001,-34.71508080000001,-0.11851947191964252,0.05501114991066899,-0.17636464461056953,-0.01308246364178034,-0.01308246364178034,-0.3091158502188858,0.07467252193537173,-0.40369522111733086,-0.1586261291308341,-0.1586261291308341,0.6864842088464851,0.16534494857546722,0.40872604870694434,0.8897970534503513,0.8897970534503513,-0.0851417592734448,0.04189130697855941,-0.16675968589949064,-0.03935225660815566,-0.03935225660815566,,,,,
S1_service,combined_disruption,any_road + central_area,4,16.985008765711182,1.4886074166440195,14.406762301914595,17.86553337927705,17.86553337927705,1.3866280342297306,0.4080256451237327,0.6876753177604366,1.6688732140284344,1.6688732140284344,13.941924256399856,24.010484006047143,0.0,55.528959843140015,55.528959843140015,23.339519088464137,9.459861498039704,17.83386969082654,39.72421295447181,39.72421295447181,33046.83948228079,1924.577660451012,29826.502043064786,34526.19286307535,34526.19286307535,,,,,,21229.64597685098,1414.2454511065562,18874.194967830987,22331.768492844178,22331.768492844178,892.3957056,44.08714305936976,818.1747815999998,925.5987816,925.5987816,0.0,0.0,0.0,0.0,0.0,-1.008423927354007,1.4886074166440193,-3.5866703911505926,-0.1278993137881379,-0.1278993137881379,-0.2994846900908853,0.4080256451237327,-0.9984374065601792,-0.017239510292181404,-0.017239510292181404,13.941924256399856,24.010484006047143,0.0,55.528959843140015,55.528959843140015,5.346086395398951,9.459861498039706,-0.15956300223864872,21.730780261406622,21.730780261406622,-1479.3533807945587,1924.577660451012,-4699.690820010561,0.0,0.0,,,,,,-1102.1225159931946,1414.2454511065562,-3457.573525013191,0.0,0.0,-33.20307600000007,44.08714305936976,-107.4240000000002,0.0,0.0,-0.05604399919436504,0.0827305963257217,-0.19933219260230006,-0.007108110829649048,-0.007108110829649048,-0.17761842714967738,0.2419919138491397,-0.5921534142757146,-0.010224411478258495,-0.010224411478258495,0.29711320161046173,0.5257396773260286,-0.00886784667275553,1.2077062021512903,1.2077062021512903,-0.04284727791046662,0.055742539239224544,-0.13611957850808187,0.0,0.0,,,,,
S1_service,combined_disruption,central + central_area,1,15.033947362848604,0.0,15.033947362848604,15.033947362848604,15.033947362848604,1.2827080021359112,0.0,1.2827080021359112,1.2827080021359112,1.2827080021359112,24.606541331300967,0.0,24.606541331300967,24.606541331300967,24.606541331300967,26.09853769006381,0.0,26.09853769006381,26.09853769006381,26.09853769006381,33436.961261474324,0.0,33436.961261474324,33436.961261474324,33436.961261474324,,,,,,21582.339780842904,0.0,21582.339780842904,21582.339780842904,21582.339780842904,898.3938576,0.0,898.3938576,898.3938576,898.3938576,0.0,0.0,0.0,0.0,0.0,-2.9594853302165838,0.0,-2.9594853302165838,-2.9594853302165838,-2.9594853302165838,-0.4034047221847046,0.0,-0.4034047221847046,-0.4034047221847046,-0.4034047221847046,24.606541331300967,0.0,24.606541331300967,24.606541331300967,24.606541331300967,8.105104996998623,0.0,8.105104996998623,8.105104996998623,8.105104996998623,-1089.2316016010227,0.0,-1089.2316016010227,-1089.2316016010227,-1089.2316016010227,,,,,,-749.4287120012741,0.0,-749.4287120012741,-749.4287120012741,-749.4287120012741,-27.204924000000005,0.0,-27.204924000000005,-27.204924000000005,-27.204924000000005,-0.1644758607598645,0.0,-0.1644758607598645,-0.1644758607598645,-0.1644758607598645,-0.23925133614494734,0.0,-0.23925133614494734,-0.23925133614494734,-0.23925133614494734,0.45044795705504237,0.0,0.45044795705504237,0.45044795705504237,0.45044795705504237,-0.03154797883220773,0.0,-0.03154797883220773,-0.03154797883220773,-0.03154797883220773,,,,,
S1_service,combined_disruption,central_area + central_area,1,17.373616724141282,0.0,17.373616724141282,17.373616724141282,17.373616724141282,1.2655447293561044,0.0,1.2655447293561044,1.2655447293561044,1.2655447293561044,28.373870127348752,0.0,28.373870127348752,28.373870127348752,28.373870127348752,29.468371354819343,0.0,29.468371354819343,29.468371354819343,29.468371354819343,32128.61908947297,0.0,32128.61908947297,32128.61908947297,32128.61908947297,,,,,,20833.675225841213,0.0,20833.675225841213,20833.675225841213,20833.675225841213,858.9821616,0.0,858.9821616,858.9821616,858.9821616,0.0,0.0,0.0,0.0,0.0,-0.6198159689239056,0.0,-0.6198159689239056,-0.6198159689239056,-0.6198159689239056,-0.42056799496451136,0.0,-0.42056799496451136,-0.42056799496451136,-0.42056799496451136,28.373870127348752,0.0,28.373870127348752,28.373870127348752,28.373870127348752,11.474938661754155,0.0,11.474938661754155,11.474938661754155,11.474938661754155,-2397.5737736023766,0.0,-2397.5737736023766,-2397.5737736023766,-2397.5737736023766,,,,,,-1498.0932670029651,0.0,-1498.0932670029651,-1498.0932670029651,-1498.0932670029651,-66.61662000000001,0.0,-66.61662000000001,-66.61662000000001,-66.61662000000001,-0.034446788419798716,0.0,-0.034446788419798716,-0.034446788419798716,-0.034446788419798716,-0.24943053266736395,0.0,-0.24943053266736395,-0.24943053266736395,-0.24943053266736395,0.6377292680888338,0.0,0.6377292680888338,0.6377292680888338,0.6377292680888338,-0.06944217056049944,0.0,-0.06944217056049944,-0.06944217056049944,-0.06944217056049944,,,,,
S1_service,combined_disruption,peripheral + peripheral_area,2,18.06303719790609,0.20777344610848122,17.85526375179761,18.270810644014574,18.270810644014574,1.4645195862858489,0.23528522049939593,1.229234365786453,1.699804806785245,1.699804806785245,7.749591423125023,7.610561656975965,0.1390297661490582,15.360153080100988,15.360153080100988,21.328793196559204,2.9999665581671042,18.328826638392098,24.328759754726306,24.328759754726306,32784.51150027169,676.8693664310558,32107.642133840636,33461.38086670275,33461.38086670275,,,,,,21328.917633339617,359.9620220388224,20968.955611300793,21688.879655378438,21688.879655378438,873.4098552,21.605541600000038,851.8043136,895.0153968000001,895.0153968000001,0.0,0.0,0.0,0.0,0.0,0.06960450484090508,0.20777344610848125,-0.13816894126757617,0.27737795094938633,0.27737795094938633,-0.22159313803476677,0.23528522049939593,-0.4568783585341627,0.013692082464629163,0.013692082464629163,7.749591423125023,7.610561656975965,0.1390297661490582,15.360153080100988,15.360153080100988,3.335360503494014,2.9999665581671042,0.3353939453269099,6.335327061661118,6.335327061661118,-1741.6813628036543,676.8693664310558,-2418.55072923471,-1064.8119963725985,-1064.8119963725985,,,,,,-1002.8508595045623,359.9620220388224,-1362.8128815433847,-642.8888374657399,-642.8888374657399,-52.188926400000014,21.605541600000038,-73.79446800000005,-30.583384799999976,-30.583384799999976,0.00386832829667522,0.011547182222131455,-0.007678853925456235,0.015415510518806675,0.015415510518806675,-0.1314224931930652,0.13954299561685546,-0.27096548880992066,0.008120502423790263,0.008120502423790263,0.18536543640055345,0.1667256387005752,0.01863979769997825,0.35209107510112864,0.35209107510112864,-0.05044521907500339,0.01960451791239763,-0.07004973698740102,-0.03084070116260576,-0.03084070116260576,,,,,
S1_service,demand_surge,central_area,8,17.783393581392982,0.1335472327112675,17.4300608153581,17.83386969082654,17.83386969082654,1.6634196728197548,0.014428713802808111,1.6252448843589997,1.6688732140284344,1.6688732140284344,0.0,0.0,0.0,0.0,0.0,17.783393581392982,0.1335472327112675,17.4300608153581,17.83386969082654,17.83386969082654,34526.19286307535,0.0,34526.19286307535,34526.19286307535,34526.19286307535,,,,,,22331.76849284418,3.637978807091713e-12,22331.768492844178,22331.768492844178,22331.768492844178,925.5987815999999,1.1368683772161603e-13,925.5987816,925.5987816,925.5987816,0.0,0.0,0.0,0.0,0.0,-0.21003911167220357,0.1335472327112675,-0.5633718777070875,-0.15956300223864872,-0.15956300223864872,-0.022693051500860734,0.014428713802808107,-0.060867839961616044,-0.017239510292181404,-0.017239510292181404,0.0,0.0,0.0,0.0,0.0,-0.21003911167220357,0.1335472327112675,-0.5633718777070875,-0.15956300223864872,-0.15956300223864872,0.0,0.0,0.0,0.0,0.0,,,,,,0.0,0.0,0.0,0.0,0.0,0.0,0.0,0.0,0.0,0.0,-0.011673098471819349,0.007421998625239398,-0.03130986106526608,-0.00886784667275553,-0.00886784667275553,-0.013458798556902194,0.008557383853811945,-0.03609950810740811,-0.010224411478258495,-0.010224411478258495,-0.011673098471819349,0.007421998625239398,-0.03130986106526608,-0.00886784667275553,-0.00886784667275553,0.0,0.0,0.0,0.0,0.0,,,,,
S1_service,link_failure,any_road,58,17.7109246968076,0.7530399726850934,14.769995301979346,18.358993762208332,18.29819127367958,1.5550521630434844,0.14986776096928778,1.0512951635305348,1.6861127243206158,1.6861127243206158,5.828524480774909,8.086333389927926,0.0,30.554342765357724,25.532587867905264,20.224341842134127,2.9728415480903587,17.993432693065188,28.58972597019998,27.095302467246277,34086.119500209454,457.8405114086088,32735.65745849965,34526.19286307535,34526.19286307535,,,,,,22060.4457077446,354.38492724985264,20835.133565361546,22331.768492844178,22331.768492844178,913.2090518896547,12.953151982867016,865.7280096000001,925.5987816,925.5987816,0.0,0.0,0.0,0.0,0.0,-0.28250799625758927,0.7530399726850935,-3.2234373910858416,0.3655610691431441,0.30475858061439354,-0.1310605612771326,0.14986776096928778,-0.634817560790081,0.0,0.0,5.828524480774909,8.086333389927926,0.0,30.554342765357724,25.532587867905264,2.2309091490689497,2.972841548090359,0.0,10.59629327713479,9.10186977418109,-440.0733628658749,457.84051140860873,-1790.5354045756976,0.0,0.0,,,,,,-271.3227850995822,354.3849272498527,-1496.6349274826316,0.0,0.0,-12.38972971034481,12.953151982867011,-59.87077199999999,0.0,0.0,-0.015700617057159423,0.041850823327075376,-0.17914521626149635,0.020316360717765335,0.01693721180460746,-0.07772941831628764,0.0888835952706981,-0.37649769889843376,0.0,0.0,0.12398463301161872,0.16521814368617477,0.0,0.5888978194371265,0.505843989273321,-0.012746072658839815,0.013260671781111856,-0.05186020398126831,0.0,0.0,,,,,
S1_service,node_removal,central,9,16.645089927679138,1.2545053458415314,15.219450898644347,18.186273456993295,18.186273456993295,1.3843703987127651,0.14798935036710745,1.191863407154221,1.5833428455712464,1.5833428455712464,18.855324562522696,9.293821743896002,4.076082238892806,29.249974353253613,29.249974353253613,24.9081538665314,3.2600763434834543,19.890635338032,28.858968266617737,28.858968266617737,33248.990106297984,814.8604667652638,31438.221609638575,34226.2152136449,34226.2152136449,,,,,,21442.38817687248,628.2425244185237,19913.853690048218,22130.261117056125,22130.261117056125,894.1710869333335,18.00450056097156,861.5077031999999,917.8892400000001,917.8892400000001,0.0,0.0,0.0,0.0,0.0,-1.3483427653860527,1.2545053458415314,-2.773981794420841,0.1928407639281069,0.1928407639281069,-0.30174232560785075,0.14798935036710745,-0.49424931716639486,-0.10276987874936938,-0.10276987874936938,18.855324562522696,9.293821743896002,4.076082238892806,29.249974353253613,29.249974353253613,6.914721173466214,3.2600763434834543,1.8972026449668107,10.865535573552549,10.865535573552549,-1277.2027567773612,814.8604667652639,-3087.971253436772,-299.97764943044604,-299.97764943044604,,,,,,-889.3803159716974,628.2425244185235,-2417.91480279596,-201.50737578805274,-201.50737578805274,-31.42769466666669,18.00450056097156,-64.09107840000013,-7.709541599999966,-7.709541599999966,-0.07493527157303978,0.06972017886976217,-0.15416634734126944,0.01071728597970243,0.01071728597970243,-0.17895738597751917,0.08776954721502188,-0.2931294628391719,-0.06095077586866464,-0.06095077586866464,0.3842913851636104,0.1811814565399694,0.10543861626236598,0.603861184183061,0.603861184183061,-0.03699228472257329,0.02360122559695051,-0.08943851022564546,-0.008688407975362453,-0.008688407975362453,,,,,
S1_service,combined_disruption,central + peripheral_area,3,14.075568540943102,1.864127834625567,11.440756275303706,15.4690149220912,15.4690149220912,0.963556670301284,0.3772448700284585,0.44264622379844143,1.3238105307545216,1.3238105307545216,38.45816592459956,17.33149761117378,24.57710377593538,62.89321898119443,62.89321898119443,32.060014783332704,7.037679587218542,26.413441337135144,41.98122776668886,41.98122776668886,29771.387114177593,3415.2684530730144,25091.613812597112,33146.10674385597,33146.10674385597,,,,,,19145.08595672199,2362.407168345173,15893.26762374638,21434.854739819955,21434.854739819955,803.0732416000002,84.78143740983394,687.6110952000004,888.7901640000001,888.7901640000001,0.0,0.0,0.0,0.0,0.0,-3.917864152122084,1.864127834625567,-6.552676417761482,-2.5244177709739883,-2.5244177709739883,-0.7225560540193318,0.3772448700284585,-1.2434665005221743,-0.36230219356609417,-0.36230219356609417,38.45816592459956,17.33149761117378,24.57710377593538,62.89321898119443,62.89321898119443,14.066582090267516,7.037679587218542,8.420008644069956,23.987795073623673,23.987795073623673,-4754.80574889775,3415.268453073015,-9434.579050478234,-1380.086119219377,-1380.086119219377,,,,,,-3186.6825361221895,2362.407168345173,-6438.5008690977975,-896.9137530242224,-896.9137530242224,-122.52553999999986,84.78143740983394,-237.9876863999997,-36.808617599999934,-36.808617599999934,-0.2177385615604109,0.10360045614553673,-0.36417044649223246,-0.14029661899626963,-0.14029661899626963,-0.4285336582762999,0.22373644690953953,-0.7374753078998342,-0.2148742420006802,-0.2148742420006802,0.7817620089627972,0.39112490136086814,0.4679489893729446,1.3331416791232258,1.3331416791232258,-0.137715900729468,0.09891818847845035,-0.2732585978388661,-0.039972148817350055,-0.039972148817350055,,,,,
S1_service,node_removal,peripheral,8,17.305446619328144,0.8777443938685271,15.187448990314463,18.158841412581634,18.158841412581634,1.443106553900174,0.08667876448818153,1.2999441478027263,1.5891236582479997,1.5891236582479997,11.055179524348038,6.3555519902421675,0.456526433366166,19.652158379957807,19.652158379957807,22.062359023065536,2.2690907395202102,18.349857361559856,24.8416516306022,24.8416516306022,32948.12584365467,1042.0330535336554,30755.531300785282,34066.97104673828,34066.97104673828,,,,,,21238.59550181834,896.0108358076377,19166.1645919816,22107.412012422854,22107.412012422854,886.5138579,20.456727604881102,856.8110904,910.4123184,910.4123184,0.0,0.0,0.0,0.0,0.0,-0.6879860737370407,0.877744393868527,-2.8059837027507246,0.16540871951644576,0.16540871951644576,-0.2430061704204418,0.08667876448818153,-0.3861685765178895,-0.09698906607261604,-0.09698906607261604,11.055179524348038,6.3555519902421675,0.456526433366166,19.652158379957807,19.652158379957807,4.068926330000346,2.2690907395202102,0.35642466849466814,6.848218937537013,6.848218937537013,-1578.0670194206723,1042.0330535336554,-3770.6615622900645,-459.2218163370635,-459.2218163370635,,,,,,-1093.172991025836,896.0108358076377,-3165.6039008625776,-224.3564804213238,-224.3564804213238,-39.08492370000002,20.456727604881102,-68.78769120000004,-15.186463200000048,-15.186463200000048,-0.03823539874090817,0.04878137534072732,-0.15594488003571286,0.009192727276557719,0.009192727276557719,-0.14412213781160813,0.05140745528927013,-0.22902892015923082,-0.057522290576210305,-0.057522290576210305,0.2261339678430866,0.12610660668404514,0.019808597646408906,0.38059546804409206,0.38059546804409206,-0.045706372135468326,0.03018094284725138,-0.10921162310724,-0.013300679230932134,-0.013300679230932134,,,,,
S1_service,combined_disruption,central_area + peripheral_area,1,16.81088674823562,0.0,16.81088674823562,16.81088674823562,16.81088674823562,1.1128801244178061,0.0,1.1128801244178061,1.1128801244178061,1.1128801244178061,21.378452240968507,0.0,21.378452240968507,21.378452240968507,21.378452240968507,26.044050698061866,0.0,26.044050698061866,26.044050698061866,26.044050698061866,29800.83399790405,0.0,29800.83399790405,29800.83399790405,29800.83399790405,,,,,,18730.45459738006,0.0,18730.45459738006,18730.45459738006,18730.45459738006,823.1372400000001,0.0,823.1372400000001,823.1372400000001,823.1372400000001,0.0,0.0,0.0,0.0,0.0,-1.1825459448295668,0.0,-1.1825459448295668,-1.1825459448295668,-1.1825459448295668,-0.5732325999028096,0.0,-0.5732325999028096,-0.5732325999028096,-0.5732325999028096,21.378452240968507,0.0,21.378452240968507,21.378452240968507,21.378452240968507,8.050618004996679,0.0,8.050618004996679,8.050618004996679,8.050618004996679,-4725.358865171296,0.0,-4725.358865171296,-4725.358865171296,-4725.358865171296,,,,,,-3601.313895464118,0.0,-3601.313895464118,-3601.313895464118,-3601.313895464118,-102.46154159999992,0.0,-102.46154159999992,-102.46154159999992,-102.46154159999992,-0.065720975258119,0.0,-0.065720975258119,-0.065720975258119,-0.065720975258119,-0.3399728805995351,0.0,-0.3399728805995351,-0.3399728805995351,-0.3399728805995351,0.4474197971185037,0.0,0.4474197971185037,0.4474197971185037,0.4474197971185037,-0.1368630153898293,0.0,-0.1368630153898293,-0.1368630153898293,-0.1368630153898293,,,,,
S1_service,combined_disruption,peripheral_area + central,1,15.519051700951634,0.0,15.519051700951634,15.519051700951634,15.519051700951634,0.981223048017034,0.0,0.981223048017034,0.981223048017034,0.981223048017034,27.24998726630075,0.0,27.24998726630075,27.24998726630075,27.24998726630075,27.640104448372135,0.0,27.640104448372135,27.640104448372135,27.640104448372135,29735.38180084498,0.0,29735.38180084498,29735.38180084498,29735.38180084498,,,,,,19235.827197056227,0.0,19235.827197056227,19235.827197056227,19235.827197056227,797.0400024,0.0,797.0400024,797.0400024,797.0400024,0.0,0.0,0.0,0.0,0.0,-2.474380992113554,0.0,-2.474380992113554,-2.474380992113554,-2.474380992113554,-0.7048896763035818,0.0,-0.7048896763035818,-0.7048896763035818,-0.7048896763035818,27.24998726630075,0.0,27.24998726630075,27.24998726630075,27.24998726630075,9.646671755306947,0.0,9.646671755306947,9.646671755306947,9.646671755306947,-4790.811062230365,0.0,-4790.811062230365,-4790.811062230365,-4790.811062230365,,,,,,-3095.9412957879504,0.0,-3095.9412957879504,-3095.9412957879504,-3095.9412957879504,-128.5587792,0.0,-128.5587792,-128.5587792,-128.5587792,-0.13751578335951428,0.0,-0.13751578335951428,-0.13751578335951428,-0.13751578335951428,-0.41805608019926577,0.0,-0.41805608019926577,-0.41805608019926577,-0.41805608019926577,0.5361218128781425,0.0,0.5361218128781425,0.5361218128781425,0.5361218128781425,-0.13875874126144916,0.0,-0.13875874126144916,-0.13875874126144916,-0.13875874126144916,,,,,
S1_service,combined_disruption,peripheral_area + peripheral_area,1,17.141879416768674,0.0,17.141879416768674,17.141879416768674,17.141879416768674,1.504725242284989,0.0,1.504725242284989,1.504725242284989,1.504725242284989,10.798560026818521,0.0,10.798560026818521,10.798560026818521,10.798560026818521,21.769939294315172,0.0,21.769939294315172,21.769939294315172,21.769939294315172,32458.17551201943,0.0,32458.17551201943,32458.17551201943,32458.17551201943,,,,,,21492.857540024288,0.0,21492.857540024288,21492.857540024288,21492.857540024288,847.9938599999998,0.0,847.9938599999998,847.9938599999998,847.9938599999998,0.0,0.0,0.0,0.0,0.0,-0.8515532762965137,0.0,-0.8515532762965137,-0.8515532762965137,-0.8515532762965137,-0.1813874820356267,0.0,-0.1813874820356267,-0.1813874820356267,-0.1813874820356267,10.798560026818521,0.0,10.798560026818521,10.798560026818521,10.798560026818521,3.7765066012499844,0.0,3.7765066012499844,3.7765066012499844,3.7765066012499844,-2068.017351055918,0.0,-2068.017351055918,-2068.017351055918,-2068.017351055918,,,,,,-838.9109528198896,0.0,-838.9109528198896,-838.9109528198896,-838.9109528198896,-77.60492160000024,0.0,-77.60492160000024,-77.60492160000024,-77.60492160000024,-0.047325782179667646,0.0,-0.047325782179667646,-0.047325782179667646,-0.047325782179667646,-0.10757731640315629,0.0,-0.10757731640315629,-0.10757731640315629,-0.10757731640315629,0.20988249800192268,0.0,0.20988249800192268,0.20988249800192268,0.20988249800192268,-0.059897057264822154,0.0,-0.059897057264822154,-0.059897057264822154,-0.059897057264822154,,,,,
S1_service,combined_disruption,any_road + central,1,17.183035763794265,0.0,17.183035763794265,17.183035763794265,17.183035763794265,1.156762538195575,0.0,1.156762538195575,1.156762538195575,1.156762538195575,27.31521250212527,0.0,27.31521250212527,27.31521250212527,27.31521250212527,28.87858053187284,0.0,28.87858053187284,28.87858053187284,28.87858053187284,30906.85906535572,0.0,30906.85906535572,30906.85906535572,30906.85906535572,,,,,,19767.801353694642,0.0,19767.801353694642,19767.801353694642,19767.801353694642,838.4787768000002,0.0,838.4787768000002,838.4787768000002,838.4787768000002,0.0,0.0,0.0,0.0,0.0,-0.8103969292709223,0.0,-0.8103969292709223,-0.8103969292709223,-0.8103969292709223,-0.5293501861250407,0.0,-0.5293501861250407,-0.5293501861250407,-0.5293501861250407,27.31521250212527,0.0,27.31521250212527,27.31521250212527,27.31521250212527,10.88514783880765,0.0,10.88514783880765,10.88514783880765,10.88514783880765,-3619.333797719628,0.0,-3619.333797719628,-3619.333797719628,-3619.333797719628,,,,,,-2563.967139149536,0.0,-2563.967139149536,-2563.967139149536,-2563.967139149536,-87.12000479999983,0.0,-87.12000479999983,-87.12000479999983,-87.12000479999983,-0.04503848393437767,0.0,-0.04503848393437767,-0.04503848393437767,-0.04503848393437767,-0.31394709172741186,0.0,-0.31394709172741186,-0.31394709172741186,-0.31394709172741186,0.6049511521502439,0.0,0.6049511521502439,0.6049511521502439,0.6049511521502439,-0.10482863871128952,0.0,-0.10482863871128952,-0.10482863871128952,-0.10482863871128952,,,,,
S1_service,combined_disruption,peripheral_area + peripheral,1,17.319191471297103,0.0,17.319191471297103,17.319191471297103,17.319191471297103,1.4662925197457948,0.0,1.4662925197457948,1.4662925197457948,1.4662925197457948,12.880477553178444,0.0,12.880477553178444,12.880477553178444,12.880477553178444,22.81668343335175,0.0,22.81668343335175,22.81668343335175,22.81668343335175,32970.016518736506,0.0,32970.016518736506,32970.016518736506,32970.016518736506,,,,,,21823.363430420624,0.0,21823.363430420624,21823.363430420624,21823.363430420624,861.7403208000001,0.0,861.7403208000001,861.7403208000001,861.7403208000001,0.0,0.0,0.0,0.0,0.0,-0.6742412217680851,0.0,-0.6742412217680851,-0.6742412217680851,-0.6742412217680851,-0.219820204574821,0.0,-0.219820204574821,-0.219820204574821,-0.219820204574821,12.880477553178444,0.0,12.880477553178444,12.880477553178444,12.880477553178444,4.823250740286561,0.0,4.823250740286561,4.823250740286561,4.823250740286561,-1556.1763443388409,0.0,-1556.1763443388409,-1556.1763443388409,-1556.1763443388409,,,,,,-508.4050624235533,0.0,-508.4050624235533,-508.4050624235533,-508.4050624235533,-63.85846079999999,0.0,-63.85846079999999,-63.85846079999999,-63.85846079999999,-0.037471517151251695,0.0,-0.037471517151251695,-0.037471517151251695,-0.037471517151251695,-0.13037100153751166,0.0,-0.13037100153751166,-0.13037100153751166,-0.13037100153751166,0.2680561748590351,0.0,0.2680561748590351,0.2680561748590351,0.2680561748590351,-0.04507234117906818,0.0,-0.04507234117906818,-0.04507234117906818,-0.04507234117906818,,,,,
S1_service,combined_disruption,any_road + peripheral_area,2,18.058818856116368,0.07332635832813672,17.98549249778823,18.132145214444503,18.132145214444503,1.6319801088013364,0.06911939758293606,1.5628607112184003,1.7010995063842724,1.7010995063842724,3.5645219975620215,3.5645219975620215,0.0,7.129043995124043,7.129043995124043,19.55643521820005,1.424290003755548,18.132145214444503,20.9807252219556,20.9807252219556,34400.37445244759,125.81841062775857,34274.55604181983,34526.19286307535,34526.19286307535,,,,,,22251.009321559482,80.75917128469519,22170.250150274787,22331.768492844178,22331.768492844178,922.1981664,3.4006152000000043,918.7975512,925.5987816,925.5987816,0.0,0.0,0.0,0.0,0.0,0.06538616305117806,0.07332635832813672,-0.007940195276958661,0.13871252137931478,0.13871252137931478,-0.05413261551927939,0.06911939758293606,-0.12325201310221545,0.014986782063656667,0.014986782063656667,3.5645219975620215,3.5645219975620215,0.0,7.129043995124043,7.129043995124043,1.5630025251348627,1.424290003755548,0.13871252137931478,2.9872925288904106,2.9872925288904106,-125.81841062775857,125.81841062775857,-251.63682125551713,0.0,0.0,,,,,,-80.75917128469519,80.75917128469519,-161.51834256939037,0.0,0.0,-3.4006152000000043,3.4006152000000043,-6.801230400000009,0.0,0.0,0.0036338904402814926,0.00407517340237126,-0.0004412829620897671,0.007709063842652753,0.007709063842652753,-0.03210498013475998,0.0409933432005777,-0.07309832333533768,0.008888363065817726,0.008888363065817726,0.08686516640803377,0.07915610256538103,0.007709063842652753,0.1660212689734148,0.1660212689734148,-0.003644143770114814,0.003644143770114814,-0.007288287540229628,0.0,0.0,,,,,
S1_service,combined_disruption,central_area + any_road,2,16.517993833040197,1.3492833410740106,15.168710491966186,17.867277174114207,17.867277174114207,1.2957983313517838,0.3638705366782358,0.9319277946735479,1.6596688680300196,1.6596688680300196,24.956526074670393,24.956526074670393,0.0,49.913052149340785,49.913052149340785,27.706326288723627,9.83904911460942,17.867277174114207,37.54537540333305,37.54537540333305,31693.639270661788,2429.234433925918,29264.40483673587,34122.873704587706,34122.873704587706,,,,,,20580.304321327232,1459.161381407399,19121.14293991983,22039.46570273463,22039.46570273463,846.0775452,70.1058516,775.9716936000001,916.1833968000001,916.1833968000001,0.0,0.0,0.0,0.0,0.0,-1.4754388600249912,1.3492833410740106,-2.824722201099002,-0.12615551895098065,-0.12615551895098065,-0.390314392968832,0.3638705366782358,-0.7541849296470678,-0.0264438562905962,-0.0264438562905962,24.956526074670393,24.956526074670393,0.0,49.913052149340785,49.913052149340785,9.71289359565844,9.83904911460942,-0.12615551895098065,19.55194271026786,19.55194271026786,-2832.5535924135584,2429.234433925918,-5261.788026339476,-403.3191584876404,-403.3191584876404,,,,,,-1751.4641715169473,1459.161381407399,-3210.6255529243463,-292.30279010954837,-292.30279010954837,-79.52123639999996,70.1058516,-149.62708799999996,-9.41538479999997,-9.41538479999997,-0.08199874282985686,0.07498754484985153,-0.1569862876797084,-0.0070111979800053376,-0.0070111979800053376,-0.2314877216326691,0.2158043951805476,-0.4472921168132167,-0.015683326452121525,-0.015683326452121525,0.539802146780023,0.5468133447600284,-0.0070111979800053376,1.0866154915400514,1.0866154915400514,-0.0820407162656756,0.0703591746579133,-0.1523998909235889,-0.011681541607762299,-0.011681541607762299,,,,,
S1_service,combined_disruption,any_road + peripheral,2,18.615941772407922,0.2017721972630806,18.41416957514484,18.817713969671,18.817713969671,1.5832580956550173,0.03872944324643712,1.5445286524085802,1.6219875389014544,1.6219875389014544,3.608698085066851,2.2391331327984947,1.369564952268356,5.8478312178653455,5.8478312178653455,20.104849541068294,1.1211350073148871,18.983714533753407,21.22598454838318,21.22598454838318,33527.17867402207,494.6690056196676,33032.5096684024,34021.84767964174,34021.84767964174,,,,,,21686.139176527584,401.5055750245847,21284.633601503,22087.64475155217,22087.64475155217,898.7926295999999,9.636919199999966,889.1557104,908.4295487999999,908.4295487999999,0.0,0.0,0.0,0.0,0.0,0.6225090793427324,0.2017721972630806,0.42073688207965176,0.824281276605813,0.824281276605813,-0.10285462866559847,0.03872944324643712,-0.1415840719120356,-0.06412518541916135,-0.06412518541916135,3.608698085066851,2.2391331327984947,1.369564952268356,5.8478312178653455,5.8478312178653455,2.111416848003106,1.1211350073148871,0.990281840688219,3.2325518553179933,3.2325518553179933,-999.0141890532759,494.6690056196676,-1493.6831946729435,-504.3451834336083,-504.3451834336083,,,,,,-645.6293163165938,401.5055750245847,-1047.1348913411784,-244.12374129200907,-244.12374129200907,-26.80615200000011,9.636919199999966,-36.44307120000008,-17.169232800000145,-17.169232800000145,0.034596460273122444,0.011213657821992198,0.023382802451130245,0.04581011809511464,0.04581011809511464,-0.06100103936232473,0.02296966429812239,-0.08397070366044712,-0.038031375064202344,-0.038031375064202344,0.11734374891217188,0.06230801128608336,0.055035737626088516,0.17965176019825524,0.17965176019825524,-0.02893496520207675,0.014327354527081384,-0.04326231972915814,-0.014607610674995369,-0.014607610674995369,,,,,
S1_service,combined_disruption,central_area + peripheral,2,17.153460404771728,0.6136767065623907,16.539783698209337,17.76713711133412,17.76713711133412,1.1777454404932923,0.4660054588496806,0.7117399816436119,1.643750899342973,1.643750899342973,20.229786156587142,17.882094113381175,2.347692043205967,38.11188026996832,38.11188026996832,25.93096198660323,7.172327313613815,18.758634672989412,33.10328930021704,33.10328930021704,30603.878289235996,3155.2960951681525,27448.582194067843,33759.17438440415,33759.17438440415,,,,,,19783.358354544995,2411.101671960194,17372.2566825848,22194.46002650519,22194.46002650519,820.9550892,68.13415319999996,752.8209360000001,889.0892424,889.0892424,0.0,0.0,0.0,0.0,0.0,-0.8399722882934597,0.6136767065623907,-1.4536489948558504,-0.226295581731069,-0.226295581731069,-0.5083672838273233,0.4660054588496806,-0.9743727426770039,-0.04236182497764274,-0.04236182497764274,20.229786156587142,17.882094113381175,2.347692043205967,38.11188026996832,38.11188026996832,7.93752929353804,7.172327313613815,0.7652019799242247,15.109856607151855,15.109856607151855,-3922.3145738393505,3155.2960951681525,-7077.610669007503,-767.018478671198,-767.018478671198,,,,,,-2548.410138299183,2411.101671960194,-4959.511810259377,-137.3084663389891,-137.3084663389891,-104.64369240000002,68.13415319999996,-172.77784559999998,-36.50953920000006,-36.50953920000006,-0.04668215913115854,0.03410559380361629,-0.08078775293477483,-0.01257656532754226,-0.01257656532754226,-0.30150254872915416,0.2763785909020097,-0.5778811396311639,-0.02512395782714442,-0.02512395782714442,0.44113479784194964,0.3986080608386685,0.04252673700328118,0.8397428586806182,0.8397428586806182,-0.11360402779983714,0.09138847447448051,-0.20499250227431765,-0.022215553325356633,-0.022215553325356633,,,,,
S1_service,combined_disruption,peripheral + central_area,1,16.47803637369029,0.0,16.47803637369029,16.47803637369029,16.47803637369029,1.1998576631147901,0.0,1.1998576631147901,1.1998576631147901,1.1998576631147901,19.0179074228257,0.0,19.0179074228257,19.0179074228257,19.0179074228257,24.755003124737748,0.0,24.755003124737748,24.755003124737748,24.755003124737748,32671.231757836948,0.0,32671.231757836948,32671.231757836948,32671.231757836948,,,,,,21771.63948129618,0.0,21771.63948129618,21771.63948129618,21771.63948129618,847.4400095999999,0.0,847.4400095999999,847.4400095999999,847.4400095999999,0.0,0.0,0.0,0.0,0.0,-1.5153963193748972,0.0,-1.5153963193748972,-1.5153963193748972,-1.5153963193748972,-0.4862550612058256,0.0,-0.4862550612058256,-0.4862550612058256,-0.4862550612058256,19.0179074228257,0.0,19.0179074228257,19.0179074228257,19.0179074228257,6.76157043167256,0.0,6.76157043167256,6.76157043167256,6.76157043167256,-1854.9611052383989,0.0,-1854.9611052383989,-1854.9611052383989,-1854.9611052383989,,,,,,-560.1290115479969,0.0,-560.1290115479969,-560.1290115479969,-560.1290115479969,-78.15877200000011,0.0,-78.15877200000011,-78.15877200000011,-78.15877200000011,-0.08421941189459324,0.0,-0.08421941189459324,-0.08421941189459324,-0.08421941189459324,-0.2883882282554697,0.0,-0.2883882282554697,-0.2883882282554697,-0.2883882282554697,0.3757799052027756,0.0,0.3757799052027756,0.3757799052027756,0.3757799052027756,-0.0537261989062866,0.0,-0.0537261989062866,-0.0537261989062866,-0.0537261989062866,,,,,
S1_service,combined_disruption,peripheral_area + any_road,2,18.096715004741945,0.04209906821923859,18.054615936522705,18.138814072961182,18.138814072961182,1.6341795378846178,0.00013049898258488124,1.634049038902033,1.6343100368672028,1.6343100368672028,1.8825035408992723,0.8439949141768649,1.0385086267224073,2.726498455076137,2.726498455076137,18.885901142525476,0.3123550424636896,18.573546100061787,19.198256184989166,19.198256184989166,34335.83863448416,55.67293541827166,34280.16569906588,34391.511569902425,34391.511569902425,,,,,,22275.390312105188,17.875774272841227,22257.514537832347,22293.26608637803,22293.26608637803,917.5292436,2.298462000000029,915.2307816,919.8277056000001,919.8277056000001,0.0,0.0,0.0,0.0,0.0,0.10328231167675561,0.04209906821923859,0.06118324345751702,0.1453813798959942,0.1453813798959942,-0.05193318643599787,0.00013049898258488124,-0.05206368541858275,-0.05180268745341299,-0.05180268745341299,1.8825035408992723,0.8439949141768649,1.0385086267224073,2.726498455076137,2.726498455076137,0.8924684494602886,0.3123550424636896,0.580113406996599,1.2048234919239782,1.2048234919239782,-190.35422859119353,55.67293541827166,-246.0271640094652,-134.68129317292187,-134.68129317292187,,,,,,-56.37818073898961,17.875774272841227,-74.25395501183084,-38.502406466148386,-38.502406466148386,-8.069538000000023,2.298462000000029,-10.368000000000052,-5.771075999999994,-5.771075999999994,0.005740000445638226,0.0023396907603663586,0.0034003096852718677,0.008079691206004585,0.008079691206004585,-0.03080054238777142,7.739635713707206e-05,-0.03087793874490849,-0.030723146030634346,-0.030723146030634346,0.04959967698682937,0.0173593914953245,0.03224028549150487,0.06695906848215387,0.06695906848215387,-0.005513328079528029,0.0016124840534564725,-0.0071258121329845015,-0.0039008440260715565,-0.0039008440260715565,,,,,
S2_energy,area_closure,peripheral_area,10,17.65268321349512,1.4265843240199736,13.675798263161903,18.697529256029043,18.697529256029043,1.3493801551178297,0.3047160001848538,0.8728893203620263,1.774382899857093,1.774382899857093,19.840145553999673,13.342704962217915,5.0543603414496605,46.63187653736985,46.63187653736985,26.179088199172476,5.107374722157792,20.66883948863811,35.277642824006385,35.277642824006385,30239.987878184893,1917.5605114618515,27003.686633831338,32710.334451035902,32710.334451035902,22362.58131495734,1478.5720899588491,19599.155587547004,24742.17354695385,24742.17354695385,18635.484429131116,1232.1434082990406,16332.62965628917,20618.477955794875,20618.477955794875,851.7555741600002,54.92153204259566,761.7046175999999,910.5119976,910.5119976,0.0,0.0,0.0,0.0,0.0,-1.6378659904186832,1.4265843240199734,-5.6147509407518985,-0.5930199478847591,-0.5930199478847591,-0.5377898722956097,0.30471600018485384,-1.0142807070514133,-0.11278712755634657,-0.11278712755634657,19.840145553999673,13.342704962217915,5.0543603414496605,46.63187653736985,46.63187653736985,6.888538995258672,5.107374722157792,1.378290284724308,15.987093620092583,15.987093620092583,-4103.275256378127,1917.5605114618515,-7339.576500731684,-1632.9286835271196,-1632.9286835271196,-2930.7439716871936,1478.5720899588491,-5694.169699097529,-551.151739690682,-551.151739690682,-2442.2866430726613,1232.1434082990406,-4745.141415914608,-459.2931164089023,-459.2931164089023,-119.41366344000002,54.92153204259565,-209.4646200000002,-60.657240000000115,-60.657240000000115,-0.08490509902571262,0.07395249917148745,-0.2910622648116591,-0.030741475611510482,-0.030741475611510482,-0.28497160535805344,0.16146716817164503,-0.5374612209380991,-0.05976521771646242,-0.05976521771646242,0.3570939801890698,0.26476046213974935,0.07144899142864583,0.8287526420890604,0.8287526420890604,-0.11947831632366337,0.05583512853593754,-0.21371226350780695,-0.04754727811183853,-0.04754727811183853,-0.11587025187371051,0.05845700686653367,-0.22512538919128136,-0.021790402544726018,-0.021790402544726018
S2_energy,combined_disruption,peripheral_area + central_area,3,18.999617672331667,0.2925768960332178,18.67624048879321,19.3848510202767,19.3848510202767,1.398910442622616,0.08969620734313255,1.2866468281416912,1.5061868983159914,1.5061868983159914,14.311079977819352,1.3703654313062468,12.89873086209236,16.16651717079182,16.16651717079182,24.864063767271556,0.7717426153204701,24.234269136968326,25.950906054026348,25.950906054026348,31486.51186393546,933.464447872044,30781.400486212817,32805.580497312345,32805.580497312345,22949.50678310318,862.4141228069324,22077.26724931922,24123.89196676851,24123.89196676851,19124.588985919316,718.6784356724431,18397.722707766017,20103.243305640426,20103.243305640426,899.2689264,22.057526929471713,876.3507696000003,929.0547696000001,929.0547696000001,0.0,0.0,0.0,0.0,0.0,-0.29093153158213525,0.2925768960332178,-0.6143087151205933,0.09430181636289703,0.09430181636289703,-0.4882595847908235,0.08969620734313256,-0.6005231992717484,-0.38098312909744814,-0.38098312909744814,14.311079977819352,1.3703654313062468,12.89873086209236,16.16651717079182,16.16651717079182,5.573514563357752,0.7717426153204701,4.943719933054524,6.660356850112546,6.660356850112546,-2856.751270627563,933.464447872044,-3561.862648350205,-1537.6826372506766,-1537.6826372506766,-2343.818503541353,862.4141228069324,-3216.058037325314,-1169.4333198760214,-1169.4333198760214,-1953.1820862844604,718.6784356724431,-2680.04836443776,-974.5277665633512,-974.5277665633512,-71.90031119999992,22.057526929471713,-94.81846799999983,-42.11446799999999,-42.11446799999999,-0.015081557736215672,0.015166851546863052,-0.03184506094808115,0.004888498267522856,0.004888498267522856,-0.25872580514646765,0.04752947855264024,-0.31821361644601104,-0.20188065916859896,-0.20188065916859896,0.28892461818696996,0.04000625421094251,0.25627678511358853,0.34526527885277863,0.34526527885277863,-0.08318228991328816,0.02718042383493275,-0.10371357649953625,-0.04477392352688684,-0.04477392352688684,-0.09266549482835078,0.03409651016753844,-0.1271504636451842,-0.046234858668168455,-0.046234858668168455
S2_energy,combined_disruption,central + any_road,2,19.559975132937474,0.3213548875889227,19.23862024534855,19.881330020526395,19.881330020526395,1.5118918663435443,0.07142734431704034,1.440464522026504,1.5833192106605847,1.5833192106605847,9.706511547492395,1.869568897921647,7.836942649570749,11.576080445414043,11.576080445414043,23.491298767498005,0.4658915889097095,23.025407178588296,23.957190356407715,23.957190356407715,32699.396491859807,61.60003220565159,32637.796459654153,32760.996524065456,32760.996524065456,24031.7587053897,171.50591190847808,23860.252793481224,24203.26461729818,24203.26461729818,20026.46558782475,142.92159325706416,19883.543994567688,20169.387181081816,20169.387181081816,926.5680012000001,2.9298467999999502,923.6381544000002,929.4978480000001,929.4978480000001,0.0,0.0,0.0,0.0,0.0,0.26942592902367046,0.3213548875889227,-0.05192895856525226,0.5907808166125932,0.5907808166125932,-0.3752781610698952,0.07142734431704034,-0.44670550538693554,-0.30385081675285486,-0.30385081675285486,9.706511547492395,1.869568897921647,7.836942649570749,11.576080445414043,11.576080445414043,4.200749563584203,0.4658915889097095,3.734857974674494,4.666641152493913,4.666641152493913,-1643.8666427032167,61.60003220565159,-1705.4666749088683,-1582.2666104975651,-1582.2666104975651,-1261.5665812548305,171.50591190847808,-1433.0724931633085,-1090.0606693463524,-1090.0606693463524,-1051.305484379025,142.92159325706416,-1194.2270776360892,-908.3838911219609,-908.3838911219609,-44.60123639999995,2.9298467999999502,-47.5310831999999,-41.6713896,-41.6713896,0.013966731904605775,0.016658669703593715,-0.002691937798987939,0.03062540160819949,0.03062540160819949,-0.1988576310658412,0.03784891836955405,-0.23670654943539526,-0.16100871269628717,-0.16100871269628717,0.2177620512085745,0.024151286932524774,0.19361076427604973,0.24191333814109928,0.24191333814109928,-0.04786576733440426,0.0017936569383139762,-0.04965942427271824,-0.046072110396090285,-0.046072110396090285,-0.04987745055099446,0.006780678695459518,-0.05665812924645398,-0.04309677185553494,-0.04309677185553494
S2_energy,demand_surge,peripheral_area,17,19.58194461594717,0.12481507139078958,19.49027816077978,19.82048773363374,19.82048773363374,1.907578734235046,0.00874177867508839,1.9011586132186167,1.9242857802355466,1.9242857802355466,0.0,0.0,0.0,0.0,0.0,19.58194461594717,0.12481507139078958,19.49027816077978,19.82048773363374,19.82048773363374,34343.26313456301,1.4551915228366852e-11,34343.26313456302,34343.26313456302,34343.26313456302,25293.32528664453,3.637978807091713e-12,25293.325286644533,25293.325286644533,25293.325286644533,21077.771072203777,0.0,21077.771072203777,21077.771072203777,21077.771072203777,971.1692375999996,4.547473508864641e-13,971.1692376000001,971.1692376000001,971.1692376000001,0.0,0.0,0.0,0.0,0.0,0.291395412033366,0.12481507139078958,0.1997289568659788,0.5299385297199386,0.5299385297199386,0.0204087068216069,0.00874177867508839,0.013988585805177145,0.037115752822107106,0.037115752822107106,0.0,0.0,0.0,0.0,0.0,0.291395412033366,0.12481507139078958,0.1997289568659788,0.5299385297199386,0.5299385297199386,0.0,0.0,0.0,0.0,0.0,0.0,0.0,0.0,0.0,0.0,0.0,0.0,0.0,0.0,0.0,0.0,0.0,0.0,0.0,0.0,0.015105604768071905,0.006470270497299591,0.010353720609751038,0.02747140706664904,0.02747140706664904,0.01081445048678477,0.004632215724128417,0.007412467134373653,0.01966741326057306,0.01966741326057306,0.015105604768071905,0.006470270497299591,0.010353720609751038,0.02747140706664904,0.02747140706664904,0.0,0.0,0.0,0.0,0.0,0.0,0.0,0.0,0.0,0.0
S2_energy,area_closure,central_area,8,18.761710452329066,1.2352276288715967,16.804199744936344,20.79568257885124,20.79568257885124,1.315143635935791,0.15733429063977236,1.064056766527015,1.4638571639852664,1.4638571639852664,21.770040956158937,11.983001302369297,10.380411194464036,40.20976784392899,40.20976784392899,27.87007778696396,4.164542830864543,24.146538362782884,34.62748086905674,34.62748086905674,31576.767400772573,1155.8775535105522,29344.526455221927,32743.362453444963,32743.362453444963,23075.132739258854,1103.0000639817833,21050.373682832887,24212.40374496744,24212.40374496744,19229.27728271571,919.1667199848197,17541.978069027406,20177.0031208062,20177.0031208062,899.6303097000001,24.462119524607303,850.6080000000001,927.4375416000001,927.4375416000001,0.0,0.0,0.0,0.0,0.0,-0.5288387515847379,1.2352276288715967,-2.4863494589774575,1.5051333749374365,1.5051333749374365,-0.5720263914776487,0.1573342906397724,-0.8231132608864244,-0.4233128634281731,-0.4233128634281731,21.770040956158937,11.983001302369297,10.380411194464036,40.20976784392899,40.20976784392899,8.579528583050157,4.164542830864543,4.8559891588690824,15.336931665142938,15.336931665142938,-2766.4957337904493,1155.8775535105522,-4998.736679341095,-1599.9006811180589,-1599.9006811180589,-2218.1925473856786,1103.0000639817833,-4242.951603811645,-1080.921541677093,-1080.921541677093,-1848.493789488065,919.1667199848197,-3535.7930031763717,-900.7679513975781,-900.7679513975781,-71.53892789999996,24.462119524607303,-120.56123760000003,-43.73169599999994,-43.73169599999994,-0.02741439582639997,0.06403278703029279,-0.12888951126767348,0.07802439210139567,0.07802439210139567,-0.30311333010182956,0.08337049039265168,-0.43616274576731473,-0.2243109297408495,-0.2243109297408495,0.44475294572274193,0.21588513560928643,0.25172892215447473,0.7950489902087015,0.7950489902087015,-0.08055424794524697,0.03365660243121389,-0.14555217597568273,-0.04658557560035466,-0.04658557560035466,-0.08769873167119455,0.043608345343354005,-0.16774985320146985,-0.042735446186976646,-0.042735446186976646
S2_energy,combined_disruption,any_road + central_area,4,18.507537239137445,0.31419153703047575,18.205526754113006,19.026684760204308,19.026684760204308,1.5420082284598138,0.4500805325338133,0.7654364990522439,1.851303397384005,1.851303397384005,13.462009098232707,20.506273177858365,0.4674610174194912,48.94427265220084,48.94427265220084,24.131104441731395,8.391396286346279,19.05403852180518,38.66152769313107,38.66152769313107,33126.36035308296,1264.5408481318711,30939.911654504358,33927.753767473565,33927.753767473565,24321.237523624433,1008.0712132023122,22585.698612156535,25017.58856081035,25017.58856081035,20267.697936353696,840.0593443352607,18821.415510130446,20847.99046734196,20847.99046734196,939.5667780000001,33.02015868162389,882.3766248000001,959.1175464,959.1175464,0.0,0.0,0.0,0.0,0.0,-0.7830119647763585,0.31419153703047575,-1.085022449800796,-0.2638644437094939,-0.2638644437094939,-0.34516179895362586,0.45008053253381325,-1.1217335283611956,-0.035866630029434576,-0.035866630029434576,13.462009098232707,20.506273177858365,0.4674610174194912,48.94427265220084,48.94427265220084,4.840555237817592,8.391396286346279,-0.23651068210862292,19.37097848921727,19.37097848921727,-1216.902781480063,1264.5408481318711,-3403.3514800586636,-415.50936708945665,-415.50936708945665,-972.0877630200957,1008.0712132023123,-2707.6266744879977,-275.73672583418374,-275.73672583418374,-810.0731358500789,840.0593443352607,-2256.3555620733314,-229.78060486181857,-229.78060486181857,-31.60245960000003,33.02015868162389,-88.79261280000003,-12.05169120000005,-12.05169120000005,-0.04059044439323145,0.016287329806386766,-0.056246322400227936,-0.01367843086893344,-0.01367843086893344,-0.18289915266760864,0.2384949559371155,-0.5943998219909452,-0.019005510636788504,-0.019005510636788504,0.2509288453454454,0.43500038270780667,-0.012260443163569338,1.0041693621292622,1.0041693621292622,-0.03543352233921456,0.036820637665593244,-0.09909808123717674,-0.012098715415055842,-0.012098715415055842,-0.038432580611825716,0.03985522669629356,-0.10704905914121493,-0.01090156089439846,-0.01090156089439846
S2_energy,combined_disruption,central + central_area,1,19.1230266113197,0.0,19.1230266113197,19.1230266113197,19.1230266113197,1.4714309346803254,0.0,1.4714309346803254,1.4714309346803254,1.4714309346803254,11.839703899762107,0.0,11.839703899762107,11.839703899762107,11.839703899762107,23.962739223723997,0.0,23.962739223723997,23.962739223723997,23.962739223723997,33254.031532962006,0.0,33254.031532962006,33254.031532962006,33254.031532962006,24394.010832243,0.0,24394.010832243,24394.010832243,24394.010832243,20328.3423602025,0.0,20328.3423602025,20328.3423602025,20328.3423602025,943.9643136000001,0.0,943.9643136000001,943.9643136000001,943.9643136000001,0.0,0.0,0.0,0.0,0.0,-0.16752259259410351,0.0,-0.16752259259410351,-0.16752259259410351,-0.16752259259410351,-0.41573909273311416,0.0,-0.41573909273311416,-0.41573909273311416,-0.41573909273311416,11.839703899762107,0.0,11.839703899762107,11.839703899762107,11.839703899762107,4.672190019810195,0.0,4.672190019810195,4.672190019810195,4.672190019810195,-1089.2316016010154,0.0,-1089.2316016010154,-1089.2316016010154,-1089.2316016010154,-899.314454401534,0.0,-899.314454401534,-899.314454401534,-899.314454401534,-749.4287120012777,0.0,-749.4287120012777,-749.4287120012777,-749.4287120012777,-27.204924000000005,0.0,-27.204924000000005,-27.204924000000005,-27.204924000000005,-0.00868417953388882,0.0,-0.00868417953388882,-0.00868417953388882,-0.00868417953388882,-0.22029763439117742,0.0,-0.22029763439117742,-0.22029763439117742,-0.22029763439117742,0.24220098507419727,0.0,0.24220098507419727,0.24220098507419727,0.24220098507419727,-0.03171601945141939,0.0,-0.03171601945141939,-0.03171601945141939,-0.03171601945141939,-0.035555406187591836,0.0,-0.035555406187591836,-0.035555406187591836,-0.035555406187591836
S2_energy,combined_disruption,central_area + central_area,1,18.824200690651306,0.0,18.824200690651306,18.824200690651306,18.824200690651306,1.3063793309130913,0.0,1.3063793309130913,1.3063793309130913,1.3063793309130913,23.454517645698974,0.0,23.454517645698974,23.454517645698974,23.454517645698974,28.481785805420095,0.0,28.481785805420095,28.481785805420095,28.481785805420095,31296.096372083357,0.0,31296.096372083357,31296.096372083357,31296.096372083357,23010.513714125034,0.0,23010.513714125034,23010.513714125034,23010.513714125034,19175.428095104195,0.0,19175.428095104195,19175.428095104195,19175.428095104195,886.430772,0.0,886.430772,886.430772,886.430772,0.0,0.0,0.0,0.0,0.0,-0.4663485132624956,0.0,-0.4663485132624956,-0.4663485132624956,-0.4663485132624956,-0.5807906965003482,0.0,-0.5807906965003482,-0.5807906965003482,-0.5807906965003482,23.454517645698974,0.0,23.454517645698974,23.454517645698974,23.454517645698974,9.191236601506294,0.0,9.191236601506294,9.191236601506294,9.191236601506294,-3047.1667624796646,0.0,-3047.1667624796646,-3047.1667624796646,-3047.1667624796646,-2282.8115725194984,0.0,-2282.8115725194984,-2282.8115725194984,-2282.8115725194984,-1902.3429770995826,0.0,-1902.3429770995826,-1902.3429770995826,-1902.3429770995826,-84.73846560000004,0.0,-84.73846560000004,-84.73846560000004,-84.73846560000004,-0.024174973368196254,0.0,-0.024174973368196254,-0.024174973368196254,-0.024174973368196254,-0.3077574824015097,0.0,-0.3077574824015097,-0.3077574824015097,-0.3077574824015097,0.47646318953125044,0.0,0.47646318953125044,0.47646318953125044,0.47646318953125044,-0.08872676863990246,0.0,-0.08872676863990246,-0.08872676863990246,-0.08872676863990246,-0.09025351734692141,0.0,-0.09025351734692141,-0.09025351734692141,-0.09025351734692141
S2_energy,combined_disruption,peripheral + peripheral_area,2,18.628982553193726,1.0527104571348644,17.57627209605886,19.68169301032859,19.68169301032859,1.4741625302949453,0.4260730759066338,1.0480894543883115,1.900235606201579,1.900235606201579,12.107669420950298,11.96863965480124,0.1390297661490582,24.07630907575154,24.07630907575154,23.764043702959587,4.026296244707996,19.73774745825159,27.790339947667583,27.790339947667583,31764.47559795472,1513.9755402357132,30250.500057719004,33278.45113819043,33278.45113819043,23520.327565732074,1001.5311159535704,22518.796449778503,24521.858681685644,24521.858681685644,19600.272971443395,834.609263294642,18765.663708148753,20434.882234738037,20434.882234738037,893.5698456,47.01600720000005,846.5538384,940.5858528000001,940.5858528000001,0.0,0.0,0.0,0.0,0.0,-0.6615666507200757,1.0527104571348644,-1.7142771078549401,0.39114380641478874,0.39114380641478874,-0.41300749711849427,0.4260730759066338,-0.8390805730251281,0.01306557878813952,0.01306557878813952,12.107669420950298,11.96863965480124,0.1390297661490582,24.07630907575154,24.07630907575154,4.473494499045785,4.026296244707996,0.44719825433778837,8.499790743753781,8.499790743753781,-2578.7875366083044,1513.9755402357132,-4092.7630768440176,-1064.8119963725912,-1064.8119963725912,-1772.997720912459,1001.5311159535704,-2774.5288368660295,-771.4666049588886,-771.4666049588886,-1477.498100760382,834.609263294642,-2312.107364055024,-642.8888374657399,-642.8888374657399,-77.59939200000002,47.01600720000005,-124.61539920000007,-30.583384799999976,-30.583384799999976,-0.034294858260741086,0.05457130566926955,-0.08886616393001064,0.02027644740852846,0.02027644740852846,-0.21885017837240847,0.22577354966293667,-0.44462372803534517,0.006923371290528198,0.006923371290528198,0.23190083660957517,0.20871859075381394,0.023182245855761206,0.4406194273633891,0.4406194273633891,-0.07508859966230219,0.044083625201940986,-0.11917222486424318,-0.031004974460361212,-0.031004974460361212,-0.0700974545979782,0.03959665661210637,-0.10969411121008457,-0.03050079798587183,-0.03050079798587183
S2_energy,demand_surge,central_area,8,18.988118736511115,0.19229157697179955,18.4793630446313,19.060798121065375,19.060798121065375,1.8659884490897716,0.013467687741878865,1.8303562965896873,1.871078756589784,1.871078756589784,0.0,0.0,0.0,0.0,0.0,18.988118736511115,0.19229157697179955,18.4793630446313,19.060798121065375,19.060798121065375,34343.26313456302,0.0,34343.26313456302,34343.26313456302,34343.26313456302,25293.325286644536,3.637978807091713e-12,25293.325286644533,25293.325286644533,25293.325286644533,21077.771072203777,0.0,21077.771072203777,21077.771072203777,21077.771072203777,971.1692376000001,0.0,971.1692376000001,971.1692376000001,971.1692376000001,0.0,0.0,0.0,0.0,0.0,-0.30243046740268653,0.19229157697179955,-0.8111861592825029,-0.22975108284842705,-0.22975108284842705,-0.021181578323667655,0.013467687741878868,-0.056813730823752184,-0.01609127082365558,-0.01609127082365558,0.0,0.0,0.0,0.0,0.0,-0.30243046740268653,0.19229157697179955,-0.8111861592825029,-0.22975108284842705,-0.22975108284842705,0.0,0.0,0.0,0.0,0.0,0.0,0.0,0.0,0.0,0.0,0.0,0.0,0.0,0.0,0.0,0.0,0.0,0.0,0.0,0.0,-0.015677649412974067,0.009968175345302567,-0.042050962401730056,-0.011910033271723209,-0.011910033271723209,-0.011223990427984479,0.007136446396585535,-0.030105252838092834,-0.00852666722654043,-0.00852666722654043,-0.015677649412974067,0.009968175345302567,-0.042050962401730056,-0.011910033271723209,-0.011910033271723209,0.0,0.0,0.0,0.0,0.0,0.0,0.0,0.0,0.0,0.0
S2_energy,link_failure,any_road,58,19.281616194377484,0.40331661966714744,18.427854235031017,20.078424624766598,20.001574735003555,1.732641156293842,0.15122994072336035,1.2480145225403327,1.8871700274134395,1.8871700274134395,3.594640180044489,3.987982659241874,0.0,22.67391901654234,10.51086166611308,20.748977812989637,1.5932626686743514,19.283476238782697,27.87946749428556,23.95016436529346,33826.39918687512,485.0668151684957,32444.353805552895,34343.26313456302,34343.26313456302,24902.843403154046,439.8311339441349,23345.764388554464,25293.325286644533,25293.325286644533,20752.36950262836,366.52594495344596,19454.80365712872,21077.771072203777,21077.771072203777,956.9168658206898,13.956816282172946,902.5920000000001,971.1692376000001,971.1692376000001,0.0,0.0,0.0,0.0,0.0,-0.00893300953631633,0.40331661966714744,-0.862694968882785,0.7878754208527958,0.7110255310897529,-0.15452887111959657,0.1512299407233603,-0.6391555048731068,0.0,0.0,3.594640180044489,3.987982659241874,0.0,22.67391901654234,10.51086166611308,1.4584286090758456,1.5932626686743514,-0.00707296513110478,8.588918290371758,4.659615161379659,-516.8639476879142,485.06681516849574,-1898.9093290101264,0.0,0.0,-390.48188349049514,439.83113394413516,-1947.5608980900688,0.0,0.0,-325.4015695754121,366.5259449534461,-1622.967415075058,0.0,0.0,-14.252371779310362,13.956816282172946,-68.57723759999999,0.0,0.0,-0.00046307699391492355,0.020907472120354126,-0.044721120159075374,0.04084256039184961,0.036858750032139835,-0.0818839155321867,0.08013583223904658,-0.3386846418651186,0.0,0.0,0.07560327047505468,0.08259291385810306,-0.0003666544200654364,0.44523969740732827,0.24154911880032337,-0.015049937033145314,0.014124074735353992,-0.05529204728071009,0.0,0.0,-0.015438139472182356,0.017389217469811143,-0.0769990057067912,0.0,0.0
S2_energy,node_removal,central,9,19.515245973340388,0.4526666770152097,19.109286706682177,20.556265677513196,20.556265677513196,1.5709753949161274,0.10577423080522395,1.4258675522724433,1.727285803897301,1.727285803897301,7.612892678368693,3.4536975862702244,2.945652571597466,12.978236493849447,12.978236493849447,22.599722191592146,1.3989748418080181,20.340201602396156,24.889246221219587,24.889246221219587,33095.20658212585,601.1717042524799,31740.438951398573,34043.28548513258,34043.28548513258,24288.397427588763,474.5597831485885,23252.63734949785,25051.516435698864,25051.516435698864,20240.331189657303,395.46648595715686,19377.19779124821,20876.26369641572,20876.26369641572,939.0523128000002,15.875616682472797,902.1489288000001,963.4596960000001,963.4596960000001,0.0,0.0,0.0,0.0,0.0,0.2246967694265819,0.45266667701520974,-0.18126249723162502,1.2657164735993938,1.2657164735993938,-0.3161946324973121,0.10577423080522395,-0.4613024751409962,-0.15988422351613862,-0.15988422351613862,7.612892678368693,3.4536975862702244,2.945652571597466,12.978236493849447,12.978236493849447,3.3091729876783442,1.3989748418080183,1.0496523984823547,5.598697017305785,5.598697017305785,-1248.0565524371766,601.1717042524799,-2602.824183164448,-299.97764943043876,-299.97764943043876,-1004.9278590557738,474.5597831485885,-2040.687937146682,-241.80885094566838,-241.80885094566838,-837.4398825464773,395.46648595715686,-1700.5732809555666,-201.50737578805638,-201.50737578805638,-32.11692479999999,15.875616682472797,-69.02030879999995,-7.709541599999966,-7.709541599999966,0.011648023446683095,0.023465722630819114,-0.009396440470178485,0.06561329385804093,0.06561329385804093,-0.16754962610904187,0.056049126082294995,-0.24444139554995936,-0.08472168442356855,-0.08472168442356855,0.1715437415854887,0.07252125520222019,0.054412779407513906,0.29023004778785055,0.29023004778785055,-0.03634065136871441,0.01750479277105912,-0.07578849374231329,-0.008734686865807506,-0.008734686865807506,-0.039730950662560736,0.01876225358945458,-0.08068088770535099,-0.0095601842859843,-0.0095601842859843
S2_energy,combined_disruption,central + peripheral_area,3,18.18572746424051,1.9231009294066148,15.468303053758781,19.640247847709546,19.640247847709546,1.073365500505744,0.4105504702214839,0.5233227603336168,1.5093752890776586,1.5093752890776586,28.334613484674033,20.81571807640248,11.63588352503898,57.67934680743314,57.67934680743314,30.43364472310144,7.604212805370418,24.336461599144478,41.153894974616364,41.153894974616364,29527.989835643868,3093.1078349862323,25465.062389261067,32963.177015343645,32963.177015343645,21715.066498265805,2209.7208374384504,18842.53122069159,24217.028783015467,24217.028783015467,18095.888748554837,1841.434031198708,15702.109350576327,20180.857319179555,20180.857319179555,836.1821576000001,90.04718000415436,716.8541616000002,934.3606200000002,934.3606200000002,0.0,0.0,0.0,0.0,0.0,-1.104821739673292,1.923100929406615,-3.8222461501550207,0.3496986437957439,0.3496986437957439,-0.8138045269076954,0.4105504702214839,-1.3638472670798227,-0.3777947383357809,-0.3777947383357809,28.334613484674033,20.81571807640248,11.63588352503898,57.67934680743314,57.67934680743314,11.14309551918764,7.604212805370418,5.045912395230676,21.863345770702562,21.863345770702562,-4815.27329891915,3093.107834986233,-8878.200745301954,-1380.086119219377,-1380.086119219377,-3578.258788378726,2209.7208374384504,-6450.794065952941,-1076.2965036290661,-1076.2965036290661,-2981.8823236489384,1841.434031198708,-5375.66172162745,-896.9137530242224,-896.9137530242224,-134.98708000000002,90.04718000415436,-254.31507599999986,-36.808617599999934,-36.808617599999934,-0.05727269493442613,0.09969135191943848,-0.19814086731027525,0.01812797759665622,0.01812797759665622,-0.4312301038519026,0.21754821465884844,-0.7226944298967675,-0.200191150160215,-0.200191150160215,0.5776453226602202,0.39419369168751406,0.26157432543221354,1.133370830430622,1.133370830430622,-0.14021012738516,0.09006447124336686,-0.25851360456097555,-0.04018506086075612,-0.04018506086075612,-0.14147047680868322,0.08736379311126935,-0.25503938263740716,-0.04255259011741631,-0.04255259011741631
S2_energy,node_removal,peripheral,8,18.235184491016618,0.6625479990859905,16.748008546713013,19.001456928697284,19.001456928697284,1.5538573319078401,0.1518264232280741,1.3399348455264168,1.7972892166810495,1.7972892166810495,12.995288414517136,5.422855655163906,4.576075423673489,21.59781023416376,21.59781023416376,23.685960658508556,1.9508044440492232,20.615653868685865,26.089491583290663,26.089491583290663,32658.252592054312,718.6009662664195,31548.114008441873,33884.041318225965,33884.041318225965,24000.548589681464,630.1574936824705,23052.975831062813,25024.097510138945,25024.097510138945,20000.457158067886,525.1312447353919,19210.813192552345,20853.414591782453,20853.414591782453,925.4381592,17.656918043598615,898.8590807999999,955.6283136000001,955.6283136000001,0.0,0.0,0.0,0.0,0.0,-1.0553647128971853,0.6625479990859905,-2.5425406572007887,-0.28909227521651815,-0.28909227521651815,-0.33331269550559933,0.1518264232280741,-0.5472351818870227,-0.08988081073239007,-0.08988081073239007,12.995288414517136,5.422855655163906,4.576075423673489,21.59781023416376,21.59781023416376,4.395411454594752,1.950804444049223,1.3251046647720628,6.798942379376861,6.798942379376861,-1685.0105425087127,718.6009662664195,-2795.1491261211486,-459.2218163370562,-459.2218163370562,-1292.7766969630707,630.1574936824707,-2240.3494555817197,-269.2277765055878,-269.2277765055878,-1077.313914135892,525.1312447353919,-1866.9578796514324,-224.3564804213238,-224.3564804213238,-45.73107840000007,17.656918043598615,-72.31015680000019,-15.540924000000018,-15.540924000000018,-0.054708899251197346,0.03434573023724841,-0.13180239869401647,-0.014986212790554718,-0.014986212790554718,-0.17662038431292734,0.08045190471585001,-0.28997661786578116,-0.04762729877369924,-0.04762729877369924,0.22785310092171876,0.10112747042232628,0.06869190974112942,0.3524493941311657,0.3524493941311657,-0.04906378685993061,0.02092407362255628,-0.08138857146943948,-0.013371525429536017,-0.013371525429536017,-0.05111137750028016,0.024913983690994106,-0.08857472990175304,-0.010644222278189194,-0.010644222278189194
S2_energy,combined_disruption,central_area + peripheral_area,1,18.002418944524035,0.0,18.002418944524035,18.002418944524035,18.002418944524035,1.295989238030123,0.0,1.295989238030123,1.295989238030123,1.295989238030123,19.703531337573946,0.0,19.703531337573946,19.703531337573946,19.703531337573946,26.27742548881276,0.0,26.27742548881276,26.27742548881276,26.27742548881276,29536.901511486278,0.0,29536.901511486278,29536.901511486278,29536.901511486278,21145.732604829416,0.0,21145.732604829416,21145.732604829416,21145.732604829416,17621.44383735785,0.0,17621.44383735785,17621.44383735785,17621.44383735785,857.7636911999999,0.0,857.7636911999999,857.7636911999999,857.7636911999999,0.0,0.0,0.0,0.0,0.0,-1.2881302593897672,0.0,-1.2881302593897672,-1.2881302593897672,-1.2881302593897672,-0.5911807893833165,0.0,-0.5911807893833165,-0.5911807893833165,-0.5911807893833165,19.703531337573946,0.0,19.703531337573946,19.703531337573946,19.703531337573946,6.986876284898958,0.0,6.986876284898958,6.986876284898958,6.986876284898958,-4806.361623076744,0.0,-4806.361623076744,-4806.361623076744,-4806.361623076744,-4147.5926818151165,0.0,-4147.5926818151165,-4147.5926818151165,-4147.5926818151165,-3456.3272348459286,0.0,-3456.3272348459286,-3456.3272348459286,-3456.3272348459286,-113.40554640000016,0.0,-113.40554640000016,-113.40554640000016,-113.40554640000016,-0.06677519886932107,0.0,-0.06677519886932107,-0.06677519886932107,-0.06677519886932107,-0.31326312986943233,0.0,-0.31326312986943233,-0.31326312986943233,-0.31326312986943233,0.36219167277422104,0.0,0.36219167277422104,0.36219167277422104,0.36219167277422104,-0.13995063905967708,0.0,-0.13995063905967708,-0.13995063905967708,-0.13995063905967708,-0.1639797312062065,0.0,-0.1639797312062065,-0.1639797312062065,-0.1639797312062065
S2_energy,combined_disruption,peripheral_area + central,1,17.559826649847707,0.0,17.559826649847707,17.559826649847707,17.559826649847707,0.9445592406988395,0.0,0.9445592406988395,0.9445592406988395,0.9445592406988395,27.391299045367134,0.0,27.391299045367134,27.391299045367134,27.391299045367134,29.18474144756013,0.0,29.18474144756013,29.18474144756013,29.18474144756013,29329.85722083768,0.0,29329.85722083768,29329.85722083768,29329.85722083768,21384.271389656515,0.0,21384.271389656515,21384.271389656515,21384.271389656515,17820.226158047095,0.0,17820.226158047095,17820.226158047095,17820.226158047095,837.4264608,0.0,837.4264608,837.4264608,837.4264608,0.0,0.0,0.0,0.0,0.0,-1.7307225540660944,0.0,-1.7307225540660944,-1.7307225540660944,-1.7307225540660944,-0.9426107867146001,0.0,-0.9426107867146001,-0.9426107867146001,-0.9426107867146001,27.391299045367134,0.0,27.391299045367134,27.391299045367134,27.391299045367134,9.894192243646327,0.0,9.894192243646327,9.894192243646327,9.894192243646327,-5013.4059137253425,0.0,-5013.4059137253425,-5013.4059137253425,-5013.4059137253425,-3909.053896988018,0.0,-3909.053896988018,-3909.053896988018,-3909.053896988018,-3257.5449141566824,0.0,-3257.5449141566824,-3257.5449141566824,-3257.5449141566824,-133.74277680000012,0.0,-133.74277680000012,-133.74277680000012,-133.74277680000012,-0.08971867704600932,0.0,-0.08971867704600932,-0.08971867704600932,-0.08971867704600932,-0.4994837630007006,0.0,-0.4994837630007006,-0.4994837630007006,-0.4994837630007006,0.5129036057531697,0.0,0.5129036057531697,0.5129036057531697,0.5129036057531697,-0.1459793116944632,0.0,-0.1459793116944632,-0.1459793116944632,-0.1459793116944632,-0.1545488326539686,0.0,-0.1545488326539686,-0.1545488326539686,-0.1545488326539686
S2_energy,combined_disruption,peripheral_area + peripheral_area,1,18.168455930624727,0.0,18.168455930624727,18.168455930624727,18.168455930624727,1.6830600640420337,0.0,1.6830600640420337,1.6830600640420337,1.6830600640420337,10.798560026818521,0.0,10.798560026818521,10.798560026818521,10.798560026818521,22.68566032710126,0.0,22.68566032710126,22.68566032710126,22.68566032710126,32275.245783507107,0.0,32275.245783507107,32275.245783507107,32275.245783507107,24286.63214326066,0.0,24286.63214326066,24286.63214326066,24286.63214326066,20238.860119383884,0.0,20238.860119383884,20238.860119383884,20238.860119383884,893.564316,0.0,893.564316,893.564316,893.564316,0.0,0.0,0.0,0.0,0.0,-1.1220932732890745,0.0,-1.1220932732890745,-1.1220932732890745,-1.1220932732890745,-0.20410996337140586,0.0,-0.20410996337140586,-0.20410996337140586,-0.20410996337140586,10.798560026818521,0.0,10.798560026818521,10.798560026818521,10.798560026818521,3.3951111231874584,0.0,3.3951111231874584,3.3951111231874584,3.3951111231874584,-2068.0173510559143,0.0,-2068.0173510559143,-2068.0173510559143,-2068.0173510559143,-1006.6931433838727,0.0,-1006.6931433838727,-1006.6931433838727,-1006.6931433838727,-838.9109528198933,0.0,-838.9109528198933,-838.9109528198933,-838.9109528198933,-77.60492160000013,0.0,-77.60492160000013,-77.60492160000013,-77.60492160000013,-0.05816803147633642,0.0,-0.05816803147633642,-0.05816803147633642,-0.05816803147633642,-0.10815663687238586,0.0,-0.10815663687238586,-0.10815663687238586,-0.10815663687238586,0.17599867620661802,0.0,0.17599867620661802,0.17599867620661802,0.17599867620661802,-0.060216099528837844,0.0,-0.060216099528837844,-0.060216099528837844,-0.060216099528837844,-0.03980074315951767,0.0,-0.03980074315951767,-0.03980074315951767,-0.03980074315951767
S2_energy,combined_disruption,any_road + central,1,19.286554939567942,0.0,19.286554939567942,19.286554939567942,19.286554939567942,1.3713060566347985,0.0,1.3713060566347985,1.3713060566347985,1.3713060566347985,16.836941932179244,0.0,16.836941932179244,16.836941932179244,16.836941932179244,26.141454042982588,0.0,26.141454042982588,26.141454042982588,26.141454042982588,31344.261121861076,0.0,31344.261121861076,31344.261121861076,31344.261121861076,22541.73060519161,0.0,22541.73060519161,22541.73060519161,22541.73060519161,18784.775504326342,0.0,18784.775504326342,18784.775504326342,18784.775504326342,906.4689288000001,0.0,906.4689288000001,906.4689288000001,906.4689288000001,0.0,0.0,0.0,0.0,0.0,-0.003994264345859477,0.0,-0.003994264345859477,-0.003994264345859477,-0.003994264345859477,-0.515863970778641,0.0,-0.515863970778641,-0.515863970778641,-0.515863970778641,16.836941932179244,0.0,16.836941932179244,16.836941932179244,16.836941932179244,6.850904839068786,0.0,6.850904839068786,6.850904839068786,6.850904839068786,-2999.002012701945,0.0,-2999.002012701945,-2999.002012701945,-2999.002012701945,-2751.5946814529234,0.0,-2751.5946814529234,-2751.5946814529234,-2751.5946814529234,-2292.995567877435,0.0,-2292.995567877435,-2292.995567877435,-2292.995567877435,-64.70030880000002,0.0,-64.70030880000002,-64.70030880000002,-64.70030880000002,-0.0002070580937658889,0.0,-0.0002070580937658889,-0.0002070580937658889,-0.0002070580937658889,-0.27335320256526413,0.0,-0.27335320256526413,-0.27335320256526413,-0.27335320256526413,0.35514306859023104,0.0,0.35514306859023104,0.35514306859023104,0.35514306859023104,-0.0873243174636994,0.0,-0.0873243174636994,-0.0873243174636994,-0.0873243174636994,-0.10878738363855343,0.0,-0.10878738363855343,-0.10878738363855343,-0.10878738363855343
S2_energy,combined_disruption,peripheral_area + peripheral,1,18.324749185363153,0.0,18.324749185363153,18.324749185363153,18.324749185363153,1.6428519726381903,0.0,1.6428519726381903,1.6428519726381903,1.6428519726381903,12.880477553178444,0.0,12.880477553178444,12.880477553178444,12.880477553178444,23.692720511773267,0.0,23.692720511773267,23.692720511773267,23.692720511773267,32787.08679022418,0.0,32787.08679022418,32787.08679022418,32787.08679022418,24683.23921173627,0.0,24683.23921173627,24683.23921173627,24683.23921173627,20569.366009780224,0.0,20569.366009780224,20569.366009780224,20569.366009780224,907.3107768000001,0.0,907.3107768000001,907.3107768000001,907.3107768000001,0.0,0.0,0.0,0.0,0.0,-0.9658000185506488,0.0,-0.9658000185506488,-0.9658000185506488,-0.9658000185506488,-0.24431805477524926,0.0,-0.24431805477524926,-0.24431805477524926,-0.24431805477524926,12.880477553178444,0.0,12.880477553178444,12.880477553178444,12.880477553178444,4.402171307859465,0.0,4.402171307859465,4.402171307859465,4.402171307859465,-1556.1763443388409,0.0,-1556.1763443388409,-1556.1763443388409,-1556.1763443388409,-610.086074908264,0.0,-610.086074908264,-610.086074908264,-610.086074908264,-508.4050624235533,0.0,-508.4050624235533,-508.4050624235533,-508.4050624235533,-63.85846079999999,0.0,-63.85846079999999,-63.85846079999999,-63.85846079999999,-0.05006596796915976,0.0,-0.05006596796915976,-0.05006596796915976,-0.05006596796915976,-0.12946266167130274,0.0,-0.12946266167130274,-0.12946266167130274,-0.12946266167130274,0.2282035239808684,0.0,0.2282035239808684,0.2282035239808684,0.2282035239808684,-0.045312419447198854,0.0,-0.045312419447198854,-0.045312419447198854,-0.045312419447198854,-0.024120437625115416,0.0,-0.024120437625115416,-0.024120437625115416,-0.024120437625115416
S2_energy,combined_disruption,any_road + peripheral_area,2,19.553834693523093,0.10549584274094848,19.448338850782147,19.659330536264044,19.659330536264044,1.825014536093231,0.06351233740291462,1.7615021986903165,1.8885268734961458,1.8885268734961458,3.0176106659900372,2.543500965512009,0.47410970047802853,5.561111631502046,5.561111631502046,20.771659204016615,1.1310609940210465,19.640598209995566,21.90272019803766,21.90272019803766,34031.079708796744,60.54660451076779,33970.533104285976,34091.62631330751,34091.62631330751,24977.57936879511,121.92390676615469,24855.655462028957,25099.503275561266,25099.503275561266,20814.649473995927,101.60325563846345,20713.046218357464,20916.25272963439,20916.25272963439,965.5200072,1.1519999999999868,964.3680072000001,966.6720072,966.6720072,0.0,0.0,0.0,0.0,0.0,0.2632854896092933,0.10549584274094848,0.15778964686834485,0.3687813323502418,0.3687813323502418,-0.06215549132020837,0.06351233740291462,-0.125667828723123,0.0013568460827062534,0.0013568460827062534,3.0176106659900372,2.543500965512009,0.47410970047802853,5.561111631502046,5.561111631502046,1.4811100001028112,1.1310609940210465,0.3500490060817647,2.612170994123858,2.612170994123858,-312.18342576627765,60.54660451076779,-372.73003027704544,-251.63682125550986,-251.63682125550986,-315.74591784942095,121.92390676615469,-437.66982461557564,-193.82201108326626,-193.82201108326626,-263.1215982078502,101.60325563846345,-364.72485384631364,-161.51834256938673,-161.51834256938673,-5.649230400000022,1.1519999999999868,-6.801230400000009,-4.497230400000035,-4.497230400000035,0.013648418550772836,0.005468783787635489,0.008179634763137348,0.019117202338408325,0.019117202338408325,-0.032935819463707175,0.0336548040082879,-0.06659062347199508,0.0007189845445807288,0.0007189845445807288,0.07677904783562685,0.058632907858920315,0.018146139976706537,0.13541195569454717,0.13541195569454717,-0.009090092124999519,0.0017629834495789002,-0.01085307557457842,-0.007327108675420619,-0.007327108675420619,-0.012483369200021405,0.004820398480010588,-0.017303767680031994,-0.007662970720010817,-0.007662970720010817
S2_energy,combined_disruption,central_area + any_road,2,17.70591532577083,1.3944750962617096,16.31144022950912,19.10039042203254,19.10039042203254,1.4068753438584047,0.45537851686703024,0.9514968269913746,1.862253860725435,1.862253860725435,23.94021904832276,23.94021904832276,0.0,47.88043809664552,47.88043809664552,28.165052233883763,9.064661811851224,19.10039042203254,37.22971404573499,37.22971404573499,31381.093758197014,2558.8502178783747,28822.24354031864,33939.94397607539,33939.94397607539,23055.015962095513,1887.5459764175612,21167.46998567795,24942.561938513074,24942.561938513074,19212.51330174626,1572.9549803479676,17639.558321398294,20785.46828209423,20785.46828209423,889.5046176000001,72.24923519999999,817.2553824000001,961.7538528000001,961.7538528000001,0.0,0.0,0.0,0.0,0.0,-1.5846338781429719,1.3944750962617096,-2.9791089744046815,-0.19015878188126223,-0.19015878188126223,-0.4802946835550347,0.45537851686703024,-0.9356732004220649,-0.02491616668800445,-0.02491616668800445,23.94021904832276,23.94021904832276,0.0,47.88043809664552,47.88043809664552,8.874503029969961,9.064661811851224,-0.19015878188126223,17.939164841821185,17.939164841821185,-2962.169376366008,2558.8502178783747,-5521.0195942443825,-403.3191584876331,-403.3191584876331,-2238.30932454902,1887.5459764175612,-4125.855300966581,-350.76334813145877,-350.76334813145877,-1865.257770457516,1572.9549803479676,-3438.2127508054837,-292.30279010954837,-292.30279010954837,-81.66461999999996,72.24923519999999,-153.91385519999994,-9.41538479999997,-9.41538479999997,-0.08214560722934058,0.0722879935413549,-0.15443360077069548,-0.009857613687985694,-0.009857613687985694,-0.25450525208548797,0.24130232583821465,-0.4958075779237026,-0.01320292624727334,-0.01320292624727334,0.46004408356447624,0.4699016972524619,-0.009857613687985694,0.9299457808169381,0.9299457808169381,-0.08625183241207164,0.07450806895816346,-0.1607599013702351,-0.011743763453908174,-0.011743763453908174,-0.08849407103188996,0.0746262484282456,-0.16312031946013555,-0.01386782260364437,-0.01386782260364437
S2_energy,combined_disruption,any_road + peripheral,2,19.889603326476077,0.24511608982926347,19.644487236646814,20.13471941630534,20.13471941630534,1.6948960700953122,0.07025879671401514,1.624637273381297,1.7651548668093273,1.7651548668093273,3.358697905718974,1.7282607058128088,1.630437199906165,5.086958611531783,5.086958611531783,21.232554134461154,0.9300956055077503,20.302458528953405,22.162649739968906,22.162649739968906,32650.16209298168,1062.373762449035,31587.788330532647,33712.53585543072,33712.53585543072,24001.72159467252,929.3110068735532,23072.410587798968,24931.032601546074,24931.032601546074,20001.434662227104,774.425839061294,19227.00882316581,20775.860501288396,20775.860501288396,924.9452423999999,24.601838399999963,900.343404,949.5470807999999,949.5470807999999,0.0,0.0,0.0,0.0,0.0,0.5990541225622756,0.24511608982926347,0.35393803273301216,0.8441702123915391,0.8441702123915391,-0.19227395731812735,0.07025879671401514,-0.2625327540321425,-0.12201516060411222,-0.12201516060411222,3.358697905718974,1.7282607058128088,1.630437199906165,5.086958611531783,5.086958611531783,1.9420049305473537,0.9300956055077503,1.0119093250396034,2.872100536055104,2.872100536055104,-1693.1010415813398,1062.373762449035,-2755.474804030375,-630.7272791323048,-630.7272791323048,-1291.6036919720118,929.3110068735532,-2220.914698845565,-362.2926850984586,-362.2926850984586,-1076.336409976675,774.425839061294,-1850.762249037969,-301.91057091538096,-301.91057091538096,-46.22399520000016,24.601838399999963,-70.82583360000012,-21.622156800000198,-21.622156800000198,0.031054280322964332,0.012706537654175891,0.01834774266878844,0.04376081797714022,0.04376081797714022,-0.10188480874808009,0.037229712052131325,-0.13911452080021142,-0.06465509669594877,-0.06465509669594877,0.10067131371010143,0.04821509204720029,0.052456221662901134,0.14888640575730172,0.14888640575730172,-0.0492993643308578,0.030933978471599084,-0.08023334280245688,-0.018365385859258714,-0.018365385859258714,-0.051065001431583566,0.03674135355244299,-0.08780635498402656,-0.014323647879140573,-0.014323647879140573
S2_energy,combined_disruption,central_area + peripheral,2,16.34749682565885,2.3863658985000153,13.961130927158834,18.733862724158865,18.733862724158865,1.1554565295829518,0.6766755592083171,0.4787809703746347,1.8321320887912689,1.8321320887912689,30.238531591591936,27.89083954838597,2.347692043205967,58.129371139977906,58.129371139977906,30.21295027234071,10.51028572681847,19.70266454552224,40.72323599915918,40.72323599915918,29519.49442923187,4056.7502266599604,25462.74420257191,33576.24465589183,33576.24465589183,21432.6056574478,3695.949469589941,17736.656187857858,25128.55512703774,25128.55512703774,17860.504714539835,3079.9578913249507,14780.546823214883,20940.462605864785,20940.462605864785,846.1717032000001,88.48799519999994,757.6837080000001,934.6596984,934.6596984,0.0,0.0,0.0,0.0,0.0,-2.9430523782549525,2.3863658985000153,-5.329418276754968,-0.5566864797549371,-0.5566864797549371,-0.7317134978304878,0.6766755592083171,-1.408389057038805,-0.05503793862217066,-0.05503793862217066,30.238531591591936,27.89083954838597,2.347692043205967,58.129371139977906,58.129371139977906,10.922401068426907,10.51028572681847,0.41211534160843755,21.432686795245377,21.432686795245377,-4823.768705331151,4056.7502266599604,-8880.518931991111,-767.0184786711907,-767.0184786711907,-3860.719629196734,3695.949469589941,-7556.669098786675,-164.77015960679273,-164.77015960679273,-3217.2663576639434,3079.9578913249507,-6297.224248988894,-137.30846633899273,-137.30846633899273,-124.9975344,88.48799519999994,-213.48552959999995,-36.50953920000006,-36.50953920000006,-0.15256446807941818,0.12370647788585785,-0.276270945965276,-0.02885799019356031,-0.02885799019356031,-0.38773056333105094,0.358566292055714,-0.7462968553867649,-0.02916427127533697,-0.02916427127533697,0.5662047748340361,0.5448411870350519,0.021363587798984215,1.111045961869088,1.111045961869088,-0.14045749486386214,0.11812361017544812,-0.25858110503931026,-0.02233388468841402,-0.02233388468841402,-0.1526378831349346,0.14612350996574933,-0.2987613931006839,-0.00651437316918528,-0.00651437316918528
S2_energy,combined_disruption,peripheral + central_area,1,17.50466846280359,0.0,17.50466846280359,17.50466846280359,17.50466846280359,1.4112166073214318,0.0,1.4112166073214318,1.4112166073214318,1.4112166073214318,19.0179074228257,0.0,19.0179074228257,19.0179074228257,19.0179074228257,25.586391273570456,0.0,25.586391273570456,25.586391273570456,25.586391273570456,32488.302029324623,0.0,32488.302029324623,32488.302029324623,32488.302029324623,24621.170472786933,0.0,24621.170472786933,24621.170472786933,24621.170472786933,20517.642060655777,0.0,20517.642060655777,20517.642060655777,20517.642060655777,893.0104656000001,0.0,893.0104656000001,893.0104656000001,893.0104656000001,0.0,0.0,0.0,0.0,0.0,-1.785880741110212,0.0,-1.785880741110212,-1.785880741110212,-1.785880741110212,-0.4759534200920077,0.0,-0.4759534200920077,-0.4759534200920077,-0.4759534200920077,19.0179074228257,0.0,19.0179074228257,19.0179074228257,19.0179074228257,6.295842069656654,0.0,6.295842069656654,6.295842069656654,6.295842069656654,-1854.9611052383989,0.0,-1854.9611052383989,-1854.9611052383989,-1854.9611052383989,-672.1548138576,0.0,-672.1548138576,-672.1548138576,-672.1548138576,-560.1290115480006,0.0,-560.1290115480006,-560.1290115480006,-560.1290115480006,-78.158772,0.0,-78.158772,-78.158772,-78.158772,-0.0925780143547121,0.0,-0.0925780143547121,-0.0925780143547121,-0.0925780143547121,-0.25220484279540556,0.0,-0.25220484279540556,-0.25220484279540556,-0.25220484279540556,0.3263692496831199,0.0,0.3263692496831199,0.3263692496831199,0.3263692496831199,-0.054012372032626335,0.0,-0.054012372032626335,-0.054012372032626335,-0.054012372032626335,-0.026574394874544764,0.0,-0.026574394874544764,-0.026574394874544764,-0.026574394874544764
S2_energy,combined_disruption,peripheral_area + any_road,2,19.481892642759355,0.04697882025562983,19.434913822503727,19.528871463014987,19.528871463014987,1.7548614134831366,0.08414256343285986,1.6707188500502768,1.8390039769159965,1.8390039769159965,2.6954374433916053,1.6569288166691978,1.0385086267224073,4.352366260060803,4.352366260060803,20.574811285430577,0.6256436612270875,19.94916762420349,21.200454946657665,21.200454946657665,33805.87844994958,291.357520603975,33514.52092934561,34097.23597055356,34097.23597055356,24944.08829212437,260.1322485059609,24683.956043618407,25204.22054063033,25204.22054063033,20786.740243436972,216.77687375496862,20569.963369682006,21003.517117191943,21003.517117191943,954.2492364000001,6.55200119999995,947.6972352000001,960.8012376,960.8012376,0.0,0.0,0.0,0.0,0.0,0.19134343884555527,0.04697882025562983,0.14436461858992544,0.2383222591011851,0.2383222591011851,-0.1323086139303029,0.08414256343285986,-0.21645117736316277,-0.04816605049744305,-0.04816605049744305,2.6954374433916053,1.6569288166691978,1.0385086267224073,4.352366260060803,4.352366260060803,1.2842620815167756,0.6256436612270875,0.6586184202896881,1.909905742743863,1.909905742743863,-537.3846846134402,291.357520603975,-828.7422052174152,-246.0271640094652,-246.0271640094652,-349.23699452016444,260.1322485059609,-609.3692430261253,-89.10474601420356,-89.10474601420356,-291.0308287668031,216.77687375496862,-507.8077025217717,-74.25395501183448,-74.25395501183448,-16.9200012,6.55200119999995,-23.47200239999995,-10.368000000000052,-10.368000000000052,0.009919024949623217,0.0024353282925764727,0.007483696657046744,0.01235435324219969,0.01235435324219969,-0.07010953544638765,0.044586636185710245,-0.1146961716320979,-0.025522899260677412,-0.025522899260677412,0.06657467695405041,0.03243265158568697,0.034142025368363436,0.09900732853973737,0.09900732853973737,-0.015647455587078935,0.008483687745756259,-0.024131143332835194,-0.007163767841322676,-0.007163767841322676,-0.013807476500710238,0.010284620371498436,-0.024092096872208674,-0.0035228561292118023,-0.0035228561292118023
R0_reference,area_closure,peripheral_area,10,16.63455832814832,1.739491928618348,11.658999907047036,18.077937927026785,18.077937927026785,0.8692271132941543,0.19566856801715327,0.5393740382103842,1.1086996377365073,1.1086996377365073,22.405441115973698,14.0906065287378,6.902181515833906,49.78781808702215,49.78781808702215,26.514839328501704,5.445620910549931,20.399741540159155,35.726929094773666,35.726929094773666,28099.881775585916,1725.1401910433817,25121.218874293147,30468.91626036924,30468.91626036924,,,,,,17139.98580768239,1030.2697577475533,15632.194166866431,19091.520423461545,19091.520423461545,799.3273960800001,55.47659545055139,700.8590856000001,867.2344752,867.2344752,0.0,0.0,0.0,0.0,0.0,-1.151069892716374,1.739491928618348,-6.126628313817655,0.2923097061620936,0.2923097061620936,-0.32845668182919346,0.1956685680171533,-0.6583097569129635,-0.0889841573868404,-0.0889841573868404,22.405441115973698,14.0906065287378,6.902181515833906,49.78781808702215,49.78781808702215,8.729211107637015,5.445620910549931,2.6141133192944643,17.941300873908975,17.941300873908975,-4001.9631683104426,1725.1401910433817,-6980.626069603211,-1632.9286835271196,-1632.9286835271196,,,,,,-2410.827732188055,1030.2697577475533,-3918.619373004016,-459.2931164089023,-459.2931164089023,-115.18338792,55.476595450551386,-213.6516984,-47.27630880000004,-47.27630880000004,-0.06471910232364073,0.09780323230740388,-0.3444707287106327,0.016435163410150395,0.016435163410150395,-0.27424323779496923,0.16337247678716543,-0.5496523870435812,-0.07429687013313564,-0.07429687013313564,0.49080139308189275,0.3061809705524801,0.14697897014555794,1.0087527216419414,1.0087527216419414,-0.12466458470859162,0.05373959640196284,-0.2174524885346337,-0.05086712886380676,-0.05086712886380676,,,,,
R0_reference,combined_disruption,peripheral_area + central_area,3,17.10781782842042,0.9541921870669211,15.78774284396035,18.010292160551884,18.010292160551884,0.8861240836058882,0.06916030850948506,0.7926739884005864,0.9578497749858651,0.9578497749858651,25.041131558368235,8.907869779603915,13.556348936935327,35.266829920737024,35.266829920737024,27.92629764667672,3.181245187352094,23.702563472867162,31.380004379299738,31.380004379299738,28945.93548552458,1860.4604658187195,26330.034629068195,30498.358303205372,30498.358303205372,,,,,,17300.03140290573,1647.919944798329,14969.921220335242,18502.504665006712,18502.504665006712,839.2172424,31.09600340599547,797.4498696,872.0196984000002,872.0196984000002,0.0,0.0,0.0,0.0,0.0,-0.6778103924442712,0.954192187066921,-1.9978853769043408,0.22466393968719345,0.22466393968719345,-0.31155971151745937,0.06916030850948507,-0.4050098067227612,-0.23983402013748256,-0.23983402013748256,25.041131558368235,8.907869779603915,13.556348936935327,35.266829920737024,35.266829920737024,10.140669425812032,3.181245187352094,5.916935252002471,13.594376158435047,13.594376158435047,-3155.9094583717742,1860.4604658187195,-5771.8103148281625,-1603.486640690986,-1603.486640690986,,,,,,-2250.7821369647204,1647.919944798329,-4580.892319535205,-1048.3088748637347,-1048.3088748637347,-75.29354159999995,31.09600340599547,-117.0609144,-42.491085599999906,-42.491085599999906,-0.03811000567576902,0.05364961952524895,-0.1123314482960225,0.012631768577262595,0.012631768577262595,-0.2601351982769144,0.0577450482264915,-0.3381608805027289,-0.20024819665593155,-0.20024819665593155,0.5701608793281645,0.1788660567873621,0.3326807003117939,0.7643461332722113,0.7643461332722113,-0.09830928608269347,0.057954939009586606,-0.17979684111350672,-0.049949983980464734,-0.049949983980464734,,,,,
R0_reference,combined_disruption,central + any_road,2,16.525679148553465,1.865615407962295,14.66006374059117,18.39129455651576,18.39129455651576,0.9185071113328662,0.013466183160760592,0.9050409281721056,0.9319732944936268,0.9319732944936268,25.83151056107907,2.2662971622144124,23.565213398864657,28.09780772329348,28.09780772329348,27.79803331970076,0.39844146707707395,27.399591852623686,28.196474786777834,28.196474786777834,30567.04687693886,111.91487171920744,30455.132005219653,30678.96174865807,30678.96174865807,,,,,,18516.96069617357,223.51053764900826,18293.450158524563,18740.47123382258,18740.47123382258,875.1932400000001,3.716308799999979,871.4769312000001,878.9095488,878.9095488,0.0,0.0,0.0,0.0,0.0,-1.259949072311226,1.865615407962295,-3.125564480273521,0.605666335651069,0.605666335651069,-0.2791766837904815,0.013466183160760592,-0.2926428669512421,-0.2657105006297209,-0.2657105006297209,25.83151056107907,2.2662971622144124,23.565213398864657,28.09780772329348,28.09780772329348,10.01240509883607,0.39844146707707395,9.613963631758995,10.410846565913143,10.410846565913143,-1534.7980669574972,111.91487171920744,-1646.7129386767047,-1422.8831952382898,-1422.8831952382898,,,,,,-1033.8528436968754,223.51053764900826,-1257.3633813458837,-810.3423060478672,-810.3423060478672,-39.317544,3.716308799999979,-43.03385279999998,-35.60123520000002,-35.60123520000002,-0.07084085288779138,0.10489454658529873,-0.1757353994730901,0.03405369369750736,0.03405369369750736,-0.2330971537956974,0.01124352121619357,-0.24434067501189097,-0.22185363257950383,-0.22185363257950383,0.5629491955246376,0.02240243988737234,0.5405467556372653,0.58535163541201,0.58535163541201,-0.047810276002511004,0.003486244230348705,-0.05129652023285971,-0.0443240317721623,-0.0443240317721623,,,,,
R0_reference,demand_surge,peripheral_area,17,17.93971521928609,0.06600096952163363,17.891242908640876,18.06585444962578,18.06585444962578,1.2074857498804796,0.004198527609764656,1.204402274955368,1.215509859906349,1.215509859906349,0.0,0.0,0.0,0.0,0.0,17.93971521928609,0.06600096952163363,17.891242908640876,18.06585444962578,18.06585444962578,32101.844943896347,1.0913936421275139e-11,32101.844943896358,32101.844943896358,32101.844943896358,,,,,,19550.81353987044,7.275957614183426e-12,19550.813539870447,19550.813539870447,19550.813539870447,914.5107840000001,0.0,914.5107840000001,914.5107840000001,914.5107840000001,0.0,0.0,0.0,0.0,0.0,0.15408699842139714,0.06600096952163363,0.10561468777618543,0.28022622876108727,0.28022622876108727,0.009801954757132036,0.004198527609764656,0.006718479832020341,0.017826064783001305,0.017826064783001305,0.0,0.0,0.0,0.0,0.0,0.15408699842139714,0.06600096952163363,0.10561468777618543,0.28022622876108727,0.28022622876108727,0.0,0.0,0.0,0.0,0.0,,,,,,0.0,0.0,0.0,0.0,0.0,0.0,0.0,0.0,0.0,0.0,0.008663567938558082,0.003710915841825959,0.005938203951226567,0.015755767818892562,0.015755767818892562,0.008184092326407863,0.0035055392974839865,0.005609560603037478,0.014883782226648082,0.014883782226648082,0.008663567938558082,0.003710915841825959,0.005938203951226567,0.015755767818892562,0.015755767818892562,0.0,0.0,0.0,0.0,0.0,,,,,
R0_reference,area_closure,central_area,8,15.639814887937007,0.9082945654007203,14.772861011365155,17.470145818587937,17.470145818587937,0.8128850042813648,0.11583257855761193,0.6706961119703416,1.0210434022825554,1.0210434022825554,35.81269369517927,9.867362202851654,17.000012195655625,46.6412805725358,46.6412805725358,31.5434123699509,4.232429847300814,24.700226216222543,36.670490486803935,36.670490486803935,28675.804696997886,2178.7345935382655,24925.73088077033,31127.217771376203,31127.217771376203,,,,,,17154.72214749736,1849.1742692342511,14154.889434962914,18909.498892220254,18909.498892220254,830.6681655,40.87257644678411,755.6566296,888.8677032,888.8677032,0.0,0.0,0.0,0.0,0.0,-2.145813332927684,0.9082945654007203,-3.012767209499536,-0.3154824022767535,-0.3154824022767535,-0.3847987908419829,0.11583257855761193,-0.526987683153006,-0.17664039284079225,-0.17664039284079225,35.81269369517927,9.867362202851654,17.000012195655625,46.6412805725358,46.6412805725358,13.757784149086206,4.232429847300815,6.914597995357852,18.884862265939244,18.884862265939244,-3426.04024689847,2178.734593538265,-7176.114063126028,-974.627172520155,-974.627172520155,,,,,,-2396.09139237309,1849.1742692342514,-5395.924104907534,-641.3146476501934,-641.3146476501934,-83.84261849999997,40.872576446784116,-158.85415440000008,-25.643080800000007,-25.643080800000007,-0.12064872301841921,0.05106901786776253,-0.1693933535597689,-0.017738052227283967,-0.017738052227283967,-0.3212857954735482,0.0967138229883811,-0.44000568872916274,-0.14748499859480885,-0.14748499859480885,0.7735337755990347,0.23796909475121394,0.3887744593270084,1.061804622891252,1.061804622891252,-0.1067240918048816,0.06786945103454298,-0.2235421071800563,-0.030360472247731807,-0.030360472247731807,,,,,
R0_reference,combined_disruption,any_road + central_area,4,17.208973992426426,1.0153461736834628,15.466661500502484,18.01458019578219,18.01458019578219,1.005276972564638,0.28957782980376773,0.5047467332637687,1.189955431441271,1.189955431441271,13.62905291795417,23.33710368352523,0.0,54.04875065439719,54.04875065439719,23.275847349271057,9.388858592378579,17.66413813118502,39.53637458417457,39.53637458417457,31195.296568206973,1120.2990527907575,29292.26747626738,32101.844943896358,32101.844943896358,,,,,,18935.903438258716,745.1601468839762,17681.52170533422,19550.813539870447,19550.813539870447,891.4763232000001,29.199238615218622,841.5027840000002,914.5107840000001,914.5107840000001,0.0,0.0,0.0,0.0,0.0,-0.5766542284382647,1.0153461736834628,-2.318966720362207,0.22895197491749997,0.22895197491749997,-0.19240682255870983,0.2895778298037677,-0.6929370618595789,-0.007728363682076633,-0.007728363682076633,13.62905291795417,23.33710368352523,0.0,54.04875065439719,54.04875065439719,5.490219128406365,9.388858592378577,-0.12149008967967134,21.750746363309876,21.750746363309876,-906.5483756893836,1120.2990527907575,-2809.5774676289766,0.0,0.0,,,,,,-614.910101611732,745.1601468839762,-1869.2918345362268,0.0,0.0,-23.034460799999948,29.19923861521862,-73.00799999999981,0.0,0.0,-0.03242248298892134,0.057088012921148276,-0.13038430195239203,0.012872864094219153,0.012872864094219153,-0.1606490989876791,0.24178153781728715,-0.5785642793874608,-0.006452757993006577,-0.006452757993006577,0.30868851300769207,0.527890186154027,-0.006830801148600913,1.2229394482559588,1.2229394482559588,-0.028239759343232047,0.034898276243894334,-0.08752074756261546,0.0,0.0,,,,,
R0_reference,combined_disruption,central + central_area,1,14.709462038418486,0.0,14.709462038418486,14.709462038418486,14.709462038418486,0.9408930093864697,0.0,0.9408930093864697,0.9408930093864697,0.9408930093864697,24.606541331300967,0.0,24.606541331300967,24.606541331300967,24.606541331300967,25.853896981103595,0.0,25.853896981103595,25.853896981103595,25.853896981103595,31012.613342295343,0.0,31012.613342295343,31012.613342295343,31012.613342295343,,,,,,18801.384827869173,0.0,18801.384827869173,18801.384827869173,18801.384827869173,887.3058600000002,0.0,887.3058600000002,887.3058600000002,887.3058600000002,0.0,0.0,0.0,0.0,0.0,-3.0761661824462045,0.0,-3.0761661824462045,-3.0761661824462045,-3.0761661824462045,-0.25679078573687797,0.0,-0.25679078573687797,-0.25679078573687797,-0.25679078573687797,24.606541331300967,0.0,24.606541331300967,24.606541331300967,24.606541331300967,8.068268760238904,0.0,8.068268760238904,8.068268760238904,8.068268760238904,-1089.2316016010154,0.0,-1089.2316016010154,-1089.2316016010154,-1089.2316016010154,,,,,,-749.4287120012741,0.0,-749.4287120012741,-749.4287120012741,-749.4287120012741,-27.20492399999989,0.0,-27.20492399999989,-27.20492399999989,-27.20492399999989,-0.1729579716974793,0.0,-0.1729579716974793,-0.1729579716974793,-0.1729579716974793,-0.21440616194563397,0.0,-0.21440616194563397,-0.21440616194563397,-0.21440616194563397,0.45363979613460326,0.0,0.45363979613460326,0.45363979613460326,0.45363979613460326,-0.03393049849641477,0.0,-0.03393049849641477,-0.03393049849641477,-0.03393049849641477,,,,,
R0_reference,combined_disruption,central_area + central_area,1,17.073833376077573,0.0,17.073833376077573,17.073833376077573,17.073833376077573,0.8910701548241601,0.0,0.8910701548241601,0.8910701548241601,0.8910701548241601,28.3438160140747,0.0,28.3438160140747,28.3438160140747,28.3438160140747,29.24074706585729,0.0,29.24074706585729,29.24074706585729,29.24074706585729,30055.972131119102,0.0,30055.972131119102,30055.972131119102,30055.972131119102,,,,,,18287.229579898874,0.0,18287.229579898874,18287.229579898874,18287.229579898874,857.0104704,0.0,857.0104704,857.0104704,857.0104704,0.0,0.0,0.0,0.0,0.0,-0.7117948447871179,0.0,-0.7117948447871179,-0.7117948447871179,-0.7117948447871179,-0.3066136402991876,0.0,-0.3066136402991876,-0.3066136402991876,-0.3066136402991876,28.3438160140747,0.0,28.3438160140747,28.3438160140747,28.3438160140747,11.455118844992597,0.0,11.455118844992597,11.455118844992597,11.455118844992597,-2045.8728127772556,0.0,-2045.8728127772556,-2045.8728127772556,-2045.8728127772556,,,,,,-1263.5839599715728,0.0,-1263.5839599715728,-1263.5839599715728,-1263.5839599715728,-57.50031360000003,0.0,-57.50031360000003,-57.50031360000003,-57.50031360000003,-0.04002078734290063,0.0,-0.04002078734290063,-0.04002078734290063,-0.04002078734290063,-0.25600550124134386,0.0,-0.25600550124134386,-0.25600550124134386,-0.25600550124134386,0.6440660235748299,0.0,0.6440660235748299,0.6440660235748299,0.6440660235748299,-0.0637306926238283,0.0,-0.0637306926238283,-0.0637306926238283,-0.0637306926238283,,,,,
R0_reference,combined_disruption,peripheral + peripheral_area,2,17.93862119417502,0.03496159038173019,17.90365960379329,17.97358278455675,17.97358278455675,0.9748442240643919,0.226730373105423,0.7481138509589689,1.2015745971698149,1.2015745971698149,14.119508613036551,13.980478846887493,0.1390297661490582,28.099987459924044,28.099987459924044,23.88236899517326,5.850356981041054,18.032012014132206,29.732725976214315,29.732725976214315,30021.509441485086,1069.5340876708178,28951.97535381427,31091.043529155904,31091.043529155904,,,,,,18694.885086856353,337.1282105885257,18357.756876267827,19032.01329744488,19032.01329744488,836.9778540000002,44.43508439999988,792.5427696000003,881.4129384,881.4129384,0.0,0.0,0.0,0.0,0.0,0.15299297331032946,0.03496159038173019,0.11803138292859927,0.18795456369205965,0.18795456369205965,-0.2228395710589558,0.226730373105423,-0.4495699441643788,0.00389080204646719,0.00389080204646719,14.119508613036551,13.980478846887493,0.1390297661490582,28.099987459924044,28.099987459924044,6.09674077430857,5.850356981041054,0.24638379326751547,11.947097755349624,11.947097755349624,-2080.3355024112716,1069.5340876708178,-3149.8695900820894,-1010.8014147404538,-1010.8014147404538,,,,,,-855.928453014094,337.1282105885257,-1193.0566636026197,-518.8002424255683,-518.8002424255683,-77.53292999999991,44.43508439999988,-121.96801439999979,-33.09784560000003,-33.09784560000003,0.00860205618887559,0.0019657214211143818,0.006636334767761209,0.010567777609989972,0.010567777609989972,-0.18605876773677635,0.1893073731385606,-0.375366140875337,0.003248605401784268,0.003248605401784268,0.3427902966709018,0.32893732559741007,0.013852971073491658,0.6717276222683118,0.6717276222683118,-0.06480423496054588,0.03331690404523533,-0.09812113900578122,-0.03148733091531056,-0.03148733091531056,,,,,
R0_reference,demand_surge,central_area,8,17.625705994814254,0.10168187518995446,17.35668104021893,17.66413813118502,17.66413813118502,1.1875106433294544,0.006468301352114079,1.1703971265467377,1.189955431441271,1.189955431441271,0.0,0.0,0.0,0.0,0.0,17.625705994814254,0.10168187518995446,17.35668104021893,17.66413813118502,17.66413813118502,32101.84494389635,7.275957614183426e-12,32101.844943896358,32101.844943896358,32101.844943896358,,,,,,19550.813539870447,0.0,19550.813539870447,19550.813539870447,19550.813539870447,914.5107840000001,0.0,914.5107840000001,914.5107840000001,914.5107840000001,0.0,0.0,0.0,0.0,0.0,-0.1599222260504325,0.10168187518995443,-0.42894718064576054,-0.12149008967967134,-0.12149008967967134,-0.010173151793893304,0.00646830135211408,-0.027286668576609996,-0.007728363682076633,-0.007728363682076633,0.0,0.0,0.0,0.0,0.0,-0.1599222260504325,0.10168187518995443,-0.42894718064576054,-0.12149008967967134,-0.12149008967967134,0.0,0.0,0.0,0.0,0.0,,,,,,0.0,0.0,0.0,0.0,0.0,0.0,0.0,0.0,0.0,0.0,-0.008991654613741695,0.005717080888414689,-0.02411762886972717,-0.006830801148600913,-0.006830801148600913,-0.008494021406414358,0.005400675352251819,-0.022782865300268827,-0.006452757993006577,-0.006452757993006577,-0.008991654613741695,0.005717080888414689,-0.02411762886972717,-0.006830801148600913,-0.006830801148600913,0.0,0.0,0.0,0.0,0.0,,,,,
R0_reference,link_failure,any_road,58,17.524601043309527,0.7675074996724828,14.837721490270862,18.443972142419746,18.289381992880177,1.0966253039435159,0.12457732864324877,0.6998924186190161,1.1976837951233477,1.1976837951233477,7.703896828612522,9.726745406905826,0.0,35.739139230626286,27.076084391067326,20.84686242834865,3.75818925295245,17.78562822086469,31.184030486873166,28.313356817057198,31619.493568684175,638.7400625136304,28626.514739668855,32101.844943896358,32101.844943896358,,,,,,19240.209133303477,576.5917351643259,16221.268988586064,19550.813539870447,19550.813539870447,901.5181256689652,15.236524548797856,832.8738480000001,914.5107840000001,914.5107840000001,0.0,0.0,0.0,0.0,0.0,-0.2610271775551686,0.767507499672483,-2.9479067305938287,0.6583439215550548,0.5037537720154859,-0.10105849117983152,0.12457732864324875,-0.4977913765043316,0.0,0.0,7.703896828612522,9.726745406905826,0.0,35.739139230626286,27.076084391067326,3.0612342074839662,3.75818925295245,0.0,13.398402266008475,10.527728596192507,-482.35137521219735,638.7400625136307,-3475.3302042275027,0.0,0.0,,,,,,-310.6044065669723,576.5917351643255,-3329.5445512843835,0.0,0.0,-12.992658331034459,15.23652454879784,-81.63693599999999,0.0,0.0,-0.01467629786891374,0.043153240928094055,-0.1657465619986129,0.03701550000818851,0.028323642311634617,-0.08437827379089125,0.10401520764536913,-0.4156283808223896,0.0,0.0,0.17211841884183593,0.21130483592047875,0.0,0.7533274675274348,0.591923347629757,-0.015025658994216425,0.01989730071994124,-0.10825951624591222,0.0,0.0,,,,,
R0_reference,node_removal,central,9,16.452133428966324,1.4453415247295307,14.83179427293896,18.245853919352964,18.245853919352964,1.0087028240138909,0.09687139703808972,0.8908612376469444,1.164875045134436,1.164875045134436,18.126364201519262,9.324648188433049,3.1086941394135614,29.44562853898197,29.44562853898197,24.44443582977323,3.2408982491358937,19.26286008258734,28.21346147908682,28.21346147908682,31166.01180129781,502.8781002847401,30235.424001942716,31801.867294465912,31801.867294465912,,,,,,18927.945247622254,328.6376215032589,18359.513628428394,19349.30616408239,19349.30616408239,890.2030890666668,13.436911465966668,863.7673944000001,906.8012424000001,906.8012424000001,0.0,0.0,0.0,0.0,0.0,-1.333494791898365,1.445341524729531,-2.9538339479257303,0.4602256984882729,0.4602256984882729,-0.18898097110945655,0.09687139703808972,-0.3068225574764033,-0.03280874998891159,-0.03280874998891159,18.126364201519262,9.324648188433049,3.1086941394135614,29.44562853898197,29.44562853898197,6.658807608908541,3.2408982491358937,1.4772318617226503,10.42783325822213,10.42783325822213,-935.8331425985525,502.8781002847401,-1866.420941953642,-299.97764943044604,-299.97764943044604,,,,,,-622.8682922481938,328.6376215032589,-1191.2999114420527,-201.50737578805638,-201.50737578805638,-24.30769493333326,13.436911465966668,-50.7433896,-7.709541599999966,-7.709541599999966,-0.07497597359726739,0.0812645753515735,-0.16607982081063216,0.025876268905046185,0.025876268905046185,-0.15778870172489368,0.0808822808094461,-0.25617993557707286,-0.027393499120970128,-0.027393499120970128,0.37439260093702814,0.1822200604268748,0.0830576150236672,0.5863067151032102,0.5863067151032102,-0.029152004946571955,0.015665084083597323,-0.05814061295279265,-0.00934456103550154,-0.00934456103550154,,,,,
R0_reference,combined_disruption,central + peripheral_area,3,13.626963527979257,1.9722434062488226,10.837826350563805,15.033837985496882,15.033837985496882,0.6942297960003457,0.2787526040994041,0.3082556641954037,0.9566610741984758,0.9566610741984758,41.00525976203623,20.769443752585076,24.57710377593538,70.30586091230599,70.30586091230599,33.051110426522364,8.757020844629038,26.08521828785655,45.40171577800276,45.40171577800276,27853.066303437266,2537.0406161192213,24552.489873278995,30721.75882467699,30721.75882467699,,,,,,16913.25569729658,1513.4104682596196,14964.39970159874,18653.89978684623,18653.89978684623,795.6923192,73.71871314105782,698.9427840000002,877.7021664000001,877.7021664000001,0.0,0.0,0.0,0.0,0.0,-4.158664692885435,1.9722434062488226,-6.947801870300886,-2.7517902353678085,-2.7517902353678085,-0.5034539991230019,0.27875260409940406,-0.8894281309279439,-0.24102272092487187,-0.24102272092487187,41.00525976203623,20.769443752585076,24.57710377593538,70.30586091230599,70.30586091230599,15.265482205657671,8.757020844629038,8.299590066991858,27.61608755713807,27.61608755713807,-4248.778640459092,2537.0406161192213,-7549.355070617363,-1380.0861192193697,-1380.0861192193697,,,,,,-2637.5578425738677,1513.4104682596196,-4586.4138382717065,-896.9137530242187,-896.9137530242187,-118.81846479999997,73.71871314105782,-215.56799999999987,-36.808617599999934,-36.808617599999934,-0.2338216362808494,0.1108897240939256,-0.39064135289583274,-0.1547198783869566,-0.1547198783869566,-0.4203563588093399,0.23274307061213578,-0.7426234992486836,-0.20124069633926148,-0.20124069633926148,0.8583043576582478,0.4923650003184028,0.466645876318017,1.5527192637896852,1.5527192637896852,-0.13235309833078387,0.07903099091510621,-0.2351688846485675,-0.04299086615212658,-0.04299086615212658,,,,,
R0_reference,node_removal,peripheral,8,17.165169400197605,0.9452080226279755,14.862099867388643,18.130497551394306,18.130497551394306,1.033365176763951,0.06766002687972542,0.9048325204483518,1.127119107299471,1.127119107299471,11.547383067222963,5.959997427075561,2.7717353485339027,19.782594503776714,19.782594503776714,22.151366732664698,2.044627663235578,19.29100935101758,24.77230114202645,24.77230114202645,30716.827396350855,659.4426591673213,29615.311522479627,31563.33983140094,31563.33983140094,,,,,,18677.830079438572,460.71940733099746,18037.474393099536,19291.394771506817,19291.394771506817,876.3646296000001,17.839039124207016,843.629556,899.3243208,899.3243208,0.0,0.0,0.0,0.0,0.0,-0.6204588206670842,0.9452080226279755,-2.9235283534760477,0.3448693305296153,0.3448693305296153,-0.16431861835939682,0.06766002687972542,-0.29285127467499583,-0.07056468782387659,-0.07056468782387659,11.547383067222963,5.959997427075561,2.7717353485339027,19.782594503776714,19.782594503776714,4.365738511800009,2.0446276632355787,1.5053811301528874,6.986672921161759,6.986672921161759,-1385.0175475454985,659.4426591673213,-2486.5334214167306,-538.5051124954189,-538.5051124954189,,,,,,-872.9834604318753,460.71940733099746,-1513.3391467709116,-259.4187683636301,-259.4187683636301,-38.146154399999986,17.839039124207012,-70.88122800000008,-15.186463200000048,-15.186463200000048,-0.03488540370697792,0.05314448333734606,-0.16437588356009802,0.01939033731319324,0.01939033731319324,-0.137196995591373,0.0564923957017864,-0.24451468398204013,-0.058917627600204144,-0.058917627600204144,0.24546439729795266,0.11495954136930532,0.08464031247357873,0.3928268844035291,0.3928268844035291,-0.04314448437359475,0.020542204359899365,-0.07745764848601028,-0.01677489606708124,-0.01677489606708124,,,,,
R0_reference,combined_disruption,central_area + peripheral_area,1,17.42835821179036,0.0,17.42835821179036,17.42835821179036,17.42835821179036,0.6228191179405163,0.0,0.6228191179405163,0.6228191179405163,0.6228191179405163,41.06373873521677,0.0,41.06373873521677,41.06373873521677,41.06373873521677,34.90986597099313,0.0,34.90986597099313,34.90986597099313,34.90986597099313,25102.71648630459,0.0,25102.71648630459,25102.71648630459,25102.71648630459,,,,,,14003.770813880736,0.0,14003.770813880736,14003.770813880736,14003.770813880736,772.2055464000001,0.0,772.2055464000001,772.2055464000001,772.2055464000001,0.0,0.0,0.0,0.0,0.0,-0.3572700090743304,0.0,-0.3572700090743304,-0.3572700090743304,-0.3572700090743304,-0.5748646771828314,0.0,-0.5748646771828314,-0.5748646771828314,-0.5748646771828314,41.06373873521677,0.0,41.06373873521677,41.06373873521677,41.06373873521677,17.12423775012844,0.0,17.12423775012844,17.12423775012844,17.12423775012844,-6999.128457591767,0.0,-6999.128457591767,-6999.128457591767,-6999.128457591767,,,,,,-5547.0427259897115,0.0,-5547.0427259897115,-5547.0427259897115,-5547.0427259897115,-142.30523759999994,0.0,-142.30523759999994,-142.30523759999994,-142.30523759999994,-0.020087567593210426,0.0,-0.020087567593210426,-0.020087567593210426,-0.020087567593210426,-0.47998034165906617,0.0,-0.47998034165906617,-0.47998034165906617,-0.47998034165906617,0.9628132072410936,0.0,0.9628132072410936,0.9628132072410936,0.9628132072410936,-0.21802885378781126,0.0,-0.21802885378781126,-0.21802885378781126,-0.21802885378781126,,,,,
R0_reference,combined_disruption,peripheral_area + central,1,15.254427376391098,0.0,15.254427376391098,15.254427376391098,15.254427376391098,0.7823448754299958,0.0,0.7823448754299958,0.7823448754299958,0.7823448754299958,28.13042034120575,0.0,28.13042034120575,28.13042034120575,28.13042034120575,27.84154503949177,0.0,27.84154503949177,27.84154503949177,27.84154503949177,27480.624471802174,0.0,27480.624471802174,27480.624471802174,27480.624471802174,,,,,,16768.048111752716,0.0,16768.048111752716,16768.048111752716,16768.048111752716,781.4547768,0.0,781.4547768,781.4547768,781.4547768,0.0,0.0,0.0,0.0,0.0,-2.5312008444735934,0.0,-2.5312008444735934,-2.5312008444735934,-2.5312008444735934,-0.4153389196933519,0.0,-0.4153389196933519,-0.4153389196933519,-0.4153389196933519,28.13042034120575,0.0,28.13042034120575,28.13042034120575,28.13042034120575,10.055916818627079,0.0,10.055916818627079,10.055916818627079,10.055916818627079,-4621.2204720941845,0.0,-4621.2204720941845,-4621.2204720941845,-4621.2204720941845,,,,,,-2782.765428117731,0.0,-2782.765428117731,-2782.765428117731,-2782.765428117731,-133.05600720000007,0.0,-133.05600720000007,-133.05600720000007,-133.05600720000007,-0.14231720201506232,0.0,-0.14231720201506232,-0.14231720201506232,-0.14231720201506232,-0.3467851209012783,0.0,-0.3467851209012783,-0.3467851209012783,-0.3467851209012783,0.5653956494396005,0.0,0.5653956494396005,0.5653956494396005,0.5653956494396005,-0.1439549807860135,0.0,-0.1439549807860135,-0.1439549807860135,-0.1439549807860135,,,,,
R0_reference,combined_disruption,peripheral_area + peripheral_area,1,16.933512145873184,0.0,16.933512145873184,16.933512145873184,16.933512145873184,1.0924705312648193,0.0,1.0924705312648193,1.0924705312648193,1.0924705312648193,10.798560026818521,0.0,10.798560026818521,10.798560026818521,10.798560026818521,21.584072688243577,0.0,21.584072688243577,21.584072688243577,21.584072688243577,30156.057105710825,0.0,30156.057105710825,30156.057105710825,30156.057105710825,,,,,,18843.255636138532,0.0,18843.255636138532,18843.255636138532,18843.255636138532,837.8584776,0.0,837.8584776,837.8584776,837.8584776,0.0,0.0,0.0,0.0,0.0,-0.8521160749915069,0.0,-0.8521160749915069,-0.8521160749915069,-0.8521160749915069,-0.10521326385852836,0.0,-0.10521326385852836,-0.10521326385852836,-0.10521326385852836,10.798560026818521,0.0,10.798560026818521,10.798560026818521,10.798560026818521,3.7984444673788857,0.0,3.7984444673788857,3.7984444673788857,3.7984444673788857,-1945.7878381855335,0.0,-1945.7878381855335,-1945.7878381855335,-1945.7878381855335,,,,,,-707.5579037319148,0.0,-707.5579037319148,-707.5579037319148,-707.5579037319148,-76.65230640000004,0.0,-76.65230640000004,-76.65230640000004,-76.65230640000004,-0.04791037260027013,0.0,-0.04791037260027013,-0.04791037260027013,-0.04791037260027013,-0.08784728013097363,0.0,-0.08784728013097363,-0.08784728013097363,-0.08784728013097363,0.21356819226227003,0.0,0.21356819226227003,0.21356819226227003,0.21356819226227003,-0.06061295983411986,0.0,-0.06061295983411986,-0.06061295983411986,-0.06061295983411986,,,,,
R0_reference,combined_disruption,any_road + central,1,16.49083849383038,0.0,16.49083849383038,16.49083849383038,16.49083849383038,0.6770004050563374,0.0,0.6770004050563374,0.6770004050563374,0.6770004050563374,46.0108512639362,0.0,46.0108512639362,46.0108512639362,46.0108512639362,36.50977408061987,0.0,36.50977408061987,36.50977408061987,36.50977408061987,26892.89526471645,0.0,26892.89526471645,26892.89526471645,26892.89526471645,,,,,,15356.974016895565,0.0,15356.974016895565,15356.974016895565,15356.974016895565,811.5175584,0.0,811.5175584,811.5175584,811.5175584,0.0,0.0,0.0,0.0,0.0,-1.2947897270343098,0.0,-1.2947897270343098,-1.2947897270343098,-1.2947897270343098,-0.5206833900670103,0.0,-0.5206833900670103,-0.5206833900670103,-0.5206833900670103,46.0108512639362,0.0,46.0108512639362,46.0108512639362,46.0108512639362,18.72414585975518,0.0,18.72414585975518,18.72414585975518,18.72414585975518,-5208.9496791799065,0.0,-5208.9496791799065,-5208.9496791799065,-5208.9496791799065,,,,,,-4193.839522974882,0.0,-4193.839522974882,-4193.839522974882,-4193.839522974882,-102.99322560000007,0.0,-102.99322560000007,-102.99322560000007,-102.99322560000007,-0.07279977468073717,0.0,-0.07279977468073717,-0.07279977468073717,-0.07279977468073717,-0.4347419512454753,0.0,-0.4347419512454753,-0.4347419512454753,-0.4347419512454753,1.052768315363159,0.0,1.052768315363159,1.052768315363159,1.052768315363159,-0.16226324961333113,0.0,-0.16226324961333113,-0.16226324961333113,-0.16226324961333113,,,,,
R0_reference,combined_disruption,peripheral_area + peripheral,1,17.14228502286429,0.0,17.14228502286429,17.14228502286429,17.14228502286429,1.0307588147572557,0.0,1.0307588147572557,1.0307588147572557,1.0307588147572557,12.880477553178444,0.0,12.880477553178444,12.880477553178444,12.880477553178444,22.66256338029945,0.0,22.66256338029945,22.66256338029945,22.66256338029945,30545.668599557517,0.0,30545.668599557517,30545.668599557517,30545.668599557517,,,,,,19042.408477446894,0.0,19042.408477446894,19042.408477446894,19042.408477446894,850.6523232,0.0,850.6523232,850.6523232,850.6523232,0.0,0.0,0.0,0.0,0.0,-0.6433431980004016,0.0,-0.6433431980004016,-0.6433431980004016,-0.6433431980004016,-0.16692498036609194,0.0,-0.16692498036609194,-0.16692498036609194,-0.16692498036609194,12.880477553178444,0.0,12.880477553178444,12.880477553178444,12.880477553178444,4.876935159434758,0.0,4.876935159434758,4.876935159434758,4.876935159434758,-1556.1763443388409,0.0,-1556.1763443388409,-1556.1763443388409,-1556.1763443388409,,,,,,-508.4050624235533,0.0,-508.4050624235533,-508.4050624235533,-508.4050624235533,-63.8584608000001,0.0,-63.8584608000001,-63.8584608000001,-63.8584608000001,-0.036172081751134455,0.0,-0.036172081751134455,-0.036172081751134455,-0.036172081751134455,-0.1393731643074461,0.0,-0.1393731643074461,-0.1393731643074461,-0.1393731643074461,0.27420651656900846,0.0,0.27420651656900846,0.27420651656900846,0.27420651656900846,-0.048476227676587866,0.0,-0.048476227676587866,-0.048476227676587866,-0.048476227676587866,,,,,
R0_reference,combined_disruption,any_road + peripheral_area,2,17.78391859297866,0.10732431566221479,17.676594277316447,17.891242908640876,17.891242908640876,1.1620295606568445,0.04237271429852352,1.119656846358321,1.204402274955368,1.204402274955368,4.298279587570005,4.298279587570005,0.0,8.59655917514001,8.59655917514001,19.603096901921205,1.711853993280327,17.891242908640876,21.31495089520153,21.31495089520153,31976.026533268603,125.81841062775493,31850.208122640848,32101.844943896358,32101.844943896358,,,,,,19470.054368585756,80.75917128469337,19389.29519730106,19550.813539870447,19550.813539870447,911.1101688,3.400615200000061,907.7095535999999,914.5107840000001,914.5107840000001,0.0,0.0,0.0,0.0,0.0,-0.0017096278860293523,0.10732431566221479,-0.10903394354824414,0.10561468777618543,0.10561468777618543,-0.035654234466503176,0.04237271429852352,-0.0780269487650267,0.006718479832020341,0.006718479832020341,4.298279587570005,4.298279587570005,0.0,8.59655917514001,8.59655917514001,1.8174686810565124,1.711853993280327,0.10561468777618543,3.5293226743368393,3.5293226743368393,-125.81841062775493,125.81841062775493,-251.63682125550986,0.0,0.0,,,,,,-80.75917128469337,80.75917128469337,-161.51834256938673,0.0,0.0,-3.400615200000061,3.400615200000061,-6.801230400000122,0.0,0.0,-9.612412138603832e-05,0.006034328072612605,-0.006130452193998643,0.005938203951226567,0.005938203951226567,-0.02976932192927533,0.03537888253231281,-0.06514820446158814,0.005609560603037478,0.005609560603037478,0.10218748859961,0.09624928464838342,0.005938203951226567,0.19843677324799341,0.19843677324799341,-0.00391935139078906,0.00391935139078906,-0.00783870278157812,0.0,0.0,,,,,
R0_reference,combined_disruption,central_area + any_road,2,16.392429985567645,1.2717081456173736,15.120721839950273,17.66413813118502,17.66413813118502,0.9194927361159744,0.2704626953252967,0.6490300407906776,1.189955431441271,1.189955431441271,25.407614680412824,25.407614680412824,0.0,50.81522936082565,50.81522936082565,27.795184051823746,10.131045920638726,17.66413813118502,37.92622997246247,37.92622997246247,29432.228948724027,2669.615995172333,26762.612953551692,32101.844943896358,32101.844943896358,,,,,,17899.96444390503,1650.8490959654155,16249.115347939616,19550.813539870447,19550.813539870447,839.5698552,74.94092880000005,764.6289264,914.5107840000001,914.5107840000001,0.0,0.0,0.0,0.0,0.0,-1.393198235297045,1.2717081456173736,-2.6649063809144184,-0.12149008967967134,-0.12149008967967134,-0.27819105900737334,0.2704626953252967,-0.54865375433267,-0.007728363682076633,-0.007728363682076633,25.407614680412824,25.407614680412824,0.0,50.81522936082565,50.81522936082565,10.009555830959055,10.131045920638726,-0.12149008967967134,20.14060175159778,20.14060175159778,-2669.615995172333,2669.615995172333,-5339.231990344666,0.0,0.0,,,,,,-1650.8490959654155,1650.8490959654155,-3301.698191930831,0.0,0.0,-74.94092880000005,74.94092880000005,-149.8818576000001,0.0,0.0,-0.0783328099517258,0.07150200880312489,-0.1498348187548507,-0.006830801148600913,-0.006830801148600913,-0.23227421139043036,0.2258214533974238,-0.45809566478785413,-0.006452757993006577,-0.006452757993006577,0.5627889949491149,0.5696197960977158,-0.006830801148600913,1.1324087910468308,1.1324087910468308,-0.08316082766700662,0.08316082766700662,-0.16632165533401325,0.0,0.0,,,,,
R0_reference,combined_disruption,any_road + peripheral,2,18.55911957211847,0.06901553925539083,18.49010403286308,18.62813511137386,18.62813511137386,1.0825405778648882,0.0524490300573891,1.030091547807499,1.1349896079222772,1.1349896079222772,5.135873951442639,0.7119572664227065,4.4239166850199325,5.8478312178653455,5.8478312178653455,20.68697959411584,0.3605123476281733,20.326467246487667,21.047491941744013,21.047491941744013,30306.88688554454,1290.6128749182099,29016.27401062633,31597.49976046275,31597.49976046275,,,,,,18489.965095930675,816.7247026477635,17673.24039328291,19306.689798578438,19306.689798578438,861.9397115999999,35.40183960000002,826.5378719999999,897.3415511999999,897.3415511999999,0.0,0.0,0.0,0.0,0.0,0.7734913512537798,0.06901553925539083,0.7044758119983889,0.8425068905091706,0.8425068905091706,-0.11514321725845955,0.0524490300573891,-0.16759224731584865,-0.06269418720107045,-0.06269418720107045,5.135873951442639,0.7119572664227065,4.4239166850199325,5.8478312178653455,5.8478312178653455,2.901351373251149,0.3605123476281733,2.540839025622976,3.2618637208793224,3.2618637208793224,-1794.9580583518182,1290.6128749182099,-3085.570933270028,-504.3451834336083,-504.3451834336083,,,,,,-1060.8484439397726,816.7247026477635,-1877.573146587536,-244.12374129200907,-244.12374129200907,-52.57107240000016,35.40183960000002,-87.97291200000018,-17.169232800000145,-17.169232800000145,0.04348968401050804,0.003880410542621556,0.03960927346788649,0.0473700945531296,0.0473700945531296,-0.09613824427389962,0.04379205118324862,-0.13993029545714825,-0.052346193090651,-0.052346193090651,0.1631289790398021,0.020269868635016702,0.1428591104047854,0.18339884767481882,0.18339884767481882,-0.05591448284323921,0.04020369786140902,-0.09611818070464823,-0.01571078498183019,-0.01571078498183019,,,,,
R0_reference,combined_disruption,central_area + peripheral,2,16.08521639718044,1.5294962984492955,14.555720098731143,17.614712695629734,17.614712695629734,0.7642536099430141,0.42362930389615483,0.3406243060468593,1.1878829138391689,1.1878829138391689,34.65831521220779,32.31062316900182,2.347692043205967,66.96893838120961,66.96893838120961,31.799530308380362,13.18974159521594,18.609788713164424,44.989271903596304,44.989271903596304,26592.939628988286,4741.886836236879,21851.052792751405,31334.826465225164,31334.826465225164,,,,,,15770.720181235356,3642.7848922960993,12127.935288939256,19413.505073531454,19413.505073531454,776.4646379999999,101.53660680000002,674.9280312,878.0012448,878.0012448,0.0,0.0,0.0,0.0,0.0,-1.7004118236842523,1.5294962984492955,-3.2299081221335477,-0.1709155252349568,-0.1709155252349568,-0.4334301851803336,0.42362930389615483,-0.8570594890764884,-0.009800881284178775,-0.009800881284178775,34.65831521220779,32.31062316900182,2.347692043205967,66.96893838120961,66.96893838120961,14.013902087515673,13.18974159521594,0.8241604922997325,27.203643682731613,27.203643682731613,-5508.905314908074,4741.886836236879,-10250.792151144953,-767.0184786711943,-767.0184786711943,,,,,,-3780.093358635092,3642.7848922960993,-7422.878250931191,-137.30846633899273,-137.30846633899273,-138.04614600000008,101.53660680000002,-239.5827528000001,-36.50953920000006,-36.50953920000006,-0.09560594669855202,0.0859961919509265,-0.18160213864947852,-0.009609754747625513,-0.009609754747625513,-0.3618903311083835,0.35370713507276424,-0.7155974661811477,-0.008183196035619232,-0.008183196035619232,0.7879340506553304,0.7415954854910765,0.04633856516425395,1.5295295361464067,1.5295295361464067,-0.1716071249031281,0.14771384151048525,-0.31932096641361335,-0.02389328339264284,-0.02389328339264284,,,,,
R0_reference,combined_disruption,peripheral + central_area,1,16.60561638653476,0.0,16.60561638653476,16.60561638653476,16.60561638653476,0.8655406580411255,0.0,0.8655406580411255,0.8655406580411255,0.8655406580411255,19.0179074228257,0.0,19.0179074228257,19.0179074228257,19.0179074228257,24.858320088849425,0.0,24.858320088849425,24.858320088849425,24.858320088849425,29547.502558342287,0.0,29547.502558342287,29547.502558342287,29547.502558342287,,,,,,18629.374929927857,0.0,18629.374929927857,18629.374929927857,18629.374929927857,813.5557008000001,0.0,813.5557008000001,813.5557008000001,813.5557008000001,0.0,0.0,0.0,0.0,0.0,-1.1800118343299317,0.0,-1.1800118343299317,-1.1800118343299317,-1.1800118343299317,-0.3321431370822222,0.0,-0.3321431370822222,-0.3321431370822222,-0.3321431370822222,19.0179074228257,0.0,19.0179074228257,19.0179074228257,19.0179074228257,7.072691867984734,0.0,7.072691867984734,7.072691867984734,7.072691867984734,-2554.3423855540714,0.0,-2554.3423855540714,-2554.3423855540714,-2554.3423855540714,,,,,,-921.4386099425901,0.0,-921.4386099425901,-921.4386099425901,-921.4386099425901,-100.95508319999999,0.0,-100.95508319999999,-100.95508319999999,-100.95508319999999,-0.06634636795936369,0.0,-0.06634636795936369,-0.06634636795936369,-0.06634636795936369,-0.27732122487973987,0.0,-0.27732122487973987,-0.27732122487973987,-0.27732122487973987,0.39766331445563513,0.0,0.39766331445563513,0.39766331445563513,0.39766331445563513,-0.07956995587070574,0.0,-0.07956995587070574,-0.07956995587070574,-0.07956995587070574,,,,,
R0_reference,combined_disruption,peripheral_area + any_road,2,17.829148459681825,0.08944914186693431,17.739699317814893,17.91859760154876,17.91859760154876,1.167274232226688,0.0034020191310707437,1.1638722130956172,1.1706762513577587,1.1706762513577587,2.305232906215594,1.4021841939154804,0.9030487123001133,3.707417100131074,3.707417100131074,18.802539047949416,0.503925883923614,18.298613164025802,19.30646493187303,19.30646493187303,31911.490715305168,55.6729354182753,31855.817779886893,31967.163650723443,31967.163650723443,,,,,,19494.435359131458,17.875774272843046,19476.559584858613,19512.3111334043,19512.3111334043,906.4412460000001,2.2984619999999722,904.1427840000001,908.7397080000001,908.7397080000001,0.0,0.0,0.0,0.0,0.0,0.04352023881713585,0.08944914186693431,-0.045928903049798464,0.13296938068407016,0.13296938068407016,-0.030409562896659748,0.0034020191310707437,-0.03381158202773049,-0.027007543765589004,-0.027007543765589004,2.305232906215594,1.4021841939154804,0.9030487123001133,3.707417100131074,3.707417100131074,1.0169108270847254,0.503925883923614,0.5129849431611113,1.5208367110083394,1.5208367110083394,-190.3542285911899,55.6729354182753,-246.0271640094652,-134.6812931729146,-134.6812931729146,,,,,,-56.37818073899143,17.875774272843046,-74.25395501183448,-38.502406466148386,-38.502406466148386,-8.069537999999966,2.2984619999999722,-10.367999999999938,-5.771075999999994,-5.771075999999994,0.0024469328986693505,0.005029293357318673,-0.0025823604586493218,0.007476226255988023,0.007476226255988023,-0.02539031004717561,0.00284049858979713,-0.028230808636972738,-0.02254981145737848,-0.02254981145737848,0.057175985827240344,0.0283333193332158,0.02884266649402454,0.08550930516045614,0.08550930516045614,-0.005929697465172719,0.0017342596824442206,-0.007663957147616939,-0.004195437782728498,-0.004195437782728498,,,,,
