scenario,type,location,severity,n,mean_att,std_att,min_att,max_att,p95_att,mean_CEF,std_CEF,min_CEF,max_CEF,p95_CEF,mean_dun,std_dun,min_dun,max_dun,p95_dun,mean_gc,std_gc,min_gc,max_gc,p95_gc,mean_cost,std_cost,min_cost,max_cost,p95_cost,mean_energy,std_energy,min_energy,max_energy,p95_energy,mean_vkm,std_vkm,min_vkm,max_vkm,p95_vkm,mean_vh,std_vh,min_vh,max_vh,p95_vh,mean_invalid_edges,std_invalid_edges,min_invalid_edges,max_invalid_edges,p95_invalid_edges,mean_delta_att,std_delta_att,min_delta_att,max_delta_att,p95_delta_att,mean_delta_CEF,std_delta_CEF,min_delta_CEF,max_delta_CEF,p95_delta_CEF,mean_delta_dun,std_delta_dun,min_delta_dun,max_delta_dun,p95_delta_dun,mean_delta_gc,std_delta_gc,min_delta_gc,max_delta_gc,p95_delta_gc,mean_delta_cost,std_delta_cost,min_delta_cost,max_delta_cost,p95_delta_cost,mean_delta_energy,std_delta_energy,min_delta_energy,max_delta_energy,p95_delta_energy,mean_delta_vkm,std_delta_vkm,min_delta_vkm,max_delta_vkm,p95_delta_vkm,mean_delta_vh,std_delta_vh,min_delta_vh,max_delta_vh,p95_delta_vh,mean_pct_delta_att,std_pct_delta_att,min_pct_delta_att,max_pct_delta_att,p95_pct_delta_att,mean_pct_delta_CEF,std_pct_delta_CEF,min_pct_delta_CEF,max_pct_delta_CEF,p95_pct_delta_CEF,mean_pct_delta_gc,std_pct_delta_gc,min_pct_delta_gc,max_pct_delta_gc,p95_pct_delta_gc,mean_pct_delta_cost,std_pct_delta_cost,min_pct_delta_cost,max_pct_delta_cost,p95_pct_delta_cost,mean_pct_delta_energy,std_pct_delta_energy,min_pct_delta_energy,max_pct_delta_energy,p95_pct_delta_energy
S1_service,area_closure,peripheral_area,severe,5,15.849758531692135,1.9432687918125195,12.158381512867773,17.87569370667278,17.87569370667278,0.9220505425417658,0.13347851502560498,0.7711398233713572,1.088635189427561,1.088635189427561,33.95108804090556,9.79709542992688,22.6413279203753,48.351324665440764,48.351324665440764,30.98451122361366,3.5390878499650813,26.25122482715566,35.290437792782605,35.290437792782605,27640.595666879228,1574.173363303786,25469.157248306412,29628.886378863794,29628.886378863794,,,,,,17597.917850399033,1112.6841049233974,16340.488445805187,19204.393915579738,19204.393915579738,753.4589659200001,40.39017395070012,686.7138576,792.5206248000001,792.5206248000001,0.0,0.0,0.0,0.0,0.0,-2.1436741613730534,1.9432687918125195,-5.835051180197414,-0.11773898639240699,-0.11773898639240699,-0.76406218177885,0.13347851502560498,-0.9149729009492585,-0.5974775348930548,-0.5974775348930548,33.95108804090556,9.79709542992688,22.6413279203753,48.351324665440764,48.351324665440764,12.991078530548469,3.5390878499650813,8.257792134090472,17.297005099717417,17.297005099717417,-6885.597196196116,1574.1733633037861,-9057.035614768934,-4897.306484211553,-4897.306484211553,,,,,,-4733.8506424451425,1112.6841049233976,-5991.28004703899,-3127.3745772644397,-3127.3745772644397,-172.13981567999994,40.39017395070012,-238.88492400000007,-133.0781568,-133.0781568,-0.11913647595432095,0.10799878071967171,-0.3242878265494215,-0.006543442176977411,-0.006543442176977411,-0.45315011906259894,0.07916345870611194,-0.54265227214742,-0.3543520704606485,-0.3543520704606485,0.7219900033613562,0.19668775326728372,0.4589336717986608,0.9612954567798406,0.9612954567798406,-0.19943111664535826,0.04559359815739528,-0.26232361183544056,-0.14184322330682061,-0.14184322330682061,,,,,
S1_service,combined_disruption,peripheral_area + central_area,mild,1,18.112286800237847,0.0,18.112286800237847,18.112286800237847,18.112286800237847,1.3938107847537822,0.0,1.3938107847537822,1.3938107847537822,1.3938107847537822,13.078500963407327,0.0,13.078500963407327,13.078500963407327,13.078500963407327,23.590571774618038,0.0,23.590571774618038,23.590571774618038,23.590571774618038,32857.51137036717,0.0,32857.51137036717,32857.51137036717,32857.51137036717,,,,,,21143.14752495895,0.0,21143.14752495895,21143.14752495895,21143.14752495895,885.7218528000002,0.0,885.7218528000002,885.7218528000002,885.7218528000002,0.0,0.0,0.0,0.0,0.0,0.11885410717265898,0.0,0.11885410717265898,0.11885410717265898,0.11885410717265898,-0.2923019395668336,0.0,-0.2923019395668336,-0.2923019395668336,-0.2923019395668336,13.078500963407327,0.0,13.078500963407327,13.078500963407327,13.078500963407327,5.59713908155285,0.0,5.59713908155285,5.59713908155285,5.59713908155285,-1668.6814927081796,0.0,-1668.6814927081796,-1668.6814927081796,-1668.6814927081796,,,,,,-1188.6209678852283,0.0,-1188.6209678852283,-1188.6209678852283,-1188.6209678852283,-39.87692879999986,0.0,-39.87692879999986,-39.87692879999986,-39.87692879999986,0.006605415942588114,0.0,0.006605415942588114,0.006605415942588114,0.006605415942588114,-0.1733584803380276,0.0,-0.1733584803380276,-0.1733584803380276,-0.1733584803380276,0.3110656636245974,0.0,0.3110656636245974,0.3110656636245974,0.3110656636245974,-0.04833088604138514,0.0,-0.04833088604138514,-0.04833088604138514,-0.04833088604138514,,,,,
S1_service,combined_disruption,central + any_road,moderate,2,16.13178588518197,1.0245674353459098,15.107218449836061,17.15635332052788,17.15635332052788,1.2026687716025988,0.0355336415373223,1.1671351300652764,1.238202413139921,1.238202413139921,28.03260400921417,0.0652037140793098,27.967400295134862,28.09780772329348,28.09780772329348,28.4298566899242,0.7087507984849051,27.721105891439294,29.138607488409104,29.138607488409104,32100.60437236307,1002.7052954739811,31097.899076889087,33103.30966783705,33103.30966783705,,,,,,20440.886066453837,1080.5401203424753,19360.34594611136,21521.42618679631,21521.42618679631,874.8830844,7.681844400000045,867.20124,882.5649288000001,882.5649288000001,0.0,0.0,0.0,0.0,0.0,-1.8616468078832167,1.0245674353459098,-2.8862142432291265,-0.8370793725373069,-0.8370793725373069,-0.4834439527180171,0.0355336415373223,-0.5189775942553394,-0.4479103111806948,-0.4479103111806948,28.03260400921417,0.0652037140793098,27.967400295134862,28.09780772329348,28.09780772329348,10.436423996859011,0.7087507984849051,9.727673198374106,11.145174795343916,11.145174795343916,-2425.588490712278,1002.7052954739811,-3428.2937861862592,-1422.883195238297,-1422.883195238297,,,,,,-1890.8824263903425,1080.5401203424753,-2971.422546732818,-810.3423060478672,-810.3423060478672,-50.71569720000002,7.681844400000045,-58.39754160000007,-43.03385279999998,-43.03385279999998,-0.10346257101907576,0.05694118808918468,-0.16040375910826044,-0.04652138292989108,-0.04652138292989108,-0.2867210155909421,0.021074297717336682,-0.30779531330827875,-0.2656467178736054,-0.2656467178736054,0.5800129511075056,0.03938941560373094,0.5406235355037746,0.6194023667112365,0.6194023667112365,-0.07025357531691157,0.0290418726284282,-0.09929544794533976,-0.041211702688483356,-0.041211702688483356,,,,,
S1_service,demand_surge,peripheral_area,mild,10,18.132145214444503,0.0,18.132145214444503,18.132145214444503,18.132145214444503,1.7010995063842724,0.0,1.7010995063842724,1.7010995063842724,1.7010995063842724,0.0,0.0,0.0,0.0,0.0,18.132145214444503,0.0,18.132145214444503,18.132145214444503,18.132145214444503,34526.19286307535,0.0,34526.19286307535,34526.19286307535,34526.19286307535,,,,,,22331.76849284418,3.637978807091713e-12,22331.768492844178,22331.768492844178,22331.768492844178,925.5987815999999,1.1368683772161603e-13,925.5987816,925.5987816,925.5987816,0.0,0.0,0.0,0.0,0.0,0.13871252137931478,0.0,0.13871252137931478,0.13871252137931478,0.13871252137931478,0.014986782063656667,0.0,0.014986782063656667,0.014986782063656667,0.014986782063656667,0.0,0.0,0.0,0.0,0.0,0.13871252137931478,0.0,0.13871252137931478,0.13871252137931478,0.13871252137931478,0.0,0.0,0.0,0.0,0.0,,,,,,0.0,0.0,0.0,0.0,0.0,0.0,0.0,0.0,0.0,0.0,0.0077090638426527535,8.673617379884035e-19,0.007709063842652753,0.007709063842652753,0.007709063842652753,0.008888363065817724,1.734723475976807e-18,0.008888363065817726,0.008888363065817726,0.008888363065817726,0.0077090638426527535,8.673617379884035e-19,0.007709063842652753,0.007709063842652753,0.007709063842652753,0.0,0.0,0.0,0.0,0.0,,,,,
S1_service,area_closure,central_area,moderate,1,15.620980781654351,0.0,15.620980781654351,15.620980781654351,15.620980781654351,1.0054370752472597,0.0,1.0054370752472597,1.0054370752472597,1.0054370752472597,41.42262633771367,0.0,41.42262633771367,41.42262633771367,41.42262633771367,34.00393608481181,0.0,34.00393608481181,34.00393608481181,34.00393608481181,29802.22123689775,0.0,29802.22123689775,29802.22123689775,29802.22123689775,,,,,,19052.69959812218,0.0,19052.69959812218,19052.69959812218,19052.69959812218,808.8923088000001,0.0,808.8923088000001,808.8923088000001,808.8923088000001,0.0,0.0,0.0,0.0,0.0,-2.3724519114108364,0.0,-2.3724519114108364,-2.3724519114108364,-2.3724519114108364,-0.6806756490733561,0.0,-0.6806756490733561,-0.6806756490733561,-0.6806756490733561,41.42262633771367,0.0,41.42262633771367,41.42262633771367,41.42262633771367,16.010503391746624,0.0,16.010503391746624,16.010503391746624,16.010503391746624,-4723.9716261775975,0.0,-4723.9716261775975,-4723.9716261775975,-4723.9716261775975,,,,,,-3279.068894721997,0.0,-3279.068894721997,-3279.068894721997,-3279.068894721997,-116.70647279999991,0.0,-116.70647279999991,-116.70647279999991,-116.70647279999991,-0.13185098985171398,0.0,-0.13185098985171398,-0.13185098985171398,-0.13185098985171398,-0.40369522111733086,0.0,-0.40369522111733086,-0.40369522111733086,-0.40369522111733086,0.8897970534503513,0.0,0.8897970534503513,0.8897970534503513,0.8897970534503513,-0.13682283606860499,0.0,-0.13682283606860499,-0.13682283606860499,-0.13682283606860499,,,,,
S1_service,area_closure,peripheral_area,moderate,4,16.82577657983876,0.8312317399391491,15.395380844067391,17.426940884591467,17.426940884591467,1.3326766031566093,0.11262129661531971,1.2456305391851306,1.5262224656237797,1.5262224656237797,12.52175131049494,3.41802466080104,8.84784771787001,15.94564037594185,15.94564037594185,22.250653413390634,1.126926741703181,21.193740323961592,23.99212333157155,23.99212333157155,29618.01793010901,1342.4595928668725,27837.18799479692,31604.146013844595,31604.146013844595,,,,,,18281.61453963626,1439.9810934084667,16689.620199496152,20608.256089305734,20608.256089305734,832.9292388000001,16.389509848595907,804.7495464,845.3686176,845.3686176,0.0,0.0,0.0,0.0,0.0,-1.1676561132264278,0.8312317399391492,-2.5980518489977964,-0.5664918084737209,-0.5664918084737209,-0.35343612116400636,0.11262129661531971,-0.4404821851354852,-0.15989025869683604,-0.15989025869683604,12.52175131049494,3.41802466080104,8.84784771787001,15.94564037594185,15.94564037594185,4.257220720325447,1.126926741703181,3.200307630896404,5.9986906385063605,5.9986906385063605,-4908.174932966337,1342.4595928668725,-6689.004868278425,-2922.046849230752,-2922.046849230752,,,,,,-4050.1539532079196,1439.9810934084667,-5642.148293348026,-1723.5124035384433,-1723.5124035384433,-92.66954279999996,16.38950984859591,-120.84923520000007,-80.23016400000006,-80.23016400000006,-0.0648934604721895,0.0461963958805655,-0.14438889417687967,-0.03148325381471271,-0.03148325381471271,-0.20961595038458425,0.0667934563276,-0.2612412437092356,-0.09482773980088462,-0.09482773980088462,0.23659858532531225,0.06262989174586502,0.17785976058530667,0.3333822256616051,0.3333822256616051,-0.1421580118152984,0.03888235225328276,-0.19373711126523022,-0.08463275579844735,-0.08463275579844735,,,,,
S1_service,combined_disruption,any_road + central_area,mild,3,16.691500561189226,1.6155539163694388,14.406762301914595,17.83386969082654,17.83386969082654,1.3418072486057684,0.4625411240913839,0.6876753177604366,1.6688732140284344,1.6688732140284344,18.50965328104667,26.176602704879862,0.0,55.528959843140015,55.528959843140015,25.130650778708297,10.319206776149887,17.83386969082654,39.72421295447181,39.72421295447181,32959.62925640516,2215.4554988730893,29826.502043064786,34526.19286307535,34526.19286307535,,,,,,21179.243984506447,1629.9157906586017,18874.194967830987,22331.768492844178,22331.768492844178,889.7907816000001,50.64015924145588,818.1747815999998,925.5987816,925.5987816,0.0,0.0,0.0,0.0,0.0,-1.3019321318759633,1.6155539163694388,-3.5866703911505926,-0.15956300223864872,-0.15956300223864872,-0.3443054757148474,0.4625411240913839,-0.9984374065601792,-0.017239510292181404,-0.017239510292181404,18.50965328104667,26.176602704879862,0.0,55.528959843140015,55.528959843140015,7.1372180856431084,10.319206776149887,-0.15956300223864872,21.730780261406622,21.730780261406622,-1566.563606670187,2215.4554988730893,-4699.690820010561,0.0,0.0,,,,,,-1152.5245083377304,1629.9157906586017,-3457.573525013191,0.0,0.0,-35.80800000000007,50.640159241455876,-107.4240000000002,0.0,0.0,-0.0723559619826037,0.08978575372069424,-0.19933219260230006,-0.00886784667275553,-0.00886784667275553,-0.20420074574407718,0.2743239626981377,-0.5921534142757146,-0.010224411478258495,-0.010224411478258495,0.3966568362685931,0.5734985064927045,-0.00886784667275553,1.2077062021512903,1.2077062021512903,-0.04537319283602729,0.06416738467687956,-0.13611957850808187,0.0,0.0,,,,,
S1_service,combined_disruption,peripheral_area + central_area,moderate,2,16.30266101335341,0.4660929132258902,15.83656810012752,16.7687539265793,16.7687539265793,1.1305199572157925,0.13765949394494853,0.9928604632708439,1.268179451160741,1.268179451160741,25.33531224945022,4.222327306165404,21.112984943284815,29.557639555615623,29.557639555615623,27.353838321973832,2.193051494388392,25.16078682758544,29.546889816362224,29.546889816362224,30359.086726937054,15.088297229591262,30343.998429707462,30374.175024166645,30374.175024166645,,,,,,19485.219772671317,104.47121553699253,19380.748557134324,19589.69098820831,19589.69098820831,820.6061616,3.80492640000017,816.8012351999998,824.4110880000002,824.4110880000002,0.0,0.0,0.0,0.0,0.0,-1.6907716797117773,0.4660929132258902,-2.1568645929376675,-1.2246787664858871,-1.2246787664858871,-0.5555927671048233,0.13765949394494853,-0.6932522610497719,-0.41793327315987483,-0.41793327315987483,25.33531224945022,4.222327306165404,21.112984943284815,29.557639555615623,29.557639555615623,9.360405628908644,2.193051494388392,7.167354134520252,11.553457123297036,11.553457123297036,-4167.106136138293,15.088297229591262,-4182.194433367884,-4152.017838908701,-4152.017838908701,,,,,,-2846.548720172861,104.47121553699253,-2951.0199357098536,-2742.0775046358685,-2742.0775046358685,-104.99262000000004,3.80492640000017,-108.79754640000021,-101.18769359999988,-101.18769359999988,-0.09396604353117202,0.025903501637323828,-0.11986954516849585,-0.0680625418938482,-0.0680625418938482,-0.32951104578650753,0.08164311434184542,-0.41115416012835293,-0.2478679314446621,-0.2478679314446621,0.5202123346100724,0.12188066233929959,0.3983316722707729,0.642092996949372,0.642092996949372,-0.12069405256074088,0.0004370101647010044,-0.12113106272544188,-0.12025704239603988,-0.12025704239603988,,,,,
S1_service,combined_disruption,central + central_area,mild,1,15.033947362848604,0.0,15.033947362848604,15.033947362848604,15.033947362848604,1.2827080021359112,0.0,1.2827080021359112,1.2827080021359112,1.2827080021359112,24.606541331300967,0.0,24.606541331300967,24.606541331300967,24.606541331300967,26.09853769006381,0.0,26.09853769006381,26.09853769006381,26.09853769006381,33436.961261474324,0.0,33436.961261474324,33436.961261474324,33436.961261474324,,,,,,21582.339780842904,0.0,21582.339780842904,21582.339780842904,21582.339780842904,898.3938576,0.0,898.3938576,898.3938576,898.3938576,0.0,0.0,0.0,0.0,0.0,-2.9594853302165838,0.0,-2.9594853302165838,-2.9594853302165838,-2.9594853302165838,-0.4034047221847046,0.0,-0.4034047221847046,-0.4034047221847046,-0.4034047221847046,24.606541331300967,0.0,24.606541331300967,24.606541331300967,24.606541331300967,8.105104996998623,0.0,8.105104996998623,8.105104996998623,8.105104996998623,-1089.2316016010227,0.0,-1089.2316016010227,-1089.2316016010227,-1089.2316016010227,,,,,,-749.4287120012741,0.0,-749.4287120012741,-749.4287120012741,-749.4287120012741,-27.204924000000005,0.0,-27.204924000000005,-27.204924000000005,-27.204924000000005,-0.1644758607598645,0.0,-0.1644758607598645,-0.1644758607598645,-0.1644758607598645,-0.23925133614494734,0.0,-0.23925133614494734,-0.23925133614494734,-0.23925133614494734,0.45044795705504237,0.0,0.45044795705504237,0.45044795705504237,0.45044795705504237,-0.03154797883220773,0.0,-0.03154797883220773,-0.03154797883220773,-0.03154797883220773,,,,,
S1_service,demand_surge,peripheral_area,severe,3,18.3614770206727,0.0,18.3614770206727,18.3614770206727,18.3614770206727,1.7258769797228746,0.0,1.7258769797228746,1.7258769797228746,1.7258769797228746,0.0,0.0,0.0,0.0,0.0,18.3614770206727,0.0,18.3614770206727,18.3614770206727,18.3614770206727,34526.19286307535,0.0,34526.19286307535,34526.19286307535,34526.19286307535,,,,,,22331.768492844178,0.0,22331.768492844178,22331.768492844178,22331.768492844178,925.5987816,0.0,925.5987816,925.5987816,925.5987816,0.0,0.0,0.0,0.0,0.0,0.3680443276075138,0.0,0.3680443276075138,0.3680443276075138,0.3680443276075138,0.03976425540225881,0.0,0.03976425540225881,0.03976425540225881,0.03976425540225881,0.0,0.0,0.0,0.0,0.0,0.3680443276075138,0.0,0.3680443276075138,0.3680443276075138,0.3680443276075138,0.0,0.0,0.0,0.0,0.0,,,,,,0.0,0.0,0.0,0.0,0.0,0.0,0.0,0.0,0.0,0.0,0.020454369874035264,0.0,0.020454369874035264,0.020454369874035264,0.020454369874035264,0.023583390854416922,0.0,0.023583390854416922,0.023583390854416922,0.023583390854416922,0.020454369874035264,0.0,0.020454369874035264,0.020454369874035264,0.020454369874035264,0.0,0.0,0.0,0.0,0.0,,,,,
S1_service,combined_disruption,central_area + central_area,moderate,1,17.373616724141282,0.0,17.373616724141282,17.373616724141282,17.373616724141282,1.2655447293561044,0.0,1.2655447293561044,1.2655447293561044,1.2655447293561044,28.373870127348752,0.0,28.373870127348752,28.373870127348752,28.373870127348752,29.468371354819343,0.0,29.468371354819343,29.468371354819343,29.468371354819343,32128.61908947297,0.0,32128.61908947297,32128.61908947297,32128.61908947297,,,,,,20833.675225841213,0.0,20833.675225841213,20833.675225841213,20833.675225841213,858.9821616,0.0,858.9821616,858.9821616,858.9821616,0.0,0.0,0.0,0.0,0.0,-0.6198159689239056,0.0,-0.6198159689239056,-0.6198159689239056,-0.6198159689239056,-0.42056799496451136,0.0,-0.42056799496451136,-0.42056799496451136,-0.42056799496451136,28.373870127348752,0.0,28.373870127348752,28.373870127348752,28.373870127348752,11.474938661754155,0.0,11.474938661754155,11.474938661754155,11.474938661754155,-2397.5737736023766,0.0,-2397.5737736023766,-2397.5737736023766,-2397.5737736023766,,,,,,-1498.0932670029651,0.0,-1498.0932670029651,-1498.0932670029651,-1498.0932670029651,-66.61662000000001,0.0,-66.61662000000001,-66.61662000000001,-66.61662000000001,-0.034446788419798716,0.0,-0.034446788419798716,-0.034446788419798716,-0.034446788419798716,-0.24943053266736395,0.0,-0.24943053266736395,-0.24943053266736395,-0.24943053266736395,0.6377292680888338,0.0,0.6377292680888338,0.6377292680888338,0.6377292680888338,-0.06944217056049944,0.0,-0.06944217056049944,-0.06944217056049944,-0.06944217056049944,,,,,
S1_service,area_closure,peripheral_area,mild,1,17.707544130198894,0.0,17.707544130198894,17.707544130198894,17.707544130198894,1.5892437236995836,0.0,1.5892437236995836,1.5892437236995836,1.5892437236995836,5.250014527178018,0.0,5.250014527178018,5.250014527178018,5.250014527178018,19.927904207263804,0.0,19.927904207263804,19.927904207263804,19.927904207263804,32893.26417954822,0.0,32893.26417954822,32893.26417954822,32893.26417954822,,,,,,21872.475376435275,0.0,21872.475376435275,21872.475376435275,21872.475376435275,855.2935488,0.0,855.2935488,855.2935488,855.2935488,0.0,0.0,0.0,0.0,0.0,-0.28588856286629394,0.0,-0.28588856286629394,-0.28588856286629394,-0.28588856286629394,-0.09686900062103221,0.0,-0.09686900062103221,-0.09686900062103221,-0.09686900062103221,5.250014527178018,0.0,5.250014527178018,5.250014527178018,5.250014527178018,1.9344715141986164,0.0,1.9344715141986164,1.9344715141986164,1.9344715141986164,-1632.9286835271269,0.0,-1632.9286835271269,-1632.9286835271269,-1632.9286835271269,,,,,,-459.2931164089023,0.0,-459.2931164089023,-459.2931164089023,-459.2931164089023,-70.3052328,0.0,-70.3052328,-70.3052328,-70.3052328,-0.015888494860487497,0.0,-0.015888494860487497,-0.015888494860487497,-0.015888494860487497,-0.05745108213928198,0.0,-0.05745108213928198,-0.05745108213928198,-0.05745108213928198,0.10750986469325428,0.0,0.10750986469325428,0.10750986469325428,0.10750986469325428,-0.04729535891788091,0.0,-0.04729535891788091,-0.04729535891788091,-0.04729535891788091,,,,,
S1_service,combined_disruption,peripheral + peripheral_area,mild,1,17.85526375179761,0.0,17.85526375179761,17.85526375179761,17.85526375179761,1.229234365786453,0.0,1.229234365786453,1.229234365786453,1.229234365786453,15.360153080100988,0.0,15.360153080100988,15.360153080100988,15.360153080100988,24.328759754726306,0.0,24.328759754726306,24.328759754726306,24.328759754726306,32107.642133840636,0.0,32107.642133840636,32107.642133840636,32107.642133840636,,,,,,20968.955611300793,0.0,20968.955611300793,20968.955611300793,20968.955611300793,851.8043136,0.0,851.8043136,851.8043136,851.8043136,0.0,0.0,0.0,0.0,0.0,-0.13816894126757617,0.0,-0.13816894126757617,-0.13816894126757617,-0.13816894126757617,-0.4568783585341627,0.0,-0.4568783585341627,-0.4568783585341627,-0.4568783585341627,15.360153080100988,0.0,15.360153080100988,15.360153080100988,15.360153080100988,6.335327061661118,0.0,6.335327061661118,6.335327061661118,6.335327061661118,-2418.55072923471,0.0,-2418.55072923471,-2418.55072923471,-2418.55072923471,,,,,,-1362.8128815433847,0.0,-1362.8128815433847,-1362.8128815433847,-1362.8128815433847,-73.79446800000005,0.0,-73.79446800000005,-73.79446800000005,-73.79446800000005,-0.007678853925456235,0.0,-0.007678853925456235,-0.007678853925456235,-0.007678853925456235,-0.27096548880992066,0.0,-0.27096548880992066,-0.27096548880992066,-0.27096548880992066,0.35209107510112864,0.0,0.35209107510112864,0.35209107510112864,0.35209107510112864,-0.07004973698740102,0.0,-0.07004973698740102,-0.07004973698740102,-0.07004973698740102,,,,,
S1_service,demand_surge,central_area,mild,7,17.833869690826536,3.552713678800501e-15,17.83386969082654,17.83386969082654,17.83386969082654,1.6688732140284341,2.220446049250313e-16,1.6688732140284344,1.6688732140284344,1.6688732140284344,0.0,0.0,0.0,0.0,0.0,17.833869690826536,3.552713678800501e-15,17.83386969082654,17.83386969082654,17.83386969082654,34526.19286307535,0.0,34526.19286307535,34526.19286307535,34526.19286307535,,,,,,22331.76849284418,3.637978807091713e-12,22331.768492844178,22331.768492844178,22331.768492844178,925.5987815999999,1.1368683772161603e-13,925.5987816,925.5987816,925.5987816,0.0,0.0,0.0,0.0,0.0,-0.15956300223864872,0.0,-0.15956300223864872,-0.15956300223864872,-0.15956300223864872,-0.017239510292181404,0.0,-0.017239510292181404,-0.017239510292181404,-0.017239510292181404,0.0,0.0,0.0,0.0,0.0,-0.15956300223864872,0.0,-0.15956300223864872,-0.15956300223864872,-0.15956300223864872,0.0,0.0,0.0,0.0,0.0,,,,,,0.0,0.0,0.0,0.0,0.0,0.0,0.0,0.0,0.0,0.0,-0.00886784667275553,0.0,-0.00886784667275553,-0.00886784667275553,-0.00886784667275553,-0.010224411478258493,1.734723475976807e-18,-0.010224411478258495,-0.010224411478258495,-0.010224411478258495,-0.00886784667275553,0.0,-0.00886784667275553,-0.00886784667275553,-0.00886784667275553,0.0,0.0,0.0,0.0,0.0,,,,,
S1_service,link_failure,any_road,mild,24,17.828007514558003,0.5512924359487524,15.31532703898297,18.29819127367958,18.173655214877712,1.600024625655827,0.10109027864785555,1.2780053748075713,1.6861127243206158,1.6861127243206158,4.71377065280475,7.311111973548478,0.0,25.532587867905264,18.500013271742887,19.845394366004452,2.776996984344748,17.993432693065188,26.72448042624075,25.517546180913143,34272.28560977752,269.71089542988165,33357.72134396052,34526.19286307535,34526.19286307535,,,,,,22174.868270471914,262.89106212210174,21067.572773950644,22331.768492844178,22331.768492844178,918.4661663000006,7.015191559717478,905.5273992000001,925.5987816,925.5987816,0.0,0.0,0.0,0.0,0.0,-0.16542517850718683,0.5512924359487525,-2.678105654082218,0.30475858061439354,0.1802225218125244,-0.08608809866478866,0.10109027864785551,-0.4081073495130445,0.0,0.0,4.71377065280475,7.311111973548478,0.0,25.532587867905264,18.500013271742887,1.8519616729392627,2.7769969843447475,0.0,8.731047733175561,7.524113487847956,-253.9072532978104,269.71089542988153,-1168.471519114828,0.0,0.0,,,,,,-156.90022237226034,262.89106212210174,-1264.195718893534,0.0,0.0,-7.132615299999988,7.015191559717478,-20.071382399999948,0.0,0.0,-0.009193641998668936,0.030638536034384642,-0.14883795103278882,0.01693721180460746,0.010016016670459083,-0.05105714310973845,0.05995463837602423,-0.2420403711012162,0.0,0.0,0.10292431158247105,0.15433391903119323,0.0,0.48523524566496845,0.41815887030537585,-0.007354047238997964,0.007811776308482846,-0.03384304559001843,0.0,0.0,,,,,
S1_service,area_closure,central_area,mild,6,16.074312717601476,1.0347310125994256,15.133263872935359,17.75803426406734,17.75803426406734,1.2134009464871143,0.10800554136398707,1.0934044041759643,1.4186511895833913,1.4186511895833913,30.270891309014186,7.41499347471331,17.96740029513487,41.149460400097695,41.149460400097695,29.418325607923844,2.847132626416856,25.347817340376075,33.78968055968173,33.78968055968173,32353.623245128245,588.837070060408,31363.640102435755,33167.50926182493,33167.50926182493,,,,,,21010.045824410296,434.5096721018142,20102.506806044687,21414.50330928116,21414.50330928116,863.6436992,16.376435469575856,847.5729288000001,890.8837008,890.8837008,0.0,0.0,0.0,0.0,0.0,-1.9191199754637098,1.0347310125994256,-2.8601688201298288,-0.23539842899784702,-0.23539842899784702,-0.47271177783350166,0.10800554136398707,-0.5927083201446515,-0.26746153473722445,-0.26746153473722445,30.270891309014186,7.41499347471331,17.96740029513487,41.149460400097695,41.149460400097695,11.424892914858654,2.8471326264168564,7.354384647310887,15.79624786661654,15.79624786661654,-2172.5696179471056,588.837070060408,-3162.5527606395917,-1358.6836012504136,-1358.6836012504136,,,,,,-1321.7226684338814,434.50967210181426,-2229.261686799491,-917.2651835630168,-917.2651835630168,-61.95508239999996,16.376435469575856,-78.02585279999994,-34.71508080000001,-34.71508080000001,-0.10665669014914277,0.05750603735540796,-0.15895626303880084,-0.01308246364178034,-0.01308246364178034,-0.28035597562077064,0.06405594347643967,-0.35152354382680495,-0.1586261291308341,-0.1586261291308341,0.6349479340460645,0.1582317657216215,0.40872604870694434,0.8778896242907858,0.8778896242907858,-0.0629252587032438,0.017054792933458653,-0.09159865303370417,-0.03935225660815566,-0.03935225660815566,,,,,
S1_service,link_failure,any_road,moderate,26,17.780941496099516,0.6032763516345366,15.493185652456376,18.358993762208332,18.33408323688181,1.5640339385272233,0.1404457135723172,1.1680465478594155,1.6861127243206158,1.6861127243206158,4.892138807310132,7.408360017107155,0.0,27.945634636809782,23.293487017724598,19.880072984357405,2.7874189356917385,17.993432693065188,27.930897378504152,27.095302467246277,34163.60965620579,322.2381023892311,33295.47832594654,34526.19286307535,34526.19286307535,,,,,,22110.132393411084,222.41222923898,21288.596739433175,22331.768492844178,22331.768492844178,915.3057634153848,9.86009368474117,888.5132424000001,925.5987816,925.5987816,0.0,0.0,0.0,0.0,0.0,-0.2124911969656715,0.6032763516345369,-2.500247040608812,0.3655610691431441,0.3406505438166221,-0.12207878579339243,0.1404457135723172,-0.5180661764612002,0.0,0.0,4.892138807310132,7.408360017107155,0.0,27.945634636809782,23.293487017724598,1.8866402912922136,2.787418935691739,0.0,9.937464685438965,9.10186977418109,-362.58320686955267,322.238102389231,-1230.7145371288061,0.0,0.0,,,,,,-221.63609943309237,222.41222923898005,-1043.171753411003,0.0,0.0,-10.293018184615361,9.860093684741168,-37.08553919999997,0.0,0.0,-0.011809375153167264,0.03352758542104333,-0.1389533105360395,0.020316360717765335,0.018931937536738695,-0.07240250549830916,0.08329556591710491,-0.307254769499438,0.0,0.0,0.10485160466459185,0.154913127652737,0.0,0.5522828720319132,0.505843989273321,-0.010501685149807632,0.009333148999867123,-0.03564582234738704,0.0,0.0,,,,,
S1_service,node_removal,central,mild,7,16.687318199675627,1.286397594829912,15.219450898644347,18.186273456993295,18.186273456993295,1.3996691047380467,0.15432025515691655,1.191863407154221,1.5833428455712464,1.5833428455712464,17.14163146801207,9.608079216453193,4.076082238892806,26.784945674254704,26.784945674254704,24.208048713593403,3.3365924664476903,19.890635338032,28.858968266617737,28.858968266617737,33326.141055903056,835.6599408567125,31438.221609638575,34226.2152136449,34226.2152136449,,,,,,21472.084434164524,670.8545221662981,19913.853690048218,22130.261117056125,22130.261117056125,897.1374171428572,16.85523399827672,861.5077031999999,917.8892400000001,917.8892400000001,0.0,0.0,0.0,0.0,0.0,-1.3061144933895599,1.286397594829912,-2.773981794420841,0.1928407639281069,0.1928407639281069,-0.2864436195825692,0.15432025515691658,-0.49424931716639486,-0.10276987874936938,-0.10276987874936938,17.14163146801207,9.608079216453193,4.076082238892806,26.784945674254704,26.784945674254704,6.214616020528218,3.3365924664476903,1.8972026449668107,10.865535573552549,10.865535573552549,-1200.051807172297,835.6599408567128,-3087.971253436772,-299.97764943044604,-299.97764943044604,,,,,,-859.6840586796524,670.8545221662981,-2417.91480279596,-201.50737578805274,-201.50737578805274,-28.46136445714288,16.85523399827672,-64.09107840000013,-7.709541599999966,-7.709541599999966,-0.07258840020520081,0.07149261715501902,-0.15416634734126944,0.01071728597970243,0.01071728597970243,-0.16988402699943195,0.0915242812244933,-0.2931294628391719,-0.06095077586866464,-0.06095077586866464,0.34538245850795224,0.1854339037672139,0.10543861626236598,0.603861184183061,0.603861184183061,-0.034757721823876896,0.024203651534091496,-0.08943851022564546,-0.008688407975362453,-0.008688407975362453,,,,,
S1_service,combined_disruption,central + peripheral_area,severe,1,11.440756275303706,0.0,11.440756275303706,11.440756275303706,11.440756275303706,0.44264622379844143,0.0,0.44264622379844143,0.44264622379844143,0.44264622379844143,62.89321898119443,0.0,62.89321898119443,62.89321898119443,62.89321898119443,41.98122776668886,0.0,41.98122776668886,41.98122776668886,41.98122776668886,25091.613812597112,0.0,25091.613812597112,25091.613812597112,25091.613812597112,,,,,,15893.26762374638,0.0,15893.26762374638,15893.26762374638,15893.26762374638,687.6110952000004,0.0,687.6110952000004,687.6110952000004,687.6110952000004,0.0,0.0,0.0,0.0,0.0,-6.552676417761482,0.0,-6.552676417761482,-6.552676417761482,-6.552676417761482,-1.2434665005221743,0.0,-1.2434665005221743,-1.2434665005221743,-1.2434665005221743,62.89321898119443,0.0,62.89321898119443,62.89321898119443,62.89321898119443,23.987795073623673,0.0,23.987795073623673,23.987795073623673,23.987795073623673,-9434.579050478234,0.0,-9434.579050478234,-9434.579050478234,-9434.579050478234,,,,,,-6438.5008690977975,0.0,-6438.5008690977975,-6438.5008690977975,-6438.5008690977975,-237.9876863999997,0.0,-237.9876863999997,-237.9876863999997,-237.9876863999997,-0.36417044649223246,0.0,-0.36417044649223246,-0.36417044649223246,-0.36417044649223246,-0.7374753078998342,0.0,-0.7374753078998342,-0.7374753078998342,-0.7374753078998342,1.3331416791232258,0.0,1.3331416791232258,1.3331416791232258,1.3331416791232258,-0.2732585978388661,0.0,-0.2732585978388661,-0.2732585978388661,-0.2732585978388661,,,,,
S1_service,node_removal,peripheral,moderate,4,17.676401493007898,0.49181705763126077,16.92983899796472,18.158841412581634,18.158841412581634,1.4415294834822654,0.08501729685295785,1.2999441478027263,1.5102822458005578,1.5102822458005578,11.758166964264579,6.781049760477821,0.456526433366166,18.36959149575412,18.36959149575412,22.676149373307076,2.571292552140033,18.349857361559856,24.8416516306022,24.8416516306022,33076.28365295555,715.4794029529818,31985.64886002648,33987.68775057992,33987.68775057992,,,,,,21460.97586269443,496.36980634330513,20694.340751033094,22000.3325242249,22000.3325242249,883.7501646000001,19.099416622451358,857.2320144,910.4123184,910.4123184,0.0,0.0,0.0,0.0,0.0,-0.3170312000572908,0.49181705763126077,-1.0635936951004688,0.16540871951644576,0.16540871951644576,-0.24458324083835037,0.08501729685295785,-0.3861685765178895,-0.17583047852005795,-0.17583047852005795,11.758166964264579,6.781049760477821,0.456526433366166,18.36959149575412,18.36959149575412,4.682716680241889,2.571292552140033,0.35642466849466814,6.848218937537013,6.848218937537013,-1449.9092101198003,715.4794029529818,-2540.544003048868,-538.5051124954261,-538.5051124954261,,,,,,-870.7926301497464,496.36980634330513,-1637.4277418110833,-331.43596861927654,-331.43596861927654,-41.84861700000002,19.099416622451358,-68.36676720000003,-15.186463200000048,-15.186463200000048,-0.017619272846113303,0.0273331423759298,-0.05911010496126102,0.009192727276557719,0.009192727276557719,-0.14505746698335376,0.050422071802591846,-0.22902892015923082,-0.1042815678832536,-0.1042815678832536,0.2602458774887709,0.14290172397905096,0.019808597646408906,0.38059546804409206,0.38059546804409206,-0.04199447115034892,0.02072280039071913,-0.07358309133950006,-0.015597002386884657,-0.015597002386884657,,,,,
S1_service,combined_disruption,central + peripheral_area,moderate,2,15.392974673762803,0.07604024832839684,15.316934425434406,15.4690149220912,15.4690149220912,1.2240118935527051,0.09979863720181636,1.1242132563508889,1.3238105307545216,1.3238105307545216,26.24063939630213,1.6635356203667477,24.57710377593538,27.904175016668876,27.904175016668876,27.099408291654626,0.6859669545194809,26.413441337135144,27.785375246174105,27.785375246174105,32111.27376496784,1034.832978888131,31076.440786079707,33146.10674385597,33146.10674385597,,,,,,20770.995123209792,663.8596166101634,20107.13550659963,21434.854739819955,21434.854739819955,860.8043148000002,27.98584920000002,832.8184656000001,888.7901640000001,888.7901640000001,0.0,0.0,0.0,0.0,0.0,-2.600458019302385,0.07604024832839684,-2.676498267630782,-2.5244177709739883,-2.5244177709739883,-0.46210083076791053,0.09979863720181636,-0.5618994679697269,-0.36230219356609417,-0.36230219356609417,26.24063939630213,1.6635356203667477,24.57710377593538,27.904175016668876,27.904175016668876,9.105975598589437,0.6859669545194809,8.420008644069956,9.791942553108917,9.791942553108917,-2414.919098107508,1034.832978888131,-3449.752076995639,-1380.086119219377,-1380.086119219377,,,,,,-1560.7733696343857,663.8596166101634,-2224.632986244549,-896.9137530242224,-896.9137530242224,-64.79446679999995,27.98584920000002,-92.78031599999997,-36.808617599999934,-36.808617599999934,-0.1445226190945001,0.004226000098230459,-0.14874861919273055,-0.14029661899626963,-0.14029661899626963,-0.27406283346453275,0.05918859146385254,-0.3332514249283853,-0.2148742420006802,-0.2148742420006802,0.5060721738825829,0.03812318450963825,0.4679489893729446,0.5441953583922211,0.5441953583922211,-0.06994455217476893,0.02997240335741887,-0.0999169555321878,-0.039972148817350055,-0.039972148817350055,,,,,
S1_service,combined_disruption,central_area + peripheral_area,mild,1,16.81088674823562,0.0,16.81088674823562,16.81088674823562,16.81088674823562,1.1128801244178061,0.0,1.1128801244178061,1.1128801244178061,1.1128801244178061,21.378452240968507,0.0,21.378452240968507,21.378452240968507,21.378452240968507,26.044050698061866,0.0,26.044050698061866,26.044050698061866,26.044050698061866,29800.83399790405,0.0,29800.83399790405,29800.83399790405,29800.83399790405,,,,,,18730.45459738006,0.0,18730.45459738006,18730.45459738006,18730.45459738006,823.1372400000001,0.0,823.1372400000001,823.1372400000001,823.1372400000001,0.0,0.0,0.0,0.0,0.0,-1.1825459448295668,0.0,-1.1825459448295668,-1.1825459448295668,-1.1825459448295668,-0.5732325999028096,0.0,-0.5732325999028096,-0.5732325999028096,-0.5732325999028096,21.378452240968507,0.0,21.378452240968507,21.378452240968507,21.378452240968507,8.050618004996679,0.0,8.050618004996679,8.050618004996679,8.050618004996679,-4725.358865171296,0.0,-4725.358865171296,-4725.358865171296,-4725.358865171296,,,,,,-3601.313895464118,0.0,-3601.313895464118,-3601.313895464118,-3601.313895464118,-102.46154159999992,0.0,-102.46154159999992,-102.46154159999992,-102.46154159999992,-0.065720975258119,0.0,-0.065720975258119,-0.065720975258119,-0.065720975258119,-0.3399728805995351,0.0,-0.3399728805995351,-0.3399728805995351,-0.3399728805995351,0.4474197971185037,0.0,0.4474197971185037,0.4474197971185037,0.4474197971185037,-0.1368630153898293,0.0,-0.1368630153898293,-0.1368630153898293,-0.1368630153898293,,,,,
S1_service,demand_surge,central_area,severe,1,17.4300608153581,0.0,17.4300608153581,17.4300608153581,17.4300608153581,1.6252448843589997,0.0,1.6252448843589997,1.6252448843589997,1.6252448843589997,0.0,0.0,0.0,0.0,0.0,17.4300608153581,0.0,17.4300608153581,17.4300608153581,17.4300608153581,34526.19286307535,0.0,34526.19286307535,34526.19286307535,34526.19286307535,,,,,,22331.768492844178,0.0,22331.768492844178,22331.768492844178,22331.768492844178,925.5987816,0.0,925.5987816,925.5987816,925.5987816,0.0,0.0,0.0,0.0,0.0,-0.5633718777070875,0.0,-0.5633718777070875,-0.5633718777070875,-0.5633718777070875,-0.060867839961616044,0.0,-0.060867839961616044,-0.060867839961616044,-0.060867839961616044,0.0,0.0,0.0,0.0,0.0,-0.5633718777070875,0.0,-0.5633718777070875,-0.5633718777070875,-0.5633718777070875,0.0,0.0,0.0,0.0,0.0,,,,,,0.0,0.0,0.0,0.0,0.0,0.0,0.0,0.0,0.0,0.0,-0.03130986106526608,0.0,-0.03130986106526608,-0.03130986106526608,-0.03130986106526608,-0.03609950810740811,0.0,-0.03609950810740811,-0.03609950810740811,-0.03609950810740811,-0.03130986106526608,0.0,-0.03130986106526608,-0.03130986106526608,-0.03130986106526608,0.0,0.0,0.0,0.0,0.0,,,,,
S1_service,node_removal,peripheral,mild,2,16.345953218767438,1.1585042284529736,15.187448990314463,17.50445744722041,17.50445744722041,1.4116293550129329,0.031544329448755626,1.3800850255641772,1.4431736844616885,1.4431736844616885,13.048913905127844,6.603244474829963,6.445669430297881,19.652158379957807,19.652158379957807,22.118831065810696,1.8752514230265458,20.24357964278415,23.994082488837243,23.994082488837243,32203.239009952034,1447.7077091667525,30755.531300785282,33650.94671911879,33650.94671911879,,,,,,20413.285359440044,1247.120767458442,19166.1645919816,21660.406126898484,21660.406126898484,881.8117068,25.000616400000013,856.8110904,906.8123232,906.8123232,0.0,0.0,0.0,0.0,0.0,-1.647479474297751,1.1585042284529736,-2.8059837027507246,-0.48897524584477736,-0.48897524584477736,-0.2744833693076829,0.031544329448755626,-0.30602769875643854,-0.24293903985892729,-0.24293903985892729,13.048913905127844,6.603244474829963,6.445669430297881,19.652158379957807,19.652158379957807,4.12539837274551,1.8752514230265458,2.250146949718964,6.0006497957720555,6.0006497957720555,-2322.953853123312,1447.7077091667525,-3770.6615622900645,-875.2461439565595,-875.2461439565595,,,,,,-1918.4831334041355,1247.120767458442,-3165.6039008625776,-671.3623659456935,-671.3623659456935,-43.78707480000003,25.000616400000013,-68.78769120000004,-18.786458400000015,-18.786458400000015,-0.09156004317801475,0.0643848368576981,-0.15594488003571286,-0.027175206320316652,-0.027175206320316652,-0.16279063988339232,0.018708315875776205,-0.18149895575916852,-0.1440823240076161,-0.1440823240076161,0.2292724486270744,0.10421865883041219,0.12505378979666223,0.3334911074574866,0.3334911074574866,-0.0672809151688322,0.04193070793840781,-0.10921162310724,-0.025350207230424388,-0.025350207230424388,,,,,
S1_service,link_failure,any_road,severe,8,17.13212164585766,1.2745972776087042,14.769995301979346,18.24381213623559,18.24381213623559,1.3909440048842963,0.18658051581343513,1.0512951635305348,1.6241984322431284,1.6241984322431284,12.216039403445919,9.378766328328492,3.2499915706497915,30.554342765357724,30.554342765357724,22.480058058297587,3.1277829827221693,19.118198409173,28.58972597019998,28.58972597019998,33275.778164517236,428.817783565988,32735.65745849965,33988.76153401274,33988.76153401274,,,,,,21555.69629114654,490.2462045479171,20835.133565361546,22213.022383515923,22213.022383515923,890.6233962000001,12.062975267133039,865.7280096000001,905.8375488,905.8375488,0.0,0.0,0.0,0.0,0.0,-0.8613110472075296,1.2745972776087042,-3.2234373910858416,0.2503794431704023,0.2503794431704023,-0.29516871943631945,0.18658051581343513,-0.634817560790081,-0.06191429207748733,-0.06191429207748733,12.216039403445919,9.378766328328492,3.2499915706497915,30.554342765357724,30.554342765357724,4.486625365232402,3.1277829827221693,1.124765716107813,10.59629327713479,10.59629327713479,-1250.4146985581156,428.817783565988,-1790.5354045756976,-537.4313290626087,-537.4313290626087,,,,,,-776.0722016976397,490.2462045479171,-1496.6349274826316,-118.74610932825453,-118.74610932825453,-34.97538539999998,12.062975267133039,-59.87077199999999,-19.761232800000016,-19.761232800000016,-0.04786807842060542,0.07083680470263709,-0.17914521626149635,0.013915045974907307,0.013915045974907307,-0.17505871059436523,0.11065720169368504,-0.37649769889843376,-0.03672013809304144,-0.03672013809304144,0.24934793942689898,0.17382914289209764,0.06250979094952275,0.5888978194371265,0.5888978194371265,-0.03621640832271993,0.012420071487945456,-0.05186020398126831,-0.015565901841363293,-0.015565901841363293,,,,,
S1_service,combined_disruption,peripheral_area + central,moderate,1,15.519051700951634,0.0,15.519051700951634,15.519051700951634,15.519051700951634,0.981223048017034,0.0,0.981223048017034,0.981223048017034,0.981223048017034,27.24998726630075,0.0,27.24998726630075,27.24998726630075,27.24998726630075,27.640104448372135,0.0,27.640104448372135,27.640104448372135,27.640104448372135,29735.38180084498,0.0,29735.38180084498,29735.38180084498,29735.38180084498,,,,,,19235.827197056227,0.0,19235.827197056227,19235.827197056227,19235.827197056227,797.0400024,0.0,797.0400024,797.0400024,797.0400024,0.0,0.0,0.0,0.0,0.0,-2.474380992113554,0.0,-2.474380992113554,-2.474380992113554,-2.474380992113554,-0.7048896763035818,0.0,-0.7048896763035818,-0.7048896763035818,-0.7048896763035818,27.24998726630075,0.0,27.24998726630075,27.24998726630075,27.24998726630075,9.646671755306947,0.0,9.646671755306947,9.646671755306947,9.646671755306947,-4790.811062230365,0.0,-4790.811062230365,-4790.811062230365,-4790.811062230365,,,,,,-3095.9412957879504,0.0,-3095.9412957879504,-3095.9412957879504,-3095.9412957879504,-128.5587792,0.0,-128.5587792,-128.5587792,-128.5587792,-0.13751578335951428,0.0,-0.13751578335951428,-0.13751578335951428,-0.13751578335951428,-0.41805608019926577,0.0,-0.41805608019926577,-0.41805608019926577,-0.41805608019926577,0.5361218128781425,0.0,0.5361218128781425,0.5361218128781425,0.5361218128781425,-0.13875874126144916,0.0,-0.13875874126144916,-0.13875874126144916,-0.13875874126144916,,,,,
S1_service,combined_disruption,peripheral_area + peripheral_area,mild,1,17.141879416768674,0.0,17.141879416768674,17.141879416768674,17.141879416768674,1.504725242284989,0.0,1.504725242284989,1.504725242284989,1.504725242284989,10.798560026818521,0.0,10.798560026818521,10.798560026818521,10.798560026818521,21.769939294315172,0.0,21.769939294315172,21.769939294315172,21.769939294315172,32458.17551201943,0.0,32458.17551201943,32458.17551201943,32458.17551201943,,,,,,21492.857540024288,0.0,21492.857540024288,21492.857540024288,21492.857540024288,847.9938599999998,0.0,847.9938599999998,847.9938599999998,847.9938599999998,0.0,0.0,0.0,0.0,0.0,-0.8515532762965137,0.0,-0.8515532762965137,-0.8515532762965137,-0.8515532762965137,-0.1813874820356267,0.0,-0.1813874820356267,-0.1813874820356267,-0.1813874820356267,10.798560026818521,0.0,10.798560026818521,10.798560026818521,10.798560026818521,3.7765066012499844,0.0,3.7765066012499844,3.7765066012499844,3.7765066012499844,-2068.017351055918,0.0,-2068.017351055918,-2068.017351055918,-2068.017351055918,,,,,,-838.9109528198896,0.0,-838.9109528198896,-838.9109528198896,-838.9109528198896,-77.60492160000024,0.0,-77.60492160000024,-77.60492160000024,-77.60492160000024,-0.047325782179667646,0.0,-0.047325782179667646,-0.047325782179667646,-0.047325782179667646,-0.10757731640315629,0.0,-0.10757731640315629,-0.10757731640315629,-0.10757731640315629,0.20988249800192268,0.0,0.20988249800192268,0.20988249800192268,0.20988249800192268,-0.059897057264822154,0.0,-0.059897057264822154,-0.059897057264822154,-0.059897057264822154,,,,,
S1_service,combined_disruption,any_road + central,severe,1,17.183035763794265,0.0,17.183035763794265,17.183035763794265,17.183035763794265,1.156762538195575,0.0,1.156762538195575,1.156762538195575,1.156762538195575,27.31521250212527,0.0,27.31521250212527,27.31521250212527,27.31521250212527,28.87858053187284,0.0,28.87858053187284,28.87858053187284,28.87858053187284,30906.85906535572,0.0,30906.85906535572,30906.85906535572,30906.85906535572,,,,,,19767.801353694642,0.0,19767.801353694642,19767.801353694642,19767.801353694642,838.4787768000002,0.0,838.4787768000002,838.4787768000002,838.4787768000002,0.0,0.0,0.0,0.0,0.0,-0.8103969292709223,0.0,-0.8103969292709223,-0.8103969292709223,-0.8103969292709223,-0.5293501861250407,0.0,-0.5293501861250407,-0.5293501861250407,-0.5293501861250407,27.31521250212527,0.0,27.31521250212527,27.31521250212527,27.31521250212527,10.88514783880765,0.0,10.88514783880765,10.88514783880765,10.88514783880765,-3619.333797719628,0.0,-3619.333797719628,-3619.333797719628,-3619.333797719628,,,,,,-2563.967139149536,0.0,-2563.967139149536,-2563.967139149536,-2563.967139149536,-87.12000479999983,0.0,-87.12000479999983,-87.12000479999983,-87.12000479999983,-0.04503848393437767,0.0,-0.04503848393437767,-0.04503848393437767,-0.04503848393437767,-0.31394709172741186,0.0,-0.31394709172741186,-0.31394709172741186,-0.31394709172741186,0.6049511521502439,0.0,0.6049511521502439,0.6049511521502439,0.6049511521502439,-0.10482863871128952,0.0,-0.10482863871128952,-0.10482863871128952,-0.10482863871128952,,,,,
S1_service,combined_disruption,peripheral_area + peripheral,mild,1,17.319191471297103,0.0,17.319191471297103,17.319191471297103,17.319191471297103,1.4662925197457948,0.0,1.4662925197457948,1.4662925197457948,1.4662925197457948,12.880477553178444,0.0,12.880477553178444,12.880477553178444,12.880477553178444,22.81668343335175,0.0,22.81668343335175,22.81668343335175,22.81668343335175,32970.016518736506,0.0,32970.016518736506,32970.016518736506,32970.016518736506,,,,,,21823.363430420624,0.0,21823.363430420624,21823.363430420624,21823.363430420624,861.7403208000001,0.0,861.7403208000001,861.7403208000001,861.7403208000001,0.0,0.0,0.0,0.0,0.0,-0.6742412217680851,0.0,-0.6742412217680851,-0.6742412217680851,-0.6742412217680851,-0.219820204574821,0.0,-0.219820204574821,-0.219820204574821,-0.219820204574821,12.880477553178444,0.0,12.880477553178444,12.880477553178444,12.880477553178444,4.823250740286561,0.0,4.823250740286561,4.823250740286561,4.823250740286561,-1556.1763443388409,0.0,-1556.1763443388409,-1556.1763443388409,-1556.1763443388409,,,,,,-508.4050624235533,0.0,-508.4050624235533,-508.4050624235533,-508.4050624235533,-63.85846079999999,0.0,-63.85846079999999,-63.85846079999999,-63.85846079999999,-0.037471517151251695,0.0,-0.037471517151251695,-0.037471517151251695,-0.037471517151251695,-0.13037100153751166,0.0,-0.13037100153751166,-0.13037100153751166,-0.13037100153751166,0.2680561748590351,0.0,0.2680561748590351,0.2680561748590351,0.2680561748590351,-0.04507234117906818,0.0,-0.04507234117906818,-0.04507234117906818,-0.04507234117906818,,,,,
S1_service,combined_disruption,peripheral + peripheral_area,moderate,1,18.270810644014574,0.0,18.270810644014574,18.270810644014574,18.270810644014574,1.699804806785245,0.0,1.699804806785245,1.699804806785245,1.699804806785245,0.1390297661490582,0.0,0.1390297661490582,0.1390297661490582,0.1390297661490582,18.328826638392098,0.0,18.328826638392098,18.328826638392098,18.328826638392098,33461.38086670275,0.0,33461.38086670275,33461.38086670275,33461.38086670275,,,,,,21688.879655378438,0.0,21688.879655378438,21688.879655378438,21688.879655378438,895.0153968000001,0.0,895.0153968000001,895.0153968000001,895.0153968000001,0.0,0.0,0.0,0.0,0.0,0.27737795094938633,0.0,0.27737795094938633,0.27737795094938633,0.27737795094938633,0.013692082464629163,0.0,0.013692082464629163,0.013692082464629163,0.013692082464629163,0.1390297661490582,0.0,0.1390297661490582,0.1390297661490582,0.1390297661490582,0.3353939453269099,0.0,0.3353939453269099,0.3353939453269099,0.3353939453269099,-1064.8119963725985,0.0,-1064.8119963725985,-1064.8119963725985,-1064.8119963725985,,,,,,-642.8888374657399,0.0,-642.8888374657399,-642.8888374657399,-642.8888374657399,-30.583384799999976,0.0,-30.583384799999976,-30.583384799999976,-30.583384799999976,0.015415510518806675,0.0,0.015415510518806675,0.015415510518806675,0.015415510518806675,0.008120502423790263,0.0,0.008120502423790263,0.008120502423790263,0.008120502423790263,0.01863979769997825,0.0,0.01863979769997825,0.01863979769997825,0.01863979769997825,-0.03084070116260576,0.0,-0.03084070116260576,-0.03084070116260576,-0.03084070116260576,,,,,
S1_service,combined_disruption,any_road + peripheral_area,mild,1,18.132145214444503,0.0,18.132145214444503,18.132145214444503,18.132145214444503,1.7010995063842724,0.0,1.7010995063842724,1.7010995063842724,1.7010995063842724,0.0,0.0,0.0,0.0,0.0,18.132145214444503,0.0,18.132145214444503,18.132145214444503,18.132145214444503,34526.19286307535,0.0,34526.19286307535,34526.19286307535,34526.19286307535,,,,,,22331.768492844178,0.0,22331.768492844178,22331.768492844178,22331.768492844178,925.5987816,0.0,925.5987816,925.5987816,925.5987816,0.0,0.0,0.0,0.0,0.0,0.13871252137931478,0.0,0.13871252137931478,0.13871252137931478,0.13871252137931478,0.014986782063656667,0.0,0.014986782063656667,0.014986782063656667,0.014986782063656667,0.0,0.0,0.0,0.0,0.0,0.13871252137931478,0.0,0.13871252137931478,0.13871252137931478,0.13871252137931478,0.0,0.0,0.0,0.0,0.0,,,,,,0.0,0.0,0.0,0.0,0.0,0.0,0.0,0.0,0.0,0.0,0.007709063842652753,0.0,0.007709063842652753,0.007709063842652753,0.007709063842652753,0.008888363065817726,0.0,0.008888363065817726,0.008888363065817726,0.008888363065817726,0.007709063842652753,0.0,0.007709063842652753,0.007709063842652753,0.007709063842652753,0.0,0.0,0.0,0.0,0.0,,,,,
S1_service,combined_disruption,central_area + any_road,mild,1,17.867277174114207,0.0,17.867277174114207,17.867277174114207,17.867277174114207,1.6596688680300196,0.0,1.6596688680300196,1.6596688680300196,1.6596688680300196,0.0,0.0,0.0,0.0,0.0,17.867277174114207,0.0,17.867277174114207,17.867277174114207,17.867277174114207,34122.873704587706,0.0,34122.873704587706,34122.873704587706,34122.873704587706,,,,,,22039.46570273463,0.0,22039.46570273463,22039.46570273463,22039.46570273463,916.1833968000001,0.0,916.1833968000001,916.1833968000001,916.1833968000001,0.0,0.0,0.0,0.0,0.0,-0.12615551895098065,0.0,-0.12615551895098065,-0.12615551895098065,-0.12615551895098065,-0.0264438562905962,0.0,-0.0264438562905962,-0.0264438562905962,-0.0264438562905962,0.0,0.0,0.0,0.0,0.0,-0.12615551895098065,0.0,-0.12615551895098065,-0.12615551895098065,-0.12615551895098065,-403.3191584876404,0.0,-403.3191584876404,-403.3191584876404,-403.3191584876404,,,,,,-292.30279010954837,0.0,-292.30279010954837,-292.30279010954837,-292.30279010954837,-9.41538479999997,0.0,-9.41538479999997,-9.41538479999997,-9.41538479999997,-0.0070111979800053376,0.0,-0.0070111979800053376,-0.0070111979800053376,-0.0070111979800053376,-0.015683326452121525,0.0,-0.015683326452121525,-0.015683326452121525,-0.015683326452121525,-0.0070111979800053376,0.0,-0.0070111979800053376,-0.0070111979800053376,-0.0070111979800053376,-0.011681541607762299,0.0,-0.011681541607762299,-0.011681541607762299,-0.011681541607762299,,,,,
S1_service,node_removal,central,severe,1,15.373869881064037,0.0,15.373869881064037,15.373869881064037,15.373869881064037,1.2235126390774316,0.0,1.2235126390774316,1.2235126390774316,1.2235126390774316,29.249974353253613,0.0,29.249974353253613,29.249974353253613,29.249974353253613,28.42700149570239,0.0,28.42700149570239,28.42700149570239,28.42700149570239,32308.070960296587,0.0,32308.070960296587,32308.070960296587,32308.070960296587,,,,,,20905.95927437073,0.0,20905.95927437073,20905.95927437073,20905.95927437073,865.7390856000001,0.0,865.7390856000001,865.7390856000001,865.7390856000001,0.0,0.0,0.0,0.0,0.0,-2.619562812001151,0.0,-2.619562812001151,-2.619562812001151,-2.619562812001151,-0.4626000852431842,0.0,-0.4626000852431842,-0.4626000852431842,-0.4626000852431842,29.249974353253613,0.0,29.249974353253613,29.249974353253613,29.249974353253613,10.433568802637204,0.0,10.433568802637204,10.433568802637204,10.433568802637204,-2218.1219027787592,0.0,-2218.1219027787592,-2218.1219027787592,-2218.1219027787592,,,,,,-1425.8092184734487,0.0,-1425.8092184734487,-1425.8092184734487,-1425.8092184734487,-59.859695999999985,0.0,-59.859695999999985,-59.859695999999985,-59.859695999999985,-0.14558438385193456,0.0,-0.14558438385193456,-0.14558438385193456,-0.14558438385193456,-0.2743589313873302,0.0,-0.2743589313873302,-0.2743589313873302,-0.2743589313873302,0.5798542713119095,0.0,0.5798542713119095,0.5798542713119095,0.5798542713119095,-0.06424461311374326,0.0,-0.06424461311374326,-0.06424461311374326,-0.06424461311374326,,,,,
S1_service,demand_surge,peripheral_area,moderate,4,18.23071284455943,0.0,18.23071284455943,18.23071284455943,18.23071284455943,1.7117489529978482,0.0,1.7117489529978482,1.7117489529978482,1.7117489529978482,0.0,0.0,0.0,0.0,0.0,18.23071284455943,0.0,18.23071284455943,18.23071284455943,18.23071284455943,34526.19286307535,0.0,34526.19286307535,34526.19286307535,34526.19286307535,,,,,,22331.768492844178,0.0,22331.768492844178,22331.768492844178,22331.768492844178,925.5987816,0.0,925.5987816,925.5987816,925.5987816,0.0,0.0,0.0,0.0,0.0,0.23728015149424309,0.0,0.23728015149424309,0.23728015149424309,0.23728015149424309,0.025636228677232475,0.0,0.025636228677232475,0.025636228677232475,0.025636228677232475,0.0,0.0,0.0,0.0,0.0,0.23728015149424309,0.0,0.23728015149424309,0.23728015149424309,0.23728015149424309,0.0,0.0,0.0,0.0,0.0,,,,,,0.0,0.0,0.0,0.0,0.0,0.0,0.0,0.0,0.0,0.0,0.01318704193589991,0.0,0.01318704193589991,0.01318704193589991,0.01318704193589991,0.015204338540035668,0.0,0.015204338540035668,0.015204338540035668,0.015204338540035668,0.01318704193589991,0.0,0.01318704193589991,0.01318704193589991,0.01318704193589991,0.0,0.0,0.0,0.0,0.0,,,,,
S1_service,combined_disruption,any_road + peripheral,mild,2,18.615941772407922,0.2017721972630806,18.41416957514484,18.817713969671,18.817713969671,1.5832580956550173,0.03872944324643712,1.5445286524085802,1.6219875389014544,1.6219875389014544,3.608698085066851,2.2391331327984947,1.369564952268356,5.8478312178653455,5.8478312178653455,20.104849541068294,1.1211350073148871,18.983714533753407,21.22598454838318,21.22598454838318,33527.17867402207,494.6690056196676,33032.5096684024,34021.84767964174,34021.84767964174,,,,,,21686.139176527584,401.5055750245847,21284.633601503,22087.64475155217,22087.64475155217,898.7926295999999,9.636919199999966,889.1557104,908.4295487999999,908.4295487999999,0.0,0.0,0.0,0.0,0.0,0.6225090793427324,0.2017721972630806,0.42073688207965176,0.824281276605813,0.824281276605813,-0.10285462866559847,0.03872944324643712,-0.1415840719120356,-0.06412518541916135,-0.06412518541916135,3.608698085066851,2.2391331327984947,1.369564952268356,5.8478312178653455,5.8478312178653455,2.111416848003106,1.1211350073148871,0.990281840688219,3.2325518553179933,3.2325518553179933,-999.0141890532759,494.6690056196676,-1493.6831946729435,-504.3451834336083,-504.3451834336083,,,,,,-645.6293163165938,401.5055750245847,-1047.1348913411784,-244.12374129200907,-244.12374129200907,-26.80615200000011,9.636919199999966,-36.44307120000008,-17.169232800000145,-17.169232800000145,0.034596460273122444,0.011213657821992198,0.023382802451130245,0.04581011809511464,0.04581011809511464,-0.06100103936232473,0.02296966429812239,-0.08397070366044712,-0.038031375064202344,-0.038031375064202344,0.11734374891217188,0.06230801128608336,0.055035737626088516,0.17965176019825524,0.17965176019825524,-0.02893496520207675,0.014327354527081384,-0.04326231972915814,-0.014607610674995369,-0.014607610674995369,,,,,
S1_service,combined_disruption,central_area + peripheral,mild,1,17.76713711133412,0.0,17.76713711133412,17.76713711133412,17.76713711133412,1.643750899342973,0.0,1.643750899342973,1.643750899342973,1.643750899342973,2.347692043205967,0.0,2.347692043205967,2.347692043205967,2.347692043205967,18.758634672989412,0.0,18.758634672989412,18.758634672989412,18.758634672989412,33759.17438440415,0.0,33759.17438440415,33759.17438440415,33759.17438440415,,,,,,22194.46002650519,0.0,22194.46002650519,22194.46002650519,22194.46002650519,889.0892424,0.0,889.0892424,889.0892424,889.0892424,0.0,0.0,0.0,0.0,0.0,-0.226295581731069,0.0,-0.226295581731069,-0.226295581731069,-0.226295581731069,-0.04236182497764274,0.0,-0.04236182497764274,-0.04236182497764274,-0.04236182497764274,2.347692043205967,0.0,2.347692043205967,2.347692043205967,2.347692043205967,0.7652019799242247,0.0,0.7652019799242247,0.7652019799242247,0.7652019799242247,-767.018478671198,0.0,-767.018478671198,-767.018478671198,-767.018478671198,,,,,,-137.3084663389891,0.0,-137.3084663389891,-137.3084663389891,-137.3084663389891,-36.50953920000006,0.0,-36.50953920000006,-36.50953920000006,-36.50953920000006,-0.01257656532754226,0.0,-0.01257656532754226,-0.01257656532754226,-0.01257656532754226,-0.02512395782714442,0.0,-0.02512395782714442,-0.02512395782714442,-0.02512395782714442,0.04252673700328118,0.0,0.04252673700328118,0.04252673700328118,0.04252673700328118,-0.022215553325356633,0.0,-0.022215553325356633,-0.022215553325356633,-0.022215553325356633,,,,,
S1_service,combined_disruption,central_area + any_road,severe,1,15.168710491966186,0.0,15.168710491966186,15.168710491966186,15.168710491966186,0.9319277946735479,0.0,0.9319277946735479,0.9319277946735479,0.9319277946735479,49.913052149340785,0.0,49.913052149340785,49.913052149340785,49.913052149340785,37.54537540333305,0.0,37.54537540333305,37.54537540333305,37.54537540333305,29264.40483673587,0.0,29264.40483673587,29264.40483673587,29264.40483673587,,,,,,19121.14293991983,0.0,19121.14293991983,19121.14293991983,19121.14293991983,775.9716936000001,0.0,775.9716936000001,775.9716936000001,775.9716936000001,0.0,0.0,0.0,0.0,0.0,-2.824722201099002,0.0,-2.824722201099002,-2.824722201099002,-2.824722201099002,-0.7541849296470678,0.0,-0.7541849296470678,-0.7541849296470678,-0.7541849296470678,49.913052149340785,0.0,49.913052149340785,49.913052149340785,49.913052149340785,19.55194271026786,0.0,19.55194271026786,19.55194271026786,19.55194271026786,-5261.788026339476,0.0,-5261.788026339476,-5261.788026339476,-5261.788026339476,,,,,,-3210.6255529243463,0.0,-3210.6255529243463,-3210.6255529243463,-3210.6255529243463,-149.62708799999996,0.0,-149.62708799999996,-149.62708799999996,-149.62708799999996,-0.1569862876797084,0.0,-0.1569862876797084,-0.1569862876797084,-0.1569862876797084,-0.4472921168132167,0.0,-0.4472921168132167,-0.4472921168132167,-0.4472921168132167,1.0866154915400514,0.0,1.0866154915400514,1.0866154915400514,1.0866154915400514,-0.1523998909235889,0.0,-0.1523998909235889,-0.1523998909235889,-0.1523998909235889,,,,,
S1_service,combined_disruption,peripheral + central_area,severe,1,16.47803637369029,0.0,16.47803637369029,16.47803637369029,16.47803637369029,1.1998576631147901,0.0,1.1998576631147901,1.1998576631147901,1.1998576631147901,19.0179074228257,0.0,19.0179074228257,19.0179074228257,19.0179074228257,24.755003124737748,0.0,24.755003124737748,24.755003124737748,24.755003124737748,32671.231757836948,0.0,32671.231757836948,32671.231757836948,32671.231757836948,,,,,,21771.63948129618,0.0,21771.63948129618,21771.63948129618,21771.63948129618,847.4400095999999,0.0,847.4400095999999,847.4400095999999,847.4400095999999,0.0,0.0,0.0,0.0,0.0,-1.5153963193748972,0.0,-1.5153963193748972,-1.5153963193748972,-1.5153963193748972,-0.4862550612058256,0.0,-0.4862550612058256,-0.4862550612058256,-0.4862550612058256,19.0179074228257,0.0,19.0179074228257,19.0179074228257,19.0179074228257,6.76157043167256,0.0,6.76157043167256,6.76157043167256,6.76157043167256,-1854.9611052383989,0.0,-1854.9611052383989,-1854.9611052383989,-1854.9611052383989,,,,,,-560.1290115479969,0.0,-560.1290115479969,-560.1290115479969,-560.1290115479969,-78.15877200000011,0.0,-78.15877200000011,-78.15877200000011,-78.15877200000011,-0.08421941189459324,0.0,-0.08421941189459324,-0.08421941189459324,-0.08421941189459324,-0.2883882282554697,0.0,-0.2883882282554697,-0.2883882282554697,-0.2883882282554697,0.3757799052027756,0.0,0.3757799052027756,0.3757799052027756,0.3757799052027756,-0.0537261989062866,0.0,-0.0537261989062866,-0.0537261989062866,-0.0537261989062866,,,,,
S1_service,node_removal,peripheral,severe,2,17.523030272529358,0.1124968075079984,17.41053346502136,17.635527080037356,17.635527080037356,1.4777378936232322,0.11138576462476757,1.3663521289984646,1.5891236582479997,1.5891236582479997,7.655470263735143,3.0793948400616546,4.576075423673489,10.734865103796798,10.734865103796798,20.778306279837288,1.2041489661407088,19.574157313696578,21.982455245977995,21.982455245977995,33436.69705875557,630.2739879827132,32806.42307077286,34066.97104673828,34066.97104673828,,,,,,21619.144922444462,488.2670899783916,21130.87783246607,22107.412012422854,22107.412012422854,896.7433956,13.314461999999992,883.4289336,910.0578576,910.0578576,0.0,0.0,0.0,0.0,0.0,-0.47040242053583015,0.1124968075079984,-0.5828992280438285,-0.35790561302783175,-0.35790561302783175,-0.2083748306973836,0.11138576462476757,-0.3197605953221512,-0.09698906607261604,-0.09698906607261604,7.655470263735143,3.0793948400616546,4.576075423673489,10.734865103796798,10.734865103796798,2.7848735867720986,1.2041489661407088,1.5807246206313899,3.9890225529128074,3.9890225529128074,-1089.4958043197767,630.2739879827132,-1719.7697923024898,-459.2218163370635,-459.2218163370635,,,,,,-712.6235703997154,488.2670899783916,-1200.890660378107,-224.3564804213238,-224.3564804213238,-28.85538600000001,13.314461999999992,-42.169848,-15.540924000000018,-15.540924000000018,-0.02614300609339134,0.00625210372178487,-0.03239510981517621,-0.01989090237160647,-0.01989090237160647,-0.1235829773963327,0.0660606868201224,-0.1896436642164551,-0.057522290576210305,-0.057522290576210305,0.1547716677677301,0.06692158115026031,0.0878500866174698,0.22169324891799042,0.22169324891799042,-0.031555631072343264,0.018254951841411134,-0.0498105829137544,-0.013300679230932134,-0.013300679230932134,,,,,
S1_service,area_closure,central_area,severe,1,14.820027330828543,0.0,14.820027330828543,14.820027330828543,14.820027330828543,1.0334256936489894,0.0,1.0334256936489894,1.0334256936489894,1.0334256936489894,38.58170491343156,0.0,38.58170491343156,38.58170491343156,38.58170491343156,32.251231066017304,0.0,32.251231066017304,32.251231066017304,32.251231066017304,28768.615785923666,0.0,28768.615785923666,28768.615785923666,28768.615785923666,,,,,,18453.30510040458,0.0,18453.30510040458,18453.30510040458,18453.30510040458,778.1095392000001,0.0,778.1095392000001,778.1095392000001,778.1095392000001,0.0,0.0,0.0,0.0,0.0,-3.173405362236645,0.0,-3.173405362236645,-3.173405362236645,-3.173405362236645,-0.6526870306716264,0.0,-0.6526870306716264,-0.6526870306716264,-0.6526870306716264,38.58170491343156,0.0,38.58170491343156,38.58170491343156,38.58170491343156,14.257798372952116,0.0,14.257798372952116,14.257798372952116,14.257798372952116,-5757.57707715168,0.0,-5757.57707715168,-5757.57707715168,-5757.57707715168,,,,,,-3878.4633924395966,0.0,-3878.4633924395966,-3878.4633924395966,-3878.4633924395966,-147.48924239999997,0.0,-147.48924239999997,-147.48924239999997,-147.48924239999997,-0.17636464461056953,0.0,-0.17636464461056953,-0.17636464461056953,-0.17636464461056953,-0.3870957269091324,0.0,-0.3870957269091324,-0.3870957269091324,-0.3870957269091324,0.7923890130451421,0.0,0.7923890130451421,0.7923890130451421,0.7923890130451421,-0.16675968589949064,0.0,-0.16675968589949064,-0.16675968589949064,-0.16675968589949064,,,,,
S1_service,combined_disruption,any_road + peripheral_area,moderate,1,17.98549249778823,0.0,17.98549249778823,17.98549249778823,17.98549249778823,1.5628607112184003,0.0,1.5628607112184003,1.5628607112184003,1.5628607112184003,7.129043995124043,0.0,7.129043995124043,7.129043995124043,7.129043995124043,20.9807252219556,0.0,20.9807252219556,20.9807252219556,20.9807252219556,34274.55604181983,0.0,34274.55604181983,34274.55604181983,34274.55604181983,,,,,,22170.250150274787,0.0,22170.250150274787,22170.250150274787,22170.250150274787,918.7975512,0.0,918.7975512,918.7975512,918.7975512,0.0,0.0,0.0,0.0,0.0,-0.007940195276958661,0.0,-0.007940195276958661,-0.007940195276958661,-0.007940195276958661,-0.12325201310221545,0.0,-0.12325201310221545,-0.12325201310221545,-0.12325201310221545,7.129043995124043,0.0,7.129043995124043,7.129043995124043,7.129043995124043,2.9872925288904106,0.0,2.9872925288904106,2.9872925288904106,2.9872925288904106,-251.63682125551713,0.0,-251.63682125551713,-251.63682125551713,-251.63682125551713,,,,,,-161.51834256939037,0.0,-161.51834256939037,-161.51834256939037,-161.51834256939037,-6.801230400000009,0.0,-6.801230400000009,-6.801230400000009,-6.801230400000009,-0.0004412829620897671,0.0,-0.0004412829620897671,-0.0004412829620897671,-0.0004412829620897671,-0.07309832333533768,0.0,-0.07309832333533768,-0.07309832333533768,-0.07309832333533768,0.1660212689734148,0.0,0.1660212689734148,0.1660212689734148,0.1660212689734148,-0.007288287540229628,0.0,-0.007288287540229628,-0.007288287540229628,-0.007288287540229628,,,,,
S1_service,combined_disruption,peripheral_area + any_road,moderate,1,18.054615936522705,0.0,18.054615936522705,18.054615936522705,18.054615936522705,1.6343100368672028,0.0,1.6343100368672028,1.6343100368672028,1.6343100368672028,2.726498455076137,0.0,2.726498455076137,2.726498455076137,2.726498455076137,19.198256184989166,0.0,19.198256184989166,19.198256184989166,19.198256184989166,34391.511569902425,0.0,34391.511569902425,34391.511569902425,34391.511569902425,,,,,,22293.26608637803,0.0,22293.26608637803,22293.26608637803,22293.26608637803,919.8277056000001,0.0,919.8277056000001,919.8277056000001,919.8277056000001,0.0,0.0,0.0,0.0,0.0,0.06118324345751702,0.0,0.06118324345751702,0.06118324345751702,0.06118324345751702,-0.05180268745341299,0.0,-0.05180268745341299,-0.05180268745341299,-0.05180268745341299,2.726498455076137,0.0,2.726498455076137,2.726498455076137,2.726498455076137,1.2048234919239782,0.0,1.2048234919239782,1.2048234919239782,1.2048234919239782,-134.68129317292187,0.0,-134.68129317292187,-134.68129317292187,-134.68129317292187,,,,,,-38.502406466148386,0.0,-38.502406466148386,-38.502406466148386,-38.502406466148386,-5.771075999999994,0.0,-5.771075999999994,-5.771075999999994,-5.771075999999994,0.0034003096852718677,0.0,0.0034003096852718677,0.0034003096852718677,0.0034003096852718677,-0.030723146030634346,0.0,-0.030723146030634346,-0.030723146030634346,-0.030723146030634346,0.06695906848215387,0.0,0.06695906848215387,0.06695906848215387,0.06695906848215387,-0.0039008440260715565,0.0,-0.0039008440260715565,-0.0039008440260715565,-0.0039008440260715565,,,,,
S1_service,combined_disruption,central_area + peripheral,moderate,1,16.539783698209337,0.0,16.539783698209337,16.539783698209337,16.539783698209337,0.7117399816436119,0.0,0.7117399816436119,0.7117399816436119,0.7117399816436119,38.11188026996832,0.0,38.11188026996832,38.11188026996832,38.11188026996832,33.10328930021704,0.0,33.10328930021704,33.10328930021704,33.10328930021704,27448.582194067843,0.0,27448.582194067843,27448.582194067843,27448.582194067843,,,,,,17372.2566825848,0.0,17372.2566825848,17372.2566825848,17372.2566825848,752.8209360000001,0.0,752.8209360000001,752.8209360000001,752.8209360000001,0.0,0.0,0.0,0.0,0.0,-1.4536489948558504,0.0,-1.4536489948558504,-1.4536489948558504,-1.4536489948558504,-0.9743727426770039,0.0,-0.9743727426770039,-0.9743727426770039,-0.9743727426770039,38.11188026996832,0.0,38.11188026996832,38.11188026996832,38.11188026996832,15.109856607151855,0.0,15.109856607151855,15.109856607151855,15.109856607151855,-7077.610669007503,0.0,-7077.610669007503,-7077.610669007503,-7077.610669007503,,,,,,-4959.511810259377,0.0,-4959.511810259377,-4959.511810259377,-4959.511810259377,-172.77784559999998,0.0,-172.77784559999998,-172.77784559999998,-172.77784559999998,-0.08078775293477483,0.0,-0.08078775293477483,-0.08078775293477483,-0.08078775293477483,-0.5778811396311639,0.0,-0.5778811396311639,-0.5778811396311639,-0.5778811396311639,0.8397428586806182,0.0,0.8397428586806182,0.8397428586806182,0.8397428586806182,-0.20499250227431765,0.0,-0.20499250227431765,-0.20499250227431765,-0.20499250227431765,,,,,
S1_service,node_removal,central,moderate,1,17.620712070318785,0.0,17.620712070318785,17.620712070318785,17.620712070318785,1.4381372161711277,0.0,1.4381372161711277,1.4381372161711277,1.4381372161711277,20.45652643336617,0.0,20.45652643336617,20.45652643336617,20.45652643336617,26.29004230792638,0.0,26.29004230792638,26.29004230792638,26.29004230792638,33649.852605063934,0.0,33649.852605063934,33649.852605063934,33649.852605063934,,,,,,21770.943278329916,0.0,21770.943278329916,21770.943278329916,21770.943278329916,901.8387768,0.0,901.8387768,901.8387768,901.8387768,0.0,0.0,0.0,0.0,0.0,-0.37272062274640305,0.0,-0.37272062274640305,-0.37272062274640305,-0.37272062274640305,-0.2479755081494881,0.0,-0.2479755081494881,-0.2479755081494881,-0.2479755081494881,20.45652643336617,0.0,20.45652643336617,20.45652643336617,20.45652643336617,8.296609614861193,0.0,8.296609614861193,8.296609614861193,8.296609614861193,-876.3402580114125,0.0,-876.3402580114125,-876.3402580114125,-876.3402580114125,,,,,,-560.8252145142615,0.0,-560.8252145142615,-560.8252145142615,-560.8252145142615,-23.760004800000047,0.0,-23.760004800000047,-23.760004800000047,-23.760004800000047,-0.020714258869017947,0.0,-0.020714258869017947,-0.020714258869017947,-0.020714258869017947,-0.14706935341431854,0.0,-0.14706935341431854,-0.14706935341431854,-0.14706935341431854,0.4610909856049187,0.0,0.4610909856049187,0.4610909856049187,0.4610909856049187,-0.025381896622278046,0.0,-0.025381896622278046,-0.025381896622278046,-0.025381896622278046,,,,,
S1_service,combined_disruption,any_road + central_area,moderate,1,17.86553337927705,0.0,17.86553337927705,17.86553337927705,17.86553337927705,1.5210903911016165,0.0,1.5210903911016165,1.5210903911016165,1.5210903911016165,0.2387371824594086,0.0,0.2387371824594086,0.2387371824594086,0.2387371824594086,17.966124017731666,0.0,17.966124017731666,17.966124017731666,17.966124017731666,33308.47015990767,0.0,33308.47015990767,33308.47015990767,33308.47015990767,,,,,,21380.85195388459,0.0,21380.85195388459,21380.85195388459,21380.85195388459,900.2104776,0.0,900.2104776,900.2104776,900.2104776,0.0,0.0,0.0,0.0,0.0,-0.1278993137881379,0.0,-0.1278993137881379,-0.1278993137881379,-0.1278993137881379,-0.16502233321899928,0.0,-0.16502233321899928,-0.16502233321899928,-0.16502233321899928,0.2387371824594086,0.0,0.2387371824594086,0.2387371824594086,0.2387371824594086,-0.027308675333522103,0.0,-0.027308675333522103,-0.027308675333522103,-0.027308675333522103,-1217.722703167674,0.0,-1217.722703167674,-1217.722703167674,-1217.722703167674,,,,,,-950.9165389595873,0.0,-950.9165389595873,-950.9165389595873,-950.9165389595873,-25.388304000000062,0.0,-25.388304000000062,-25.388304000000062,-25.388304000000062,-0.007108110829649048,0.0,-0.007108110829649048,-0.007108110829649048,-0.007108110829649048,-0.09787147136647796,0.0,-0.09787147136647796,-0.09787147136647796,-0.09787147136647796,-0.0015177023639323186,0.0,-0.0015177023639323186,-0.0015177023639323186,-0.0015177023639323186,-0.035269533133784614,0.0,-0.035269533133784614,-0.035269533133784614,-0.035269533133784614,,,,,
S1_service,combined_disruption,peripheral_area + any_road,mild,1,18.138814072961182,0.0,18.138814072961182,18.138814072961182,18.138814072961182,1.634049038902033,0.0,1.634049038902033,1.634049038902033,1.634049038902033,1.0385086267224073,0.0,1.0385086267224073,1.0385086267224073,1.0385086267224073,18.573546100061787,0.0,18.573546100061787,18.573546100061787,18.573546100061787,34280.16569906588,0.0,34280.16569906588,34280.16569906588,34280.16569906588,,,,,,22257.514537832347,0.0,22257.514537832347,22257.514537832347,22257.514537832347,915.2307816,0.0,915.2307816,915.2307816,915.2307816,0.0,0.0,0.0,0.0,0.0,0.1453813798959942,0.0,0.1453813798959942,0.1453813798959942,0.1453813798959942,-0.05206368541858275,0.0,-0.05206368541858275,-0.05206368541858275,-0.05206368541858275,1.0385086267224073,0.0,1.0385086267224073,1.0385086267224073,1.0385086267224073,0.580113406996599,0.0,0.580113406996599,0.580113406996599,0.580113406996599,-246.0271640094652,0.0,-246.0271640094652,-246.0271640094652,-246.0271640094652,,,,,,-74.25395501183084,0.0,-74.25395501183084,-74.25395501183084,-74.25395501183084,-10.368000000000052,0.0,-10.368000000000052,-10.368000000000052,-10.368000000000052,0.008079691206004585,0.0,0.008079691206004585,0.008079691206004585,0.008079691206004585,-0.03087793874490849,0.0,-0.03087793874490849,-0.03087793874490849,-0.03087793874490849,0.03224028549150487,0.0,0.03224028549150487,0.03224028549150487,0.03224028549150487,-0.0071258121329845015,0.0,-0.0071258121329845015,-0.0071258121329845015,-0.0071258121329845015,,,,,
S2_energy,area_closure,peripheral_area,severe,5,17.107810367100093,1.8056693173865874,13.675798263161903,18.599381023828023,18.599381023828023,1.0876284943182575,0.19236083932007178,0.8728893203620263,1.344114715241703,1.344114715241703,30.978111170426747,9.86452390080707,17.347860989612897,46.63187653736985,46.63187653736985,30.510851383542928,3.6777475604355656,24.442289705753495,35.277642824006385,35.277642824006385,28536.10801678695,1147.3371017900367,27003.686633831338,30250.6097113473,30250.6097113473,21164.451116380424,999.1720660661923,19599.155587547004,22712.164139020944,22712.164139020944,17637.042596983687,832.6433883884939,16332.62965628917,18926.80344918412,18926.80344918412,801.4707744000001,30.500700253870413,761.7046175999999,839.3981640000001,839.3981640000001,0.0,0.0,0.0,0.0,0.0,-2.1827388368137113,1.8056693173865874,-5.6147509407518985,-0.6911681800857785,-0.6911681800857785,-0.7995415330951818,0.19236083932007178,-1.0142807070514133,-0.5430553121717365,-0.5430553121717365,30.978111170426747,9.86452390080707,17.347860989612897,46.63187653736985,46.63187653736985,11.220302179629124,3.6777475604355656,5.151740501839694,15.987093620092583,15.987093620092583,-5807.15511777607,1147.3371017900367,-7339.576500731684,-4092.653423215721,-4092.653423215721,-4128.874170264109,999.1720660661923,-5694.169699097529,-2581.1611476235885,-2581.1611476235885,-3440.7284752200903,832.6433883884939,-4745.141415914608,-2150.9676230196565,-2150.9676230196565,-169.69846320000005,30.500700253870416,-209.4646200000002,-131.77107360000002,-131.77107360000002,-0.11315068398212642,0.09360383150834507,-0.2910622648116591,-0.035829367675314784,-0.035829367675314784,-0.4236722295717231,0.1019308469961883,-0.5374612209380991,-0.2877617301478922,-0.2877617301478922,0.5816476276037112,0.19065022574315293,0.2670603333986195,0.8287526420890604,0.8287526420890604,-0.16909153609028363,0.03340792333257809,-0.21371226350780695,-0.11916903199267861,-0.11916903199267861,-0.1632396738456628,0.039503388927425,-0.22512538919128136,-0.10204910261390193,-0.10204910261390193
S2_energy,combined_disruption,peripheral_area + central_area,mild,1,18.67624048879321,0.0,18.67624048879321,18.67624048879321,18.67624048879321,1.5061868983159914,0.0,1.5061868983159914,1.5061868983159914,1.5061868983159914,13.86799190057387,0.0,13.86799190057387,13.86799190057387,13.86799190057387,24.40701611081999,0.0,24.40701611081999,24.40701611081999,24.40701611081999,32805.580497312345,0.0,32805.580497312345,32805.580497312345,32805.580497312345,24123.89196676851,0.0,24123.89196676851,24123.89196676851,24123.89196676851,20103.243305640426,0.0,20103.243305640426,20103.243305640426,20103.243305640426,929.0547696000001,0.0,929.0547696000001,929.0547696000001,929.0547696000001,0.0,0.0,0.0,0.0,0.0,-0.6143087151205933,0.0,-0.6143087151205933,-0.6143087151205933,-0.6143087151205933,-0.38098312909744814,0.0,-0.38098312909744814,-0.38098312909744814,-0.38098312909744814,13.86799190057387,0.0,13.86799190057387,13.86799190057387,13.86799190057387,5.1164669069061866,0.0,5.1164669069061866,5.1164669069061866,5.1164669069061866,-1537.6826372506766,0.0,-1537.6826372506766,-1537.6826372506766,-1537.6826372506766,-1169.4333198760214,0.0,-1169.4333198760214,-1169.4333198760214,-1169.4333198760214,-974.5277665633512,0.0,-974.5277665633512,-974.5277665633512,-974.5277665633512,-42.11446799999999,0.0,-42.11446799999999,-42.11446799999999,-42.11446799999999,-0.03184506094808115,0.0,-0.03184506094808115,-0.03184506094808115,-0.03184506094808115,-0.20188065916859896,0.0,-0.20188065916859896,-0.20188065916859896,-0.20188065916859896,0.2652317905945426,0.0,0.2652317905945426,0.2652317905945426,0.2652317905945426,-0.04477392352688684,0.0,-0.04477392352688684,-0.04477392352688684,-0.04477392352688684,-0.046234858668168455,0.0,-0.046234858668168455,-0.046234858668168455,-0.046234858668168455
S2_energy,combined_disruption,central + any_road,moderate,2,19.559975132937474,0.3213548875889227,19.23862024534855,19.881330020526395,19.881330020526395,1.5118918663435443,0.07142734431704034,1.440464522026504,1.5833192106605847,1.5833192106605847,9.706511547492395,1.869568897921647,7.836942649570749,11.576080445414043,11.576080445414043,23.491298767498005,0.4658915889097095,23.025407178588296,23.957190356407715,23.957190356407715,32699.396491859807,61.60003220565159,32637.796459654153,32760.996524065456,32760.996524065456,24031.7587053897,171.50591190847808,23860.252793481224,24203.26461729818,24203.26461729818,20026.46558782475,142.92159325706416,19883.543994567688,20169.387181081816,20169.387181081816,926.5680012000001,2.9298467999999502,923.6381544000002,929.4978480000001,929.4978480000001,0.0,0.0,0.0,0.0,0.0,0.26942592902367046,0.3213548875889227,-0.05192895856525226,0.5907808166125932,0.5907808166125932,-0.3752781610698952,0.07142734431704034,-0.44670550538693554,-0.30385081675285486,-0.30385081675285486,9.706511547492395,1.869568897921647,7.836942649570749,11.576080445414043,11.576080445414043,4.200749563584203,0.4658915889097095,3.734857974674494,4.666641152493913,4.666641152493913,-1643.8666427032167,61.60003220565159,-1705.4666749088683,-1582.2666104975651,-1582.2666104975651,-1261.5665812548305,171.50591190847808,-1433.0724931633085,-1090.0606693463524,-1090.0606693463524,-1051.305484379025,142.92159325706416,-1194.2270776360892,-908.3838911219609,-908.3838911219609,-44.60123639999995,2.9298467999999502,-47.5310831999999,-41.6713896,-41.6713896,0.013966731904605775,0.016658669703593715,-0.002691937798987939,0.03062540160819949,0.03062540160819949,-0.1988576310658412,0.03784891836955405,-0.23670654943539526,-0.16100871269628717,-0.16100871269628717,0.2177620512085745,0.024151286932524774,0.19361076427604973,0.24191333814109928,0.24191333814109928,-0.04786576733440426,0.0017936569383139762,-0.04965942427271824,-0.046072110396090285,-0.046072110396090285,-0.04987745055099446,0.006780678695459518,-0.05665812924645398,-0.04309677185553494,-0.04309677185553494
S2_energy,demand_surge,peripheral_area,mild,10,19.49027816077978,0.0,19.49027816077978,19.49027816077978,19.49027816077978,1.9011586132186165,2.220446049250313e-16,1.9011586132186167,1.9011586132186167,1.9011586132186167,0.0,0.0,0.0,0.0,0.0,19.49027816077978,0.0,19.49027816077978,19.49027816077978,19.49027816077978,34343.263134563014,7.275957614183426e-12,34343.26313456302,34343.26313456302,34343.26313456302,25293.325286644536,3.637978807091713e-12,25293.325286644533,25293.325286644533,25293.325286644533,21077.77107220378,3.637978807091713e-12,21077.771072203777,21077.771072203777,21077.771072203777,971.1692375999999,2.2737367544323206e-13,971.1692376000001,971.1692376000001,971.1692376000001,0.0,0.0,0.0,0.0,0.0,0.1997289568659788,0.0,0.1997289568659788,0.1997289568659788,0.1997289568659788,0.013988585805177145,0.0,0.013988585805177145,0.013988585805177145,0.013988585805177145,0.0,0.0,0.0,0.0,0.0,0.1997289568659788,0.0,0.1997289568659788,0.1997289568659788,0.1997289568659788,0.0,0.0,0.0,0.0,0.0,0.0,0.0,0.0,0.0,0.0,0.0,0.0,0.0,0.0,0.0,0.0,0.0,0.0,0.0,0.0,0.010353720609751038,0.0,0.010353720609751038,0.010353720609751038,0.010353720609751038,0.007412467134373653,0.0,0.007412467134373653,0.007412467134373653,0.007412467134373653,0.010353720609751038,0.0,0.010353720609751038,0.010353720609751038,0.010353720609751038,0.0,0.0,0.0,0.0,0.0,0.0,0.0,0.0,0.0,0.0
S2_energy,area_closure,central_area,moderate,1,17.56410668432742,0.0,17.56410668432742,17.56410668432742,17.56410668432742,1.064056766527015,0.0,1.064056766527015,1.064056766527015,1.064056766527015,40.20976784392899,0.0,40.20976784392899,40.20976784392899,40.20976784392899,34.62748086905674,0.0,34.62748086905674,34.62748086905674,34.62748086905674,30080.23987814383,0.0,30080.23987814383,30080.23987814383,30080.23987814383,21565.958596415745,0.0,21565.958596415745,21565.958596415745,21565.958596415745,17971.632163679787,0.0,17971.632163679787,17971.632163679787,17971.632163679787,872.3852304000001,0.0,872.3852304000001,872.3852304000001,872.3852304000001,0.0,0.0,0.0,0.0,0.0,-1.7264425195863815,0.0,-1.7264425195863815,-1.7264425195863815,-1.7264425195863815,-0.8231132608864244,0.0,-0.8231132608864244,-0.8231132608864244,-0.8231132608864244,40.20976784392899,0.0,40.20976784392899,40.20976784392899,40.20976784392899,15.336931665142938,0.0,15.336931665142938,15.336931665142938,15.336931665142938,-4263.02325641919,0.0,-4263.02325641919,-4263.02325641919,-4263.02325641919,-3727.366690228788,0.0,-3727.366690228788,-3727.366690228788,-3727.366690228788,-3106.13890852399,0.0,-3106.13890852399,-3106.13890852399,-3106.13890852399,-98.78400720000002,0.0,-98.78400720000002,-98.78400720000002,-98.78400720000002,-0.0894968049554602,0.0,-0.0894968049554602,-0.0894968049554602,-0.0894968049554602,-0.43616274576731473,0.0,-0.43616274576731473,-0.43616274576731473,-0.43616274576731473,0.7950489902087015,0.0,0.7950489902087015,0.7950489902087015,0.7950489902087015,-0.12412982539591261,0.0,-0.12412982539591261,-0.12412982539591261,-0.12412982539591261,-0.14736562504088477,0.0,-0.14736562504088477,-0.14736562504088477,-0.14736562504088477
S2_energy,area_closure,peripheral_area,moderate,4,18.10317645442028,0.474922501751438,17.386481231097296,18.697529256029043,18.697529256029043,1.5703190449324793,0.07913908696757883,1.471888847613593,1.6925397302603506,1.6925397302603506,9.614134836603327,3.023143341603865,5.467398501656099,13.304333977311789,13.304333977311789,22.141946396343002,0.9805447350861172,20.95569992263186,23.62806342048728,23.62806342048728,31752.251061719573,324.8331032918062,31288.88075107734,32129.991584144584,32129.991584144584,23265.346005179355,438.7638220282429,22780.466828216006,23785.259028463133,23785.259028463133,19387.788337649465,365.6365183568687,18983.722356846672,19821.049190385944,19821.049190385944,902.3344662000001,7.499042684907784,894.5501592,910.5119976,910.5119976,0.0,0.0,0.0,0.0,0.0,-1.1873727494935222,0.47492250175143796,-1.904067972816506,-0.5930199478847591,-0.5930199478847591,-0.3168509824809603,0.07913908696757883,-0.4152811797998466,-0.19463029715308888,-0.19463029715308888,9.614134836603327,3.023143341603865,5.467398501656099,13.304333977311789,13.304333977311789,2.8513971924291983,0.9805447350861172,1.6651507187180599,4.337514216573478,4.337514216573478,-2591.0120728434504,324.8331032918062,-3054.382383485681,-2213.271550418438,-2213.271550418438,-2027.9792814651773,438.7638220282429,-2512.8584584285272,-1508.0662581813995,-1508.0662581813995,-1689.9827345543144,365.6365183568687,-2094.048715357105,-1256.7218818178335,-1256.7218818178335,-68.83477140000002,7.499042684907784,-76.61907840000003,-60.657240000000115,-60.657240000000115,-0.061552044835126815,0.024619439121778986,-0.09870470522582091,-0.030741475611510482,-0.030741475611510482,-0.16789742200136418,0.04193532422515584,-0.2200549890933951,-0.10313341899555797,-0.10313341899555797,0.14781316811087403,0.050830317204612153,0.08631950812370974,0.22485177434416706,0.22485177434416706,-0.07544455116834424,0.009458422806797722,-0.08893687159307102,-0.06444558112449728,-0.06444558112449728,-0.08017843674101632,0.017347020095452633,-0.09934867914561536,-0.0596230919062941,-0.0596230919062941
S2_energy,combined_disruption,any_road + central_area,mild,3,18.567955469902397,0.34208231780332377,18.205526754113006,19.026684760204308,19.026684760204308,1.4756495526530677,0.5024766186287631,0.7654364990522439,1.851303397384005,1.851303397384005,16.938036621934053,22.63504473475781,0.4674610174194912,48.94427265220084,48.94427265220084,25.644595083810334,9.20460535916846,19.05403852180518,38.66152769313107,38.66152769313107,32923.679876450886,1402.771271339062,30939.911654504358,33927.753767473565,33927.753767473565,24187.391577076323,1132.8214679375276,22585.698612156535,25017.58856081035,25017.58856081035,20156.159647563607,944.01788994794,18821.415510130446,20847.99046734196,20847.99046734196,933.2640088000002,35.98437032183492,882.3766248000001,959.1175464,959.1175464,0.0,0.0,0.0,0.0,0.0,-0.7225937340114031,0.34208231780332377,-1.085022449800796,-0.2638644437094939,-0.2638644437094939,-0.41152047476037174,0.502476618628763,-1.1217335283611956,-0.035866630029434576,-0.035866630029434576,16.938036621934053,22.63504473475781,0.4674610174194912,48.94427265220084,48.94427265220084,6.354045879896532,9.20460535916846,-0.23651068210862292,19.37097848921727,19.37097848921727,-1419.5832581121383,1402.771271339062,-3403.3514800586636,-415.50936708945665,-415.50936708945665,-1105.9337095682083,1132.8214679375276,-2707.6266744879977,-275.73672583418374,-275.73672583418374,-921.6114246401727,944.0178899479401,-2256.3555620733314,-229.78060486181857,-229.78060486181857,-37.90522880000003,35.98437032183492,-88.79261280000003,-12.05169120000005,-12.05169120000005,-0.037458432436169226,0.017733155971211004,-0.056246322400227936,-0.01367843086893344,-0.01367843086893344,-0.21806221420568173,0.2662593255136947,-0.5943998219909452,-0.019005510636788504,-0.019005510636788504,0.32938646861372817,0.47715621063297486,-0.012260443163569338,1.0041693621292622,1.0041693621292622,-0.04133513034419468,0.040845602406584205,-0.09909808123717674,-0.012098715415055842,-0.012098715415055842,-0.04372433031382264,0.044787368015058254,-0.10704905914121493,-0.01090156089439846,-0.01090156089439846
S2_energy,combined_disruption,peripheral_area + central_area,moderate,2,19.161306264100894,0.22354475617580327,18.937761507925092,19.3848510202767,19.3848510202767,1.3452722147759284,0.05862538663423722,1.2866468281416912,1.4038976014101656,1.4038976014101656,14.53262401644209,1.63389315434973,12.89873086209236,16.16651717079182,16.16651717079182,25.092587595497335,0.8583184585290109,24.234269136968326,25.950906054026348,25.950906054026348,30826.977547247014,45.57706103419878,30781.400486212817,30872.554608281214,30872.554608281214,22362.314191270514,285.0469419512956,22077.26724931922,22647.36113322181,22647.36113322181,18635.261826058762,237.53911829274512,18397.722707766017,18872.800944351507,18872.800944351507,884.3760048000001,8.02523519999994,876.3507696000003,892.4012400000001,892.4012400000001,0.0,0.0,0.0,0.0,0.0,-0.12924293981290624,0.22354475617580327,-0.3527876959887095,0.09430181636289703,0.09430181636289703,-0.5418978126375111,0.05862538663423722,-0.6005231992717484,-0.4832724260032739,-0.4832724260032739,14.53262401644209,1.63389315434973,12.89873086209236,16.16651717079182,16.16651717079182,5.802038391583535,0.8583184585290109,4.943719933054524,6.660356850112546,6.660356850112546,-3516.285587316006,45.57706103419878,-3561.862648350205,-3470.7085262818073,-3470.7085262818073,-2931.0110953740186,285.0469419512956,-3216.058037325314,-2645.964153422723,-2645.964153422723,-2442.509246145015,237.53911829274512,-2680.04836443776,-2204.97012785227,-2204.97012785227,-86.79323279999988,8.02523519999994,-94.81846799999983,-78.76799759999994,-78.76799759999994,-0.006699806130282933,0.011588304397805789,-0.018288110528088722,0.004888498267522856,0.004888498267522856,-0.28714837813540195,0.031065238310609117,-0.31821361644601104,-0.2560831398247928,-0.2560831398247928,0.30077103198318356,0.04449424686959505,0.25627678511358853,0.34526527885277863,0.34526527885277863,-0.10238647310648882,0.0013271033930474171,-0.10371357649953625,-0.10105936971344141,-0.10105936971344141,-0.11588081290844193,0.01126965073674227,-0.1271504636451842,-0.10461116217169966,-0.10461116217169966
S2_energy,combined_disruption,central + central_area,mild,1,19.1230266113197,0.0,19.1230266113197,19.1230266113197,19.1230266113197,1.4714309346803254,0.0,1.4714309346803254,1.4714309346803254,1.4714309346803254,11.839703899762107,0.0,11.839703899762107,11.839703899762107,11.839703899762107,23.962739223723997,0.0,23.962739223723997,23.962739223723997,23.962739223723997,33254.031532962006,0.0,33254.031532962006,33254.031532962006,33254.031532962006,24394.010832243,0.0,24394.010832243,24394.010832243,24394.010832243,20328.3423602025,0.0,20328.3423602025,20328.3423602025,20328.3423602025,943.9643136000001,0.0,943.9643136000001,943.9643136000001,943.9643136000001,0.0,0.0,0.0,0.0,0.0,-0.16752259259410351,0.0,-0.16752259259410351,-0.16752259259410351,-0.16752259259410351,-0.41573909273311416,0.0,-0.41573909273311416,-0.41573909273311416,-0.41573909273311416,11.839703899762107,0.0,11.839703899762107,11.839703899762107,11.839703899762107,4.672190019810195,0.0,4.672190019810195,4.672190019810195,4.672190019810195,-1089.2316016010154,0.0,-1089.2316016010154,-1089.2316016010154,-1089.2316016010154,-899.314454401534,0.0,-899.314454401534,-899.314454401534,-899.314454401534,-749.4287120012777,0.0,-749.4287120012777,-749.4287120012777,-749.4287120012777,-27.204924000000005,0.0,-27.204924000000005,-27.204924000000005,-27.204924000000005,-0.00868417953388882,0.0,-0.00868417953388882,-0.00868417953388882,-0.00868417953388882,-0.22029763439117742,0.0,-0.22029763439117742,-0.22029763439117742,-0.22029763439117742,0.24220098507419727,0.0,0.24220098507419727,0.24220098507419727,0.24220098507419727,-0.03171601945141939,0.0,-0.03171601945141939,-0.03171601945141939,-0.03171601945141939,-0.035555406187591836,0.0,-0.035555406187591836,-0.035555406187591836,-0.035555406187591836
S2_energy,demand_surge,peripheral_area,severe,3,19.82048773363374,0.0,19.82048773363374,19.82048773363374,19.82048773363374,1.9242857802355466,0.0,1.9242857802355466,1.9242857802355466,1.9242857802355466,0.0,0.0,0.0,0.0,0.0,19.82048773363374,0.0,19.82048773363374,19.82048773363374,19.82048773363374,34343.26313456302,0.0,34343.26313456302,34343.26313456302,34343.26313456302,25293.32528664453,3.637978807091713e-12,25293.325286644533,25293.325286644533,25293.325286644533,21077.771072203777,0.0,21077.771072203777,21077.771072203777,21077.771072203777,971.1692376000001,0.0,971.1692376000001,971.1692376000001,971.1692376000001,0.0,0.0,0.0,0.0,0.0,0.5299385297199386,0.0,0.5299385297199386,0.5299385297199386,0.5299385297199386,0.037115752822107106,0.0,0.037115752822107106,0.037115752822107106,0.037115752822107106,0.0,0.0,0.0,0.0,0.0,0.5299385297199386,0.0,0.5299385297199386,0.5299385297199386,0.5299385297199386,0.0,0.0,0.0,0.0,0.0,0.0,0.0,0.0,0.0,0.0,0.0,0.0,0.0,0.0,0.0,0.0,0.0,0.0,0.0,0.0,0.02747140706664904,0.0,0.02747140706664904,0.02747140706664904,0.02747140706664904,0.01966741326057306,0.0,0.01966741326057306,0.01966741326057306,0.01966741326057306,0.02747140706664904,0.0,0.02747140706664904,0.02747140706664904,0.02747140706664904,0.0,0.0,0.0,0.0,0.0,0.0,0.0,0.0,0.0,0.0
S2_energy,combined_disruption,central_area + central_area,moderate,1,18.824200690651306,0.0,18.824200690651306,18.824200690651306,18.824200690651306,1.3063793309130913,0.0,1.3063793309130913,1.3063793309130913,1.3063793309130913,23.454517645698974,0.0,23.454517645698974,23.454517645698974,23.454517645698974,28.481785805420095,0.0,28.481785805420095,28.481785805420095,28.481785805420095,31296.096372083357,0.0,31296.096372083357,31296.096372083357,31296.096372083357,23010.513714125034,0.0,23010.513714125034,23010.513714125034,23010.513714125034,19175.428095104195,0.0,19175.428095104195,19175.428095104195,19175.428095104195,886.430772,0.0,886.430772,886.430772,886.430772,0.0,0.0,0.0,0.0,0.0,-0.4663485132624956,0.0,-0.4663485132624956,-0.4663485132624956,-0.4663485132624956,-0.5807906965003482,0.0,-0.5807906965003482,-0.5807906965003482,-0.5807906965003482,23.454517645698974,0.0,23.454517645698974,23.454517645698974,23.454517645698974,9.191236601506294,0.0,9.191236601506294,9.191236601506294,9.191236601506294,-3047.1667624796646,0.0,-3047.1667624796646,-3047.1667624796646,-3047.1667624796646,-2282.8115725194984,0.0,-2282.8115725194984,-2282.8115725194984,-2282.8115725194984,-1902.3429770995826,0.0,-1902.3429770995826,-1902.3429770995826,-1902.3429770995826,-84.73846560000004,0.0,-84.73846560000004,-84.73846560000004,-84.73846560000004,-0.024174973368196254,0.0,-0.024174973368196254,-0.024174973368196254,-0.024174973368196254,-0.3077574824015097,0.0,-0.3077574824015097,-0.3077574824015097,-0.3077574824015097,0.47646318953125044,0.0,0.47646318953125044,0.47646318953125044,0.47646318953125044,-0.08872676863990246,0.0,-0.08872676863990246,-0.08872676863990246,-0.08872676863990246,-0.09025351734692141,0.0,-0.09025351734692141,-0.09025351734692141,-0.09025351734692141
S2_energy,area_closure,peripheral_area,mild,1,18.57507448176961,0.0,18.57507448176961,18.57507448176961,18.57507448176961,1.774382899857093,0.0,1.774382899857093,1.774382899857093,1.774382899857093,5.0543603414496605,0.0,5.0543603414496605,5.0543603414496605,5.0543603414496605,20.66883948863811,0.0,20.66883948863811,20.66883948863811,20.66883948863811,32710.334451035902,0.0,32710.334451035902,32710.334451035902,32710.334451035902,24742.17354695385,0.0,24742.17354695385,24742.17354695385,24742.17354695385,20618.477955794875,0.0,20618.477955794875,20618.477955794875,20618.477955794875,900.8640048000001,0.0,900.8640048000001,900.8640048000001,900.8640048000001,0.0,0.0,0.0,0.0,0.0,-0.7154747221441902,0.0,-0.7154747221441902,-0.7154747221441902,-0.7154747221441902,-0.11278712755634657,0.0,-0.11278712755634657,-0.11278712755634657,-0.11278712755634657,5.0543603414496605,0.0,5.0543603414496605,5.0543603414496605,5.0543603414496605,1.378290284724308,0.0,1.378290284724308,1.378290284724308,1.378290284724308,-1632.9286835271196,0.0,-1632.9286835271196,-1632.9286835271196,-1632.9286835271196,-551.151739690682,0.0,-551.151739690682,-551.151739690682,-551.151739690682,-459.2931164089023,0.0,-459.2931164089023,-459.2931164089023,-459.2931164089023,-70.3052328,0.0,-70.3052328,-70.3052328,-70.3052328,-0.037089391005986995,0.0,-0.037089391005986995,-0.037089391005986995,-0.037089391005986995,-0.05976521771646242,0.0,-0.05976521771646242,-0.05976521771646242,-0.05976521771646242,0.07144899142864583,0.0,0.07144899142864583,0.07144899142864583,0.07144899142864583,-0.04754727811183853,0.0,-0.04754727811183853,-0.04754727811183853,-0.04754727811183853,-0.021790402544726018,0.0,-0.021790402544726018,-0.021790402544726018,-0.021790402544726018
S2_energy,combined_disruption,peripheral + peripheral_area,mild,1,17.57627209605886,0.0,17.57627209605886,17.57627209605886,17.57627209605886,1.0480894543883115,0.0,1.0480894543883115,1.0480894543883115,1.0480894543883115,24.07630907575154,0.0,24.07630907575154,24.07630907575154,24.07630907575154,27.790339947667583,0.0,27.790339947667583,27.790339947667583,27.790339947667583,30250.500057719004,0.0,30250.500057719004,30250.500057719004,30250.500057719004,22518.796449778503,0.0,22518.796449778503,22518.796449778503,22518.796449778503,18765.663708148753,0.0,18765.663708148753,18765.663708148753,18765.663708148753,846.5538384,0.0,846.5538384,846.5538384,846.5538384,0.0,0.0,0.0,0.0,0.0,-1.7142771078549401,0.0,-1.7142771078549401,-1.7142771078549401,-1.7142771078549401,-0.8390805730251281,0.0,-0.8390805730251281,-0.8390805730251281,-0.8390805730251281,24.07630907575154,0.0,24.07630907575154,24.07630907575154,24.07630907575154,8.499790743753781,0.0,8.499790743753781,8.499790743753781,8.499790743753781,-4092.7630768440176,0.0,-4092.7630768440176,-4092.7630768440176,-4092.7630768440176,-2774.5288368660295,0.0,-2774.5288368660295,-2774.5288368660295,-2774.5288368660295,-2312.107364055024,0.0,-2312.107364055024,-2312.107364055024,-2312.107364055024,-124.61539920000007,0.0,-124.61539920000007,-124.61539920000007,-124.61539920000007,-0.08886616393001064,0.0,-0.08886616393001064,-0.08886616393001064,-0.08886616393001064,-0.44462372803534517,0.0,-0.44462372803534517,-0.44462372803534517,-0.44462372803534517,0.4406194273633891,0.0,0.4406194273633891,0.4406194273633891,0.4406194273633891,-0.11917222486424318,0.0,-0.11917222486424318,-0.11917222486424318,-0.11917222486424318,-0.10969411121008457,0.0,-0.10969411121008457,-0.10969411121008457,-0.10969411121008457
S2_energy,demand_surge,central_area,mild,7,19.060798121065375,0.0,19.060798121065375,19.060798121065375,19.060798121065375,1.8710787565897837,2.220446049250313e-16,1.871078756589784,1.871078756589784,1.871078756589784,0.0,0.0,0.0,0.0,0.0,19.060798121065375,0.0,19.060798121065375,19.060798121065375,19.060798121065375,34343.26313456302,0.0,34343.26313456302,34343.26313456302,34343.26313456302,25293.325286644536,3.637978807091713e-12,25293.325286644533,25293.325286644533,25293.325286644533,21077.771072203777,0.0,21077.771072203777,21077.771072203777,21077.771072203777,971.1692376000001,0.0,971.1692376000001,971.1692376000001,971.1692376000001,0.0,0.0,0.0,0.0,0.0,-0.22975108284842705,0.0,-0.22975108284842705,-0.22975108284842705,-0.22975108284842705,-0.01609127082365558,0.0,-0.01609127082365558,-0.01609127082365558,-0.01609127082365558,0.0,0.0,0.0,0.0,0.0,-0.22975108284842705,0.0,-0.22975108284842705,-0.22975108284842705,-0.22975108284842705,0.0,0.0,0.0,0.0,0.0,0.0,0.0,0.0,0.0,0.0,0.0,0.0,0.0,0.0,0.0,0.0,0.0,0.0,0.0,0.0,-0.01191003327172321,1.734723475976807e-18,-0.011910033271723209,-0.011910033271723209,-0.011910033271723209,-0.008526667226540429,1.734723475976807e-18,-0.00852666722654043,-0.00852666722654043,-0.00852666722654043,-0.01191003327172321,1.734723475976807e-18,-0.011910033271723209,-0.011910033271723209,-0.011910033271723209,0.0,0.0,0.0,0.0,0.0,0.0,0.0,0.0,0.0,0.0
S2_energy,link_failure,any_road,mild,24,19.330173193517698,0.4100349108709927,18.558324742326256,20.001574735003555,20.001574735003555,1.7905830376182716,0.09042130743959588,1.5671312365207688,1.8871700274134395,1.8871700274134395,2.290761408258659,2.135195740854338,0.0,6.586959687619041,5.304364107755074,20.26088153867475,0.9911849383032941,19.283476238782697,22.242304495083637,22.00584178491003,34039.5512242718,298.69299834150996,33174.79161544819,34343.26313456302,34343.26313456302,25062.2271187077,340.91099027649244,23776.290423972292,25293.325286644533,25293.325286644533,20885.18926558975,284.09249189707714,19813.575353310243,21077.771072203777,21077.771072203777,962.8555450999999,7.334814284922209,949.8572376,971.1692376000001,971.1692376000001,0.0,0.0,0.0,0.0,0.0,0.03962398960390079,0.4100349108709928,-0.7322244615875455,0.7110255310897529,0.7110255310897529,-0.09658698979516785,0.09042130743959585,-0.32003879089267073,0.0,0.0,2.290761408258659,2.135195740854338,0.0,6.586959687619041,5.304364107755074,0.9703323347609426,0.991184938303294,-0.00707296513110478,2.9517552911698353,2.715292580996227,-303.71191029121655,298.6929983415099,-1168.471519114828,0.0,0.0,-231.098167936828,340.91099027649244,-1517.0348626722407,0.0,0.0,-192.58180661402275,284.0924918970772,-1264.195718893534,0.0,0.0,-8.313692499999997,7.334814284922208,-21.312000000000126,0.0,0.0,0.002054062286410261,0.02125574064982048,-0.03795767833499456,0.036858750032139835,0.036858750032139835,-0.051180862557228236,0.047913704714528334,-0.16958662242602315,0.0,0.0,0.050300918055981254,0.05138189316570601,-0.0003666544200654364,0.15301561712773645,0.14075766077439253,-0.00884342029763506,0.00869728066232896,-0.03402331090486505,0.0,0.0,-0.00913672541343756,0.01347829857928967,-0.059977675749628326,0.0,0.0
S2_energy,area_closure,central_area,mild,6,19.28756286489479,0.9381782744167833,17.716703635679202,20.79568257885124,20.79568257885124,1.3886405487800493,0.10529108611885123,1.1562467456429943,1.4638571639852664,1.4638571639852664,16.814463237983436,9.432390831279367,10.380411194464036,37.54369021587962,37.54369021587962,26.207796192184308,3.320674131887378,24.146538362782884,33.59141343576209,33.59141343576209,32198.228812135803,437.5392115412222,31503.150130888935,32743.362453444963,32743.362453444963,23664.1216058037,460.8271530018323,22739.688664333396,24212.40374496744,24212.40374496744,19720.101338169752,384.0226275015264,18949.740553611166,20177.0031208062,20177.0031208062,912.3415412000003,10.584805943929105,897.8621568000002,927.4375416000001,927.4375416000001,0.0,0.0,0.0,0.0,0.0,-0.0029863390190107233,0.9381782744167833,-1.5738455682345993,1.5051333749374365,1.5051333749374365,-0.49852947863339026,0.10529108611885123,-0.7309232817704452,-0.4233128634281731,-0.4233128634281731,16.814463237983436,9.432390831279367,10.380411194464036,37.54369021587962,37.54369021587962,6.917246988270506,3.320674131887378,4.8559891588690824,14.30086423184829,14.30086423184829,-2145.0343224272183,437.5392115412222,-2840.113003674087,-1599.9006811180589,-1599.9006811180589,-1629.2036808408327,460.8271530018323,-2553.6366223111363,-1080.921541677093,-1080.921541677093,-1357.6697340340263,384.0226275015265,-2128.0305185926118,-900.7679513975781,-900.7679513975781,-58.827696399999944,10.584805943929105,-73.30708079999988,-43.73169599999994,-43.73169599999994,-0.00015480839801102395,0.048634088355889796,-0.0815863535868272,0.07802439210139567,0.07802439210139567,-0.26416775986882124,0.05579311063092895,-0.3873118326133288,-0.2243109297408495,-0.2243109297408495,0.35858216970137313,0.17213994774257937,0.25172892215447473,0.7413404398536684,0.7413404398536684,-0.06245866369839673,0.012740175848371357,-0.08269782031328876,-0.04658557560035466,-0.04658557560035466,-0.06441239585453362,0.018219318645506837,-0.10096088961697401,-0.042735446186976646,-0.042735446186976646
S2_energy,link_failure,any_road,moderate,26,19.25587708459632,0.3546209585103912,18.427854235031017,20.078424624766598,19.715965193224434,1.7341376655935234,0.14781613151433426,1.3778801247057102,1.8871700274134395,1.8871700274134395,3.760449014240608,4.749284472898217,0.0,22.67391901654234,10.51086166611308,20.79304379484303,1.8807431896683924,19.283476238782697,27.87946749428556,23.95016436529346,33875.82164953361,369.6441053993687,33023.81732906829,34343.26313456302,34343.26313456302,24927.35928534656,358.87113637369526,23859.37366960242,25293.325286644533,25293.325286644533,20772.799404455473,299.0592803114127,19882.81139133535,21077.771072203777,21077.771072203777,958.754562553846,9.54895504656985,938.6363064,971.1692376000001,971.1692376000001,0.0,0.0,0.0,0.0,0.0,-0.03467211931748178,0.3546209585103912,-0.862694968882785,0.7878754208527958,0.4254159893106326,-0.15303236181991617,0.14781613151433426,-0.5092899027077293,0.0,0.0,3.760449014240608,4.749284472898217,0.0,22.67391901654234,10.51086166611308,1.5024945909292238,1.8807431896683924,-0.00707296513110478,8.588918290371758,4.659615161379659,-467.44148502941243,369.6441053993687,-1319.4458054947318,0.0,0.0,-365.9660012979671,358.8711363736953,-1433.951617042112,0.0,0.0,-304.97166774830544,299.0592803114127,-1194.9596808684255,0.0,0.0,-12.41467504615388,9.548955046569848,-32.53293120000012,0.0,0.0,-0.0017973629963032483,0.01838314475973775,-0.044721120159075374,0.04084256039184961,0.022053078158309834,-0.08109092429242465,0.07832687535681747,-0.2698696435984433,0.0,0.0,0.07788760055749926,0.09749557515380713,-0.0003666544200654364,0.44523969740732827,0.24154911880032337,-0.0136108640346112,0.010763220255193493,-0.038419348805758737,0.0,0.0,-0.014468876557374036,0.014188373110560816,-0.05669288639557694,0.0,0.0
S2_energy,node_removal,central,mild,7,19.432508847622927,0.4754506012036796,19.109286706682177,20.556265677513196,20.556265677513196,1.5739171765099602,0.09567261799348944,1.473281987409324,1.727285803897301,1.727285803897301,7.196394232944319,3.192608520902225,2.945652571597466,11.173903592624931,11.173903592624931,22.354865443327192,1.2884841764991022,20.340201602396156,23.872036562747155,23.872036562747155,33235.64248731178,403.74014289227654,32614.03057802017,34043.28548513258,34043.28548513258,24388.94349565337,332.3326209574293,23861.98845183025,25051.516435698864,25051.516435698864,20324.11957971114,276.9438507978577,19884.99037652521,20876.26369641572,20876.26369641572,943.1303790857144,10.143292016237476,928.1132376000002,963.4596960000001,963.4596960000001,0.0,0.0,0.0,0.0,0.0,0.14195964370912303,0.4754506012036796,-0.18126249723162502,1.2657164735993938,1.2657164735993938,-0.31325285090347915,0.09567261799348944,-0.4138880400041156,-0.15988422351613862,-0.15988422351613862,7.196394232944319,3.192608520902225,2.945652571597466,11.173903592624931,11.173903592624931,3.064316239413393,1.2884841764991024,1.0496523984823547,4.581487358833353,4.581487358833353,-1107.6206472512479,403.74014289227654,-1729.232556542851,-299.97764943043876,-299.97764943043876,-904.3817909911668,332.3326209574293,-1431.336834814283,-241.80885094566838,-241.80885094566838,-753.6514924926383,276.9438507978577,-1192.780695678568,-201.50737578805638,-201.50737578805638,-28.038858514285703,10.143292016237476,-43.055999999999926,-7.709541599999966,-7.709541599999966,0.007359025510809266,0.024646815193173292,-0.009396440470178485,0.06561329385804093,0.06561329385804093,-0.16599079380930207,0.050696342461849404,-0.21931677272947775,-0.08472168442356855,-0.08472168442356855,0.15885064790128853,0.06679354552734483,0.054412779407513906,0.2374990629040167,0.2374990629040167,-0.0322514678617286,0.011756021590329105,-0.050351434275986234,-0.008734686865807506,-0.008734686865807506,-0.035755749026352875,0.013139143121403206,-0.056589508045826714,-0.0095601842859843,-0.0095601842859843
S2_energy,combined_disruption,central + peripheral_area,severe,1,15.468303053758781,0.0,15.468303053758781,15.468303053758781,15.468303053758781,0.5233227603336168,0.0,0.5233227603336168,0.5233227603336168,0.5233227603336168,57.67934680743314,0.0,57.67934680743314,57.67934680743314,57.67934680743314,41.153894974616364,0.0,41.153894974616364,41.153894974616364,41.153894974616364,25465.062389261067,0.0,25465.062389261067,25465.062389261067,25465.062389261067,18842.53122069159,0.0,18842.53122069159,18842.53122069159,18842.53122069159,15702.109350576327,0.0,15702.109350576327,15702.109350576327,15702.109350576327,716.8541616000002,0.0,716.8541616000002,716.8541616000002,716.8541616000002,0.0,0.0,0.0,0.0,0.0,-3.8222461501550207,0.0,-3.8222461501550207,-3.8222461501550207,-3.8222461501550207,-1.3638472670798227,0.0,-1.3638472670798227,-1.3638472670798227,-1.3638472670798227,57.67934680743314,0.0,57.67934680743314,57.67934680743314,57.67934680743314,21.863345770702562,0.0,21.863345770702562,21.863345770702562,21.863345770702562,-8878.200745301954,0.0,-8878.200745301954,-8878.200745301954,-8878.200745301954,-6450.794065952941,0.0,-6450.794065952941,-6450.794065952941,-6450.794065952941,-5375.66172162745,0.0,-5375.66172162745,-5375.66172162745,-5375.66172162745,-254.31507599999986,0.0,-254.31507599999986,-254.31507599999986,-254.31507599999986,-0.19814086731027525,0.0,-0.19814086731027525,-0.19814086731027525,-0.19814086731027525,-0.7226944298967675,0.0,-0.7226944298967675,-0.7226944298967675,-0.7226944298967675,1.133370830430622,0.0,1.133370830430622,1.133370830430622,1.133370830430622,-0.25851360456097555,0.0,-0.25851360456097555,-0.25851360456097555,-0.25851360456097555,-0.25503938263740716,0.0,-0.25503938263740716,-0.25503938263740716,-0.25503938263740716
S2_energy,node_removal,peripheral,moderate,4,18.385689188386685,0.34041551270526055,17.95223321231565,18.86124015402282,18.86124015402282,1.5167830604195738,0.11592870966658979,1.3399348455264168,1.6432210815049393,1.6432210815049393,15.350558740375302,1.8704627432167675,13.239137437147543,18.36959149575412,18.36959149575412,24.77712503351728,0.6709305096531153,24.186274446817542,25.885621896143512,25.885621896143512,32380.03222236003,710.5810791161907,31548.114008441873,33110.6971100231,33110.6971100231,23835.040814340045,659.8965832830553,23052.975831062813,24626.33966079149,24626.33966079149,19862.53401195004,549.9138194025461,19210.813192552345,20521.949717326243,20521.949717326243,916.1113896,16.098941963286805,898.8590807999999,938.2818480000001,938.2818480000001,0.0,0.0,0.0,0.0,0.0,-0.9048600155271167,0.34041551270526055,-1.3383159915981508,-0.42930904989098195,-0.42930904989098195,-0.3703869669938658,0.11592870966658979,-0.5472351818870227,-0.24394894590850025,-0.24394894590850025,15.350558740375302,1.8704627432167675,13.239137437147543,18.36959149575412,18.36959149575412,5.486575829603481,0.6709305096531153,4.89572524290374,6.59507269222971,6.59507269222971,-1963.23091220299,710.5810791161906,-2795.1491261211486,-1232.5660245399195,-1232.5660245399195,-1458.2844723044864,659.8965832830553,-2240.3494555817197,-666.9856258530417,-666.9856258530417,-1215.2370602537385,549.9138194025461,-1866.9578796514324,-555.8213548775348,-555.8213548775348,-55.057848000000064,16.098941963286805,-72.31015680000019,-32.887389600000006,-32.887389600000006,-0.04690690793518374,0.017646750701954855,-0.06937676980843158,-0.022254889964661073,-0.022254889964661073,-0.19626581686522396,0.06142992310315674,-0.28997661786578116,-0.12926707311203822,-0.12926707311203822,0.28441781369761765,0.03478026999443812,0.2537887952879258,0.341881022801137,0.341881022801137,-0.057164949775177214,0.02069055221491352,-0.08138857146943948,-0.03588960139607312,-0.03588960139607312,-0.057654913135304305,0.026089751972291925,-0.08857472990175304,-0.02637002522579448,-0.02637002522579448
S2_energy,combined_disruption,central + peripheral_area,moderate,2,19.544439669481374,0.09580817822817167,19.448631491253202,19.640247847709546,19.640247847709546,1.3483868705918078,0.16098841848585077,1.187398452105957,1.5093752890776586,1.5093752890776586,13.662246823294478,2.0263632982554993,11.63588352503898,15.688610121549978,15.688610121549978,25.07351959734398,0.7370579981995036,24.336461599144478,25.810577595543485,25.810577595543485,31559.453558835274,1403.7234565083709,30155.730102326903,32963.177015343645,32963.177015343645,23151.334137052916,1065.6946459625524,22085.639491090362,24217.028783015467,24217.028783015467,19292.778447544093,888.07887163546,18404.699575908635,20180.857319179555,20180.857319179555,895.8461556,38.51446440000018,857.3316911999998,934.3606200000002,934.3606200000002,0.0,0.0,0.0,0.0,0.0,0.2538904655675722,0.09580817822817167,0.15808228733940055,0.3496986437957439,0.3496986437957439,-0.5387831568216317,0.16098841848585077,-0.6997715753074825,-0.3777947383357809,-0.3777947383357809,13.662246823294478,2.0263632982554993,11.63588352503898,15.688610121549978,15.688610121549978,5.78297039343018,0.7370579981995036,5.045912395230676,6.520028391629683,6.520028391629683,-2783.809575727748,1403.7234565083709,-4187.533032236119,-1380.086119219377,-1380.086119219377,-2141.9911495916185,1065.6946459625524,-3207.685795554171,-1076.2965036290661,-1076.2965036290661,-1784.9926246596824,888.07887163546,-2673.0714962951424,-896.9137530242224,-896.9137530242224,-75.32308200000011,38.51446440000018,-113.83754640000029,-36.808617599999934,-36.808617599999934,0.01316139125349843,0.004966586343157791,0.00819480491034064,0.01812797759665622,0.01812797759665622,-0.2854979408294701,0.08530679066925514,-0.3708047314987253,-0.200191150160215,-0.200191150160215,0.29978256877501913,0.03820824334280559,0.26157432543221354,0.3379908121178247,0.3379908121178247,-0.0810583887972522,0.04087332793649608,-0.1219317167337483,-0.04018506086075612,-0.04018506086075612,-0.08468602389432124,0.04213343377690494,-0.12681945767122618,-0.04255259011741631,-0.04255259011741631
S2_energy,combined_disruption,central_area + peripheral_area,mild,1,18.002418944524035,0.0,18.002418944524035,18.002418944524035,18.002418944524035,1.295989238030123,0.0,1.295989238030123,1.295989238030123,1.295989238030123,19.703531337573946,0.0,19.703531337573946,19.703531337573946,19.703531337573946,26.27742548881276,0.0,26.27742548881276,26.27742548881276,26.27742548881276,29536.901511486278,0.0,29536.901511486278,29536.901511486278,29536.901511486278,21145.732604829416,0.0,21145.732604829416,21145.732604829416,21145.732604829416,17621.44383735785,0.0,17621.44383735785,17621.44383735785,17621.44383735785,857.7636911999999,0.0,857.7636911999999,857.7636911999999,857.7636911999999,0.0,0.0,0.0,0.0,0.0,-1.2881302593897672,0.0,-1.2881302593897672,-1.2881302593897672,-1.2881302593897672,-0.5911807893833165,0.0,-0.5911807893833165,-0.5911807893833165,-0.5911807893833165,19.703531337573946,0.0,19.703531337573946,19.703531337573946,19.703531337573946,6.986876284898958,0.0,6.986876284898958,6.986876284898958,6.986876284898958,-4806.361623076744,0.0,-4806.361623076744,-4806.361623076744,-4806.361623076744,-4147.5926818151165,0.0,-4147.5926818151165,-4147.5926818151165,-4147.5926818151165,-3456.3272348459286,0.0,-3456.3272348459286,-3456.3272348459286,-3456.3272348459286,-113.40554640000016,0.0,-113.40554640000016,-113.40554640000016,-113.40554640000016,-0.06677519886932107,0.0,-0.06677519886932107,-0.06677519886932107,-0.06677519886932107,-0.31326312986943233,0.0,-0.31326312986943233,-0.31326312986943233,-0.31326312986943233,0.36219167277422104,0.0,0.36219167277422104,0.36219167277422104,0.36219167277422104,-0.13995063905967708,0.0,-0.13995063905967708,-0.13995063905967708,-0.13995063905967708,-0.1639797312062065,0.0,-0.1639797312062065,-0.1639797312062065,-0.1639797312062065
S2_energy,demand_surge,central_area,severe,1,18.4793630446313,0.0,18.4793630446313,18.4793630446313,18.4793630446313,1.8303562965896873,0.0,1.8303562965896873,1.8303562965896873,1.8303562965896873,0.0,0.0,0.0,0.0,0.0,18.4793630446313,0.0,18.4793630446313,18.4793630446313,18.4793630446313,34343.26313456302,0.0,34343.26313456302,34343.26313456302,34343.26313456302,25293.325286644533,0.0,25293.325286644533,25293.325286644533,25293.325286644533,21077.771072203777,0.0,21077.771072203777,21077.771072203777,21077.771072203777,971.1692376000001,0.0,971.1692376000001,971.1692376000001,971.1692376000001,0.0,0.0,0.0,0.0,0.0,-0.8111861592825029,0.0,-0.8111861592825029,-0.8111861592825029,-0.8111861592825029,-0.056813730823752184,0.0,-0.056813730823752184,-0.056813730823752184,-0.056813730823752184,0.0,0.0,0.0,0.0,0.0,-0.8111861592825029,0.0,-0.8111861592825029,-0.8111861592825029,-0.8111861592825029,0.0,0.0,0.0,0.0,0.0,0.0,0.0,0.0,0.0,0.0,0.0,0.0,0.0,0.0,0.0,0.0,0.0,0.0,0.0,0.0,-0.042050962401730056,0.0,-0.042050962401730056,-0.042050962401730056,-0.042050962401730056,-0.030105252838092834,0.0,-0.030105252838092834,-0.030105252838092834,-0.030105252838092834,-0.042050962401730056,0.0,-0.042050962401730056,-0.042050962401730056,-0.042050962401730056,0.0,0.0,0.0,0.0,0.0,0.0,0.0,0.0,0.0,0.0
S2_energy,node_removal,peripheral,mild,2,17.383618414469517,0.6356098677565054,16.748008546713013,18.019228282226024,18.019228282226024,1.5550523053907137,0.1679005933705544,1.3871517120201593,1.7229528987612681,1.7229528987612681,13.891303708411916,7.706506525751844,6.1847971826600725,21.59781023416376,21.59781023416376,23.352572725988264,2.736918857302399,20.615653868685865,26.089491583290663,26.089491583290663,32839.123056848075,65.16697828610631,32773.95607856197,32904.29003513418,32904.29003513418,24061.154592072107,136.63049982915982,23924.524092242948,24197.785091901267,24197.785091901267,20050.962160060088,113.85874985763257,19937.103410202457,20164.820909917722,20164.820909917722,933.2418516,1.4400012000000402,931.8018504,934.6818528000001,934.6818528000001,0.0,0.0,0.0,0.0,0.0,-1.9069307894442833,0.6356098677565054,-2.5425406572007887,-1.2713209216877779,-1.2713209216877779,-0.3321177220227258,0.1679005933705544,-0.5000183153932802,-0.16421712865217142,-0.16421712865217142,13.891303708411916,7.706506525751844,6.1847971826600725,21.59781023416376,21.59781023416376,4.062023522074462,2.736918857302399,1.3251046647720628,6.798942379376861,6.798942379376861,-1504.1400777149465,65.16697828610631,-1569.3070560010528,-1438.9730994288402,-1438.9730994288402,-1232.1706945724254,136.63049982915982,-1368.8011944015852,-1095.5401947432656,-1095.5401947432656,-1026.8089121436878,113.85874985763257,-1140.6676620013204,-912.9501622860553,-912.9501622860553,-37.92738600000001,1.4400012000000402,-39.36738720000005,-36.48738479999997,-36.48738479999997,-0.09885311036439501,0.032949288329621455,-0.13180239869401647,-0.06590382203477356,-0.06590382203477356,-0.17598717508137157,0.08896951039471489,-0.2649566854760865,-0.0870176646866567,-0.0870176646866567,0.21057065193614757,0.14187874219501814,0.06869190974112942,0.3524493941311657,0.3524493941311657,-0.04379723824790492,0.0018975185331332814,-0.0456947567810382,-0.04189971971477164,-0.04189971971477164,-0.048715251182217645,0.005401840140857397,-0.05411709132307504,-0.043313411041360245,-0.043313411041360245
S2_energy,link_failure,any_road,severe,8,19.219597303745623,0.5031404979468,18.535428593881026,19.97852614884635,19.97852614884635,1.5539518570965953,0.16811571207119158,1.2480145225403327,1.8187981834843316,1.8187981834843316,6.967397784264594,3.428655665609534,2.1412988660192447,13.32609246172179,13.32609246172179,22.070052194910875,1.2225114958469292,20.495098264179422,24.167928144022877,24.167928144022877,33026.32007104488,457.99869432539873,32444.353805552895,33805.83180550042,33805.83180550042,24345.01563936732,495.9482511013992,23345.764388554464,25150.829955450627,25150.829955450627,20287.5130328061,413.2902092511664,19454.80365712872,20959.024962875523,20959.024962875523,933.1283136000002,16.487293252758537,902.5920000000001,946.9107743999999,946.9107743999999,0.0,0.0,0.0,0.0,0.0,-0.07095190016817998,0.5031404979468,-0.7551206100327761,0.6879769449325472,0.6879769449325472,-0.3332181703168441,0.16811571207119155,-0.6391555048731068,-0.06837184392910789,-0.06837184392910789,6.967397784264594,3.428655665609534,2.1412988660192447,13.32609246172179,13.32609246172179,2.7795029909970737,1.2225114958469292,1.2045490602656201,4.877378940109075,4.877378940109075,-1316.943063518138,457.99869432539873,-1898.9093290101264,-537.4313290626014,-537.4313290626014,-948.3096472772127,495.94825110139925,-1947.5608980900688,-142.49533119390617,-142.49533119390617,-790.2580393976768,413.2902092511664,-1622.967415075058,-118.74610932825453,-118.74610932825453,-38.04092400000002,16.487293252758537,-68.57723759999999,-24.258463200000165,-24.258463200000165,-0.003678065327128416,0.02608222775973218,-0.03914458847442104,0.035663937696131826,0.035663937696131826,-0.176570295986289,0.08908350049497736,-0.3386846418651186,-0.036229827167623324,-0.036229827167623324,0.1440862549643298,0.06337359724309442,0.062442445133767,0.2528377439414487,0.2528377439414487,-0.03834647448491195,0.013335910816944746,-0.05529204728071009,-0.01564881377045768,-0.01564881377045768,-0.037492486121543794,0.019607870672634392,-0.0769990057067912,-0.0056337128305208265,-0.0056337128305208265
S2_energy,combined_disruption,peripheral_area + central,moderate,1,17.559826649847707,0.0,17.559826649847707,17.559826649847707,17.559826649847707,0.9445592406988395,0.0,0.9445592406988395,0.9445592406988395,0.9445592406988395,27.391299045367134,0.0,27.391299045367134,27.391299045367134,27.391299045367134,29.18474144756013,0.0,29.18474144756013,29.18474144756013,29.18474144756013,29329.85722083768,0.0,29329.85722083768,29329.85722083768,29329.85722083768,21384.271389656515,0.0,21384.271389656515,21384.271389656515,21384.271389656515,17820.226158047095,0.0,17820.226158047095,17820.226158047095,17820.226158047095,837.4264608,0.0,837.4264608,837.4264608,837.4264608,0.0,0.0,0.0,0.0,0.0,-1.7307225540660944,0.0,-1.7307225540660944,-1.7307225540660944,-1.7307225540660944,-0.9426107867146001,0.0,-0.9426107867146001,-0.9426107867146001,-0.9426107867146001,27.391299045367134,0.0,27.391299045367134,27.391299045367134,27.391299045367134,9.894192243646327,0.0,9.894192243646327,9.894192243646327,9.894192243646327,-5013.4059137253425,0.0,-5013.4059137253425,-5013.4059137253425,-5013.4059137253425,-3909.053896988018,0.0,-3909.053896988018,-3909.053896988018,-3909.053896988018,-3257.5449141566824,0.0,-3257.5449141566824,-3257.5449141566824,-3257.5449141566824,-133.74277680000012,0.0,-133.74277680000012,-133.74277680000012,-133.74277680000012,-0.08971867704600932,0.0,-0.08971867704600932,-0.08971867704600932,-0.08971867704600932,-0.4994837630007006,0.0,-0.4994837630007006,-0.4994837630007006,-0.4994837630007006,0.5129036057531697,0.0,0.5129036057531697,0.5129036057531697,0.5129036057531697,-0.1459793116944632,0.0,-0.1459793116944632,-0.1459793116944632,-0.1459793116944632,-0.1545488326539686,0.0,-0.1545488326539686,-0.1545488326539686,-0.1545488326539686
S2_energy,combined_disruption,peripheral_area + peripheral_area,mild,1,18.168455930624727,0.0,18.168455930624727,18.168455930624727,18.168455930624727,1.6830600640420337,0.0,1.6830600640420337,1.6830600640420337,1.6830600640420337,10.798560026818521,0.0,10.798560026818521,10.798560026818521,10.798560026818521,22.68566032710126,0.0,22.68566032710126,22.68566032710126,22.68566032710126,32275.245783507107,0.0,32275.245783507107,32275.245783507107,32275.245783507107,24286.63214326066,0.0,24286.63214326066,24286.63214326066,24286.63214326066,20238.860119383884,0.0,20238.860119383884,20238.860119383884,20238.860119383884,893.564316,0.0,893.564316,893.564316,893.564316,0.0,0.0,0.0,0.0,0.0,-1.1220932732890745,0.0,-1.1220932732890745,-1.1220932732890745,-1.1220932732890745,-0.20410996337140586,0.0,-0.20410996337140586,-0.20410996337140586,-0.20410996337140586,10.798560026818521,0.0,10.798560026818521,10.798560026818521,10.798560026818521,3.3951111231874584,0.0,3.3951111231874584,3.3951111231874584,3.3951111231874584,-2068.0173510559143,0.0,-2068.0173510559143,-2068.0173510559143,-2068.0173510559143,-1006.6931433838727,0.0,-1006.6931433838727,-1006.6931433838727,-1006.6931433838727,-838.9109528198933,0.0,-838.9109528198933,-838.9109528198933,-838.9109528198933,-77.60492160000013,0.0,-77.60492160000013,-77.60492160000013,-77.60492160000013,-0.05816803147633642,0.0,-0.05816803147633642,-0.05816803147633642,-0.05816803147633642,-0.10815663687238586,0.0,-0.10815663687238586,-0.10815663687238586,-0.10815663687238586,0.17599867620661802,0.0,0.17599867620661802,0.17599867620661802,0.17599867620661802,-0.060216099528837844,0.0,-0.060216099528837844,-0.060216099528837844,-0.060216099528837844,-0.03980074315951767,0.0,-0.03980074315951767,-0.03980074315951767,-0.03980074315951767
S2_energy,combined_disruption,any_road + central,severe,1,19.286554939567942,0.0,19.286554939567942,19.286554939567942,19.286554939567942,1.3713060566347985,0.0,1.3713060566347985,1.3713060566347985,1.3713060566347985,16.836941932179244,0.0,16.836941932179244,16.836941932179244,16.836941932179244,26.141454042982588,0.0,26.141454042982588,26.141454042982588,26.141454042982588,31344.261121861076,0.0,31344.261121861076,31344.261121861076,31344.261121861076,22541.73060519161,0.0,22541.73060519161,22541.73060519161,22541.73060519161,18784.775504326342,0.0,18784.775504326342,18784.775504326342,18784.775504326342,906.4689288000001,0.0,906.4689288000001,906.4689288000001,906.4689288000001,0.0,0.0,0.0,0.0,0.0,-0.003994264345859477,0.0,-0.003994264345859477,-0.003994264345859477,-0.003994264345859477,-0.515863970778641,0.0,-0.515863970778641,-0.515863970778641,-0.515863970778641,16.836941932179244,0.0,16.836941932179244,16.836941932179244,16.836941932179244,6.850904839068786,0.0,6.850904839068786,6.850904839068786,6.850904839068786,-2999.002012701945,0.0,-2999.002012701945,-2999.002012701945,-2999.002012701945,-2751.5946814529234,0.0,-2751.5946814529234,-2751.5946814529234,-2751.5946814529234,-2292.995567877435,0.0,-2292.995567877435,-2292.995567877435,-2292.995567877435,-64.70030880000002,0.0,-64.70030880000002,-64.70030880000002,-64.70030880000002,-0.0002070580937658889,0.0,-0.0002070580937658889,-0.0002070580937658889,-0.0002070580937658889,-0.27335320256526413,0.0,-0.27335320256526413,-0.27335320256526413,-0.27335320256526413,0.35514306859023104,0.0,0.35514306859023104,0.35514306859023104,0.35514306859023104,-0.0873243174636994,0.0,-0.0873243174636994,-0.0873243174636994,-0.0873243174636994,-0.10878738363855343,0.0,-0.10878738363855343,-0.10878738363855343,-0.10878738363855343
S2_energy,combined_disruption,peripheral_area + peripheral,mild,1,18.324749185363153,0.0,18.324749185363153,18.324749185363153,18.324749185363153,1.6428519726381903,0.0,1.6428519726381903,1.6428519726381903,1.6428519726381903,12.880477553178444,0.0,12.880477553178444,12.880477553178444,12.880477553178444,23.692720511773267,0.0,23.692720511773267,23.692720511773267,23.692720511773267,32787.08679022418,0.0,32787.08679022418,32787.08679022418,32787.08679022418,24683.23921173627,0.0,24683.23921173627,24683.23921173627,24683.23921173627,20569.366009780224,0.0,20569.366009780224,20569.366009780224,20569.366009780224,907.3107768000001,0.0,907.3107768000001,907.3107768000001,907.3107768000001,0.0,0.0,0.0,0.0,0.0,-0.9658000185506488,0.0,-0.9658000185506488,-0.9658000185506488,-0.9658000185506488,-0.24431805477524926,0.0,-0.24431805477524926,-0.24431805477524926,-0.24431805477524926,12.880477553178444,0.0,12.880477553178444,12.880477553178444,12.880477553178444,4.402171307859465,0.0,4.402171307859465,4.402171307859465,4.402171307859465,-1556.1763443388409,0.0,-1556.1763443388409,-1556.1763443388409,-1556.1763443388409,-610.086074908264,0.0,-610.086074908264,-610.086074908264,-610.086074908264,-508.4050624235533,0.0,-508.4050624235533,-508.4050624235533,-508.4050624235533,-63.85846079999999,0.0,-63.85846079999999,-63.85846079999999,-63.85846079999999,-0.05006596796915976,0.0,-0.05006596796915976,-0.05006596796915976,-0.05006596796915976,-0.12946266167130274,0.0,-0.12946266167130274,-0.12946266167130274,-0.12946266167130274,0.2282035239808684,0.0,0.2282035239808684,0.2282035239808684,0.2282035239808684,-0.045312419447198854,0.0,-0.045312419447198854,-0.045312419447198854,-0.045312419447198854,-0.024120437625115416,0.0,-0.024120437625115416,-0.024120437625115416,-0.024120437625115416
S2_energy,combined_disruption,peripheral + peripheral_area,moderate,1,19.68169301032859,0.0,19.68169301032859,19.68169301032859,19.68169301032859,1.900235606201579,0.0,1.900235606201579,1.900235606201579,1.900235606201579,0.1390297661490582,0.0,0.1390297661490582,0.1390297661490582,0.1390297661490582,19.73774745825159,0.0,19.73774745825159,19.73774745825159,19.73774745825159,33278.45113819043,0.0,33278.45113819043,33278.45113819043,33278.45113819043,24521.858681685644,0.0,24521.858681685644,24521.858681685644,24521.858681685644,20434.882234738037,0.0,20434.882234738037,20434.882234738037,20434.882234738037,940.5858528000001,0.0,940.5858528000001,940.5858528000001,940.5858528000001,0.0,0.0,0.0,0.0,0.0,0.39114380641478874,0.0,0.39114380641478874,0.39114380641478874,0.39114380641478874,0.01306557878813952,0.0,0.01306557878813952,0.01306557878813952,0.01306557878813952,0.1390297661490582,0.0,0.1390297661490582,0.1390297661490582,0.1390297661490582,0.44719825433778837,0.0,0.44719825433778837,0.44719825433778837,0.44719825433778837,-1064.8119963725912,0.0,-1064.8119963725912,-1064.8119963725912,-1064.8119963725912,-771.4666049588886,0.0,-771.4666049588886,-771.4666049588886,-771.4666049588886,-642.8888374657399,0.0,-642.8888374657399,-642.8888374657399,-642.8888374657399,-30.583384799999976,0.0,-30.583384799999976,-30.583384799999976,-30.583384799999976,0.02027644740852846,0.0,0.02027644740852846,0.02027644740852846,0.02027644740852846,0.006923371290528198,0.0,0.006923371290528198,0.006923371290528198,0.006923371290528198,0.023182245855761206,0.0,0.023182245855761206,0.023182245855761206,0.023182245855761206,-0.031004974460361212,0.0,-0.031004974460361212,-0.031004974460361212,-0.031004974460361212,-0.03050079798587183,0.0,-0.03050079798587183,-0.03050079798587183,-0.03050079798587183
S2_energy,combined_disruption,any_road + peripheral_area,mild,1,19.448338850782147,0.0,19.448338850782147,19.448338850782147,19.448338850782147,1.8885268734961458,0.0,1.8885268734961458,1.8885268734961458,1.8885268734961458,0.47410970047802853,0.0,0.47410970047802853,0.47410970047802853,0.47410970047802853,19.640598209995566,0.0,19.640598209995566,19.640598209995566,19.640598209995566,33970.533104285976,0.0,33970.533104285976,33970.533104285976,33970.533104285976,24855.655462028957,0.0,24855.655462028957,24855.655462028957,24855.655462028957,20713.046218357464,0.0,20713.046218357464,20713.046218357464,20713.046218357464,966.6720072,0.0,966.6720072,966.6720072,966.6720072,0.0,0.0,0.0,0.0,0.0,0.15778964686834485,0.0,0.15778964686834485,0.15778964686834485,0.15778964686834485,0.0013568460827062534,0.0,0.0013568460827062534,0.0013568460827062534,0.0013568460827062534,0.47410970047802853,0.0,0.47410970047802853,0.47410970047802853,0.47410970047802853,0.3500490060817647,0.0,0.3500490060817647,0.3500490060817647,0.3500490060817647,-372.73003027704544,0.0,-372.73003027704544,-372.73003027704544,-372.73003027704544,-437.66982461557564,0.0,-437.66982461557564,-437.66982461557564,-437.66982461557564,-364.72485384631364,0.0,-364.72485384631364,-364.72485384631364,-364.72485384631364,-4.497230400000035,0.0,-4.497230400000035,-4.497230400000035,-4.497230400000035,0.008179634763137348,0.0,0.008179634763137348,0.008179634763137348,0.008179634763137348,0.0007189845445807288,0.0,0.0007189845445807288,0.0007189845445807288,0.0007189845445807288,0.018146139976706537,0.0,0.018146139976706537,0.018146139976706537,0.018146139976706537,-0.01085307557457842,0.0,-0.01085307557457842,-0.01085307557457842,-0.01085307557457842,-0.017303767680031994,0.0,-0.017303767680031994,-0.017303767680031994,-0.017303767680031994
S2_energy,combined_disruption,central_area + any_road,mild,1,19.10039042203254,0.0,19.10039042203254,19.10039042203254,19.10039042203254,1.862253860725435,0.0,1.862253860725435,1.862253860725435,1.862253860725435,0.0,0.0,0.0,0.0,0.0,19.10039042203254,0.0,19.10039042203254,19.10039042203254,19.10039042203254,33939.94397607539,0.0,33939.94397607539,33939.94397607539,33939.94397607539,24942.561938513074,0.0,24942.561938513074,24942.561938513074,24942.561938513074,20785.46828209423,0.0,20785.46828209423,20785.46828209423,20785.46828209423,961.7538528000001,0.0,961.7538528000001,961.7538528000001,961.7538528000001,0.0,0.0,0.0,0.0,0.0,-0.19015878188126223,0.0,-0.19015878188126223,-0.19015878188126223,-0.19015878188126223,-0.02491616668800445,0.0,-0.02491616668800445,-0.02491616668800445,-0.02491616668800445,0.0,0.0,0.0,0.0,0.0,-0.19015878188126223,0.0,-0.19015878188126223,-0.19015878188126223,-0.19015878188126223,-403.3191584876331,0.0,-403.3191584876331,-403.3191584876331,-403.3191584876331,-350.76334813145877,0.0,-350.76334813145877,-350.76334813145877,-350.76334813145877,-292.30279010954837,0.0,-292.30279010954837,-292.30279010954837,-292.30279010954837,-9.41538479999997,0.0,-9.41538479999997,-9.41538479999997,-9.41538479999997,-0.009857613687985694,0.0,-0.009857613687985694,-0.009857613687985694,-0.009857613687985694,-0.01320292624727334,0.0,-0.01320292624727334,-0.01320292624727334,-0.01320292624727334,-0.009857613687985694,0.0,-0.009857613687985694,-0.009857613687985694,-0.009857613687985694,-0.011743763453908174,0.0,-0.011743763453908174,-0.011743763453908174,-0.011743763453908174,-0.01386782260364437,0.0,-0.01386782260364437,-0.01386782260364437,-0.01386782260364437
S2_energy,node_removal,central,severe,1,19.652904785940308,0.0,19.652904785940308,19.652904785940308,19.652904785940308,1.4258675522724433,0.0,1.4258675522724433,1.4258675522724433,1.4258675522724433,12.978236493849447,0.0,12.978236493849447,12.978236493849447,12.978236493849447,24.889246221219587,0.0,24.889246221219587,24.889246221219587,24.889246221219587,31740.438951398573,0.0,31740.438951398573,31740.438951398573,31740.438951398573,23252.63734949785,0.0,23252.63734949785,23252.63734949785,23252.63734949785,19377.19779124821,0.0,19377.19779124821,19377.19779124821,19377.19779124821,902.1489288000001,0.0,902.1489288000001,902.1489288000001,902.1489288000001,0.0,0.0,0.0,0.0,0.0,0.3623555820265061,0.0,0.3623555820265061,0.3623555820265061,0.3623555820265061,-0.4613024751409962,0.0,-0.4613024751409962,-0.4613024751409962,-0.4613024751409962,12.978236493849447,0.0,12.978236493849447,12.978236493849447,12.978236493849447,5.598697017305785,0.0,5.598697017305785,5.598697017305785,5.598697017305785,-2602.824183164448,0.0,-2602.824183164448,-2602.824183164448,-2602.824183164448,-2040.687937146682,0.0,-2040.687937146682,-2040.687937146682,-2040.687937146682,-1700.5732809555666,0.0,-1700.5732809555666,-1700.5732809555666,-1700.5732809555666,-69.02030879999995,0.0,-69.02030879999995,-69.02030879999995,-69.02030879999995,0.018784098793464567,0.0,0.018784098793464567,0.018784098793464567,0.018784098793464567,-0.24444139554995936,0.0,-0.24444139554995936,-0.24444139554995936,-0.24444139554995936,0.29023004778785055,0.0,0.29023004778785055,0.29023004778785055,0.29023004778785055,-0.07578849374231329,0.0,-0.07578849374231329,-0.07578849374231329,-0.07578849374231329,-0.08068088770535099,0.0,-0.08068088770535099,-0.08068088770535099,-0.08068088770535099
S2_energy,demand_surge,peripheral_area,moderate,4,19.632203415600706,0.0,19.632203415600706,19.632203415600706,19.632203415600706,1.9110987522757457,0.0,1.9110987522757457,1.9110987522757457,1.9110987522757457,0.0,0.0,0.0,0.0,0.0,19.632203415600706,0.0,19.632203415600706,19.632203415600706,19.632203415600706,34343.26313456302,0.0,34343.26313456302,34343.26313456302,34343.26313456302,25293.325286644533,0.0,25293.325286644533,25293.325286644533,25293.325286644533,21077.771072203777,0.0,21077.771072203777,21077.771072203777,21077.771072203777,971.1692376000001,0.0,971.1692376000001,971.1692376000001,971.1692376000001,0.0,0.0,0.0,0.0,0.0,0.3416542116869046,0.0,0.3416542116869046,0.3416542116869046,0.3416542116869046,0.023928724862306128,0.0,0.023928724862306128,0.023928724862306128,0.023928724862306128,0.0,0.0,0.0,0.0,0.0,0.3416542116869046,0.0,0.3416542116869046,0.3416542116869046,0.3416542116869046,0.0,0.0,0.0,0.0,0.0,0.0,0.0,0.0,0.0,0.0,0.0,0.0,0.0,0.0,0.0,0.0,0.0,0.0,0.0,0.0,0.017710963439941222,0.0,0.017710963439941222,0.017710963439941222,0.017710963439941222,0.012679686787471346,0.0,0.012679686787471346,0.012679686787471346,0.012679686787471346,0.017710963439941222,0.0,0.017710963439941222,0.017710963439941222,0.017710963439941222,0.0,0.0,0.0,0.0,0.0,0.0,0.0,0.0,0.0,0.0
S2_energy,combined_disruption,any_road + peripheral,mild,2,19.889603326476077,0.24511608982926347,19.644487236646814,20.13471941630534,20.13471941630534,1.6948960700953122,0.07025879671401514,1.624637273381297,1.7651548668093273,1.7651548668093273,3.358697905718974,1.7282607058128088,1.630437199906165,5.086958611531783,5.086958611531783,21.232554134461154,0.9300956055077503,20.302458528953405,22.162649739968906,22.162649739968906,32650.16209298168,1062.373762449035,31587.788330532647,33712.53585543072,33712.53585543072,24001.72159467252,929.3110068735532,23072.410587798968,24931.032601546074,24931.032601546074,20001.434662227104,774.425839061294,19227.00882316581,20775.860501288396,20775.860501288396,924.9452423999999,24.601838399999963,900.343404,949.5470807999999,949.5470807999999,0.0,0.0,0.0,0.0,0.0,0.5990541225622756,0.24511608982926347,0.35393803273301216,0.8441702123915391,0.8441702123915391,-0.19227395731812735,0.07025879671401514,-0.2625327540321425,-0.12201516060411222,-0.12201516060411222,3.358697905718974,1.7282607058128088,1.630437199906165,5.086958611531783,5.086958611531783,1.9420049305473537,0.9300956055077503,1.0119093250396034,2.872100536055104,2.872100536055104,-1693.1010415813398,1062.373762449035,-2755.474804030375,-630.7272791323048,-630.7272791323048,-1291.6036919720118,929.3110068735532,-2220.914698845565,-362.2926850984586,-362.2926850984586,-1076.336409976675,774.425839061294,-1850.762249037969,-301.91057091538096,-301.91057091538096,-46.22399520000016,24.601838399999963,-70.82583360000012,-21.622156800000198,-21.622156800000198,0.031054280322964332,0.012706537654175891,0.01834774266878844,0.04376081797714022,0.04376081797714022,-0.10188480874808009,0.037229712052131325,-0.13911452080021142,-0.06465509669594877,-0.06465509669594877,0.10067131371010143,0.04821509204720029,0.052456221662901134,0.14888640575730172,0.14888640575730172,-0.0492993643308578,0.030933978471599084,-0.08023334280245688,-0.018365385859258714,-0.018365385859258714,-0.051065001431583566,0.03674135355244299,-0.08780635498402656,-0.014323647879140573,-0.014323647879140573
S2_energy,combined_disruption,central_area + peripheral,mild,1,18.733862724158865,0.0,18.733862724158865,18.733862724158865,18.733862724158865,1.8321320887912689,0.0,1.8321320887912689,1.8321320887912689,1.8321320887912689,2.347692043205967,0.0,2.347692043205967,2.347692043205967,2.347692043205967,19.70266454552224,0.0,19.70266454552224,19.70266454552224,19.70266454552224,33576.24465589183,0.0,33576.24465589183,33576.24465589183,33576.24465589183,25128.55512703774,0.0,25128.55512703774,25128.55512703774,25128.55512703774,20940.462605864785,0.0,20940.462605864785,20940.462605864785,20940.462605864785,934.6596984,0.0,934.6596984,934.6596984,934.6596984,0.0,0.0,0.0,0.0,0.0,-0.5566864797549371,0.0,-0.5566864797549371,-0.5566864797549371,-0.5566864797549371,-0.05503793862217066,0.0,-0.05503793862217066,-0.05503793862217066,-0.05503793862217066,2.347692043205967,0.0,2.347692043205967,2.347692043205967,2.347692043205967,0.41211534160843755,0.0,0.41211534160843755,0.41211534160843755,0.41211534160843755,-767.0184786711907,0.0,-767.0184786711907,-767.0184786711907,-767.0184786711907,-164.77015960679273,0.0,-164.77015960679273,-164.77015960679273,-164.77015960679273,-137.30846633899273,0.0,-137.30846633899273,-137.30846633899273,-137.30846633899273,-36.50953920000006,0.0,-36.50953920000006,-36.50953920000006,-36.50953920000006,-0.02885799019356031,0.0,-0.02885799019356031,-0.02885799019356031,-0.02885799019356031,-0.02916427127533697,0.0,-0.02916427127533697,-0.02916427127533697,-0.02916427127533697,0.021363587798984215,0.0,0.021363587798984215,0.021363587798984215,0.021363587798984215,-0.02233388468841402,0.0,-0.02233388468841402,-0.02233388468841402,-0.02233388468841402,-0.00651437316918528,0.0,-0.00651437316918528,-0.00651437316918528,-0.00651437316918528
S2_energy,combined_disruption,central_area + any_road,severe,1,16.31144022950912,0.0,16.31144022950912,16.31144022950912,16.31144022950912,0.9514968269913746,0.0,0.9514968269913746,0.9514968269913746,0.9514968269913746,47.88043809664552,0.0,47.88043809664552,47.88043809664552,47.88043809664552,37.22971404573499,0.0,37.22971404573499,37.22971404573499,37.22971404573499,28822.24354031864,0.0,28822.24354031864,28822.24354031864,28822.24354031864,21167.46998567795,0.0,21167.46998567795,21167.46998567795,21167.46998567795,17639.558321398294,0.0,17639.558321398294,17639.558321398294,17639.558321398294,817.2553824000001,0.0,817.2553824000001,817.2553824000001,817.2553824000001,0.0,0.0,0.0,0.0,0.0,-2.9791089744046815,0.0,-2.9791089744046815,-2.9791089744046815,-2.9791089744046815,-0.9356732004220649,0.0,-0.9356732004220649,-0.9356732004220649,-0.9356732004220649,47.88043809664552,0.0,47.88043809664552,47.88043809664552,47.88043809664552,17.939164841821185,0.0,17.939164841821185,17.939164841821185,17.939164841821185,-5521.0195942443825,0.0,-5521.0195942443825,-5521.0195942443825,-5521.0195942443825,-4125.855300966581,0.0,-4125.855300966581,-4125.855300966581,-4125.855300966581,-3438.2127508054837,0.0,-3438.2127508054837,-3438.2127508054837,-3438.2127508054837,-153.91385519999994,0.0,-153.91385519999994,-153.91385519999994,-153.91385519999994,-0.15443360077069548,0.0,-0.15443360077069548,-0.15443360077069548,-0.15443360077069548,-0.4958075779237026,0.0,-0.4958075779237026,-0.4958075779237026,-0.4958075779237026,0.9299457808169381,0.0,0.9299457808169381,0.9299457808169381,0.9299457808169381,-0.1607599013702351,0.0,-0.1607599013702351,-0.1607599013702351,-0.1607599013702351,-0.16312031946013555,0.0,-0.16312031946013555,-0.16312031946013555,-0.16312031946013555
S2_energy,combined_disruption,peripheral + central_area,severe,1,17.50466846280359,0.0,17.50466846280359,17.50466846280359,17.50466846280359,1.4112166073214318,0.0,1.4112166073214318,1.4112166073214318,1.4112166073214318,19.0179074228257,0.0,19.0179074228257,19.0179074228257,19.0179074228257,25.586391273570456,0.0,25.586391273570456,25.586391273570456,25.586391273570456,32488.302029324623,0.0,32488.302029324623,32488.302029324623,32488.302029324623,24621.170472786933,0.0,24621.170472786933,24621.170472786933,24621.170472786933,20517.642060655777,0.0,20517.642060655777,20517.642060655777,20517.642060655777,893.0104656000001,0.0,893.0104656000001,893.0104656000001,893.0104656000001,0.0,0.0,0.0,0.0,0.0,-1.785880741110212,0.0,-1.785880741110212,-1.785880741110212,-1.785880741110212,-0.4759534200920077,0.0,-0.4759534200920077,-0.4759534200920077,-0.4759534200920077,19.0179074228257,0.0,19.0179074228257,19.0179074228257,19.0179074228257,6.295842069656654,0.0,6.295842069656654,6.295842069656654,6.295842069656654,-1854.9611052383989,0.0,-1854.9611052383989,-1854.9611052383989,-1854.9611052383989,-672.1548138576,0.0,-672.1548138576,-672.1548138576,-672.1548138576,-560.1290115480006,0.0,-560.1290115480006,-560.1290115480006,-560.1290115480006,-78.158772,0.0,-78.158772,-78.158772,-78.158772,-0.0925780143547121,0.0,-0.0925780143547121,-0.0925780143547121,-0.0925780143547121,-0.25220484279540556,0.0,-0.25220484279540556,-0.25220484279540556,-0.25220484279540556,0.3263692496831199,0.0,0.3263692496831199,0.3263692496831199,0.3263692496831199,-0.054012372032626335,0.0,-0.054012372032626335,-0.054012372032626335,-0.054012372032626335,-0.026574394874544764,0.0,-0.026574394874544764,-0.026574394874544764,-0.026574394874544764
S2_energy,node_removal,peripheral,severe,2,18.785741172823577,0.21571575587370617,18.57002541694987,19.001456928697284,19.001456928697284,1.6268109014014998,0.1704783152795497,1.45633258612195,1.7972892166810495,1.7972892166810495,7.388732468906023,2.812657045232535,4.576075423673489,10.201389514138558,10.201389514138558,21.83701984101139,0.9594386587640304,20.877581182247358,22.79645849977542,22.79645849977542,33033.8228666491,850.2184515768677,32183.60441507223,33884.041318225965,33884.041318225965,24270.95813797365,753.1393721652967,23517.81876580835,25024.097510138945,25024.097510138945,20225.798448311376,627.6161434710793,19598.182304840295,20853.414591782453,20853.414591782453,936.288006,19.34030760000013,916.9476983999998,955.6283136000001,955.6283136000001,0.0,0.0,0.0,0.0,0.0,-0.5048080310902243,0.21571575587370617,-0.7205237869639305,-0.28909227521651815,-0.28909227521651815,-0.2603591260119398,0.1704783152795497,-0.4308374412914895,-0.08988081073239007,-0.08988081073239007,7.388732468906023,2.812657045232535,4.576075423673489,10.201389514138558,10.201389514138558,2.5464706370975865,0.9594386587640304,1.587031978333556,3.505909295861617,3.505909295861617,-1309.440267913924,850.2184515768677,-2159.6587194907916,-459.2218163370562,-459.2218163370562,-1022.3671486708845,753.1393721652967,-1775.5065208361812,-269.2277765055878,-269.2277765055878,-851.9726238924031,627.6161434710793,-1479.5887673634825,-224.3564804213238,-224.3564804213238,-34.88123160000015,19.34030760000013,-54.22153920000028,-15.540924000000018,-15.540924000000018,-0.026168670770026877,0.01118245797947216,-0.03735112874949904,-0.014986212790554718,-0.014986212790554718,-0.13796272843988983,0.09033542966619057,-0.2282981581060804,-0.04762729877369924,-0.04762729877369924,0.1320061243554922,0.04973620235598957,0.08226992199950263,0.18174232671148177,0.18174232671148177,-0.03812800964146312,0.024756484211927107,-0.06288449385339023,-0.013371525429536017,-0.013371525429536017,-0.040420432548294395,0.029776210270105203,-0.0701966428183996,-0.010644222278189194,-0.010644222278189194
S2_energy,area_closure,central_area,severe,1,16.804199744936344,0.0,16.804199744936344,16.804199744936344,16.804199744936344,1.1252490282790168,0.0,1.1252490282790168,1.1252490282790168,1.1252490282790168,33.06378037744191,0.0,33.06378037744191,33.06378037744191,33.06378037744191,31.086364273549083,0.0,31.086364273549083,31.086364273549083,31.086364273549083,29344.526455221927,0.0,29344.526455221927,29344.526455221927,29344.526455221927,21050.373682832887,0.0,21050.373682832887,21050.373682832887,21050.373682832887,17541.978069027406,0.0,17541.978069027406,17541.978069027406,17541.978069027406,850.6080000000001,0.0,850.6080000000001,850.6080000000001,850.6080000000001,0.0,0.0,0.0,0.0,0.0,-2.4863494589774575,0.0,-2.4863494589774575,-2.4863494589774575,-2.4863494589774575,-0.7619209991344227,0.0,-0.7619209991344227,-0.7619209991344227,-0.7619209991344227,33.06378037744191,0.0,33.06378037744191,33.06378037744191,33.06378037744191,11.795815069635282,0.0,11.795815069635282,11.795815069635282,11.795815069635282,-4998.736679341095,0.0,-4998.736679341095,-4998.736679341095,-4998.736679341095,-4242.951603811645,0.0,-4242.951603811645,-4242.951603811645,-4242.951603811645,-3535.7930031763717,0.0,-3535.7930031763717,-3535.7930031763717,-3535.7930031763717,-120.56123760000003,0.0,-120.56123760000003,-120.56123760000003,-120.56123760000003,-0.12888951126767348,0.0,-0.12888951126767348,-0.12888951126767348,-0.12888951126767348,-0.40373733583439414,0.0,-0.40373733583439414,-0.40373733583439414,-0.40373733583439414,0.6114815573649953,0.0,0.6114815573649953,0.6114815573649953,0.6114815573649953,-0.14555217597568273,0.0,-0.14555217597568273,-0.14555217597568273,-0.14555217597568273,-0.16774985320146985,0.0,-0.16774985320146985,-0.16774985320146985,-0.16774985320146985
S2_energy,combined_disruption,any_road + peripheral_area,moderate,1,19.659330536264044,0.0,19.659330536264044,19.659330536264044,19.659330536264044,1.7615021986903165,0.0,1.7615021986903165,1.7615021986903165,1.7615021986903165,5.561111631502046,0.0,5.561111631502046,5.561111631502046,5.561111631502046,21.90272019803766,0.0,21.90272019803766,21.90272019803766,21.90272019803766,34091.62631330751,0.0,34091.62631330751,34091.62631330751,34091.62631330751,25099.503275561266,0.0,25099.503275561266,25099.503275561266,25099.503275561266,20916.25272963439,0.0,20916.25272963439,20916.25272963439,20916.25272963439,964.3680072000001,0.0,964.3680072000001,964.3680072000001,964.3680072000001,0.0,0.0,0.0,0.0,0.0,0.3687813323502418,0.0,0.3687813323502418,0.3687813323502418,0.3687813323502418,-0.125667828723123,0.0,-0.125667828723123,-0.125667828723123,-0.125667828723123,5.561111631502046,0.0,5.561111631502046,5.561111631502046,5.561111631502046,2.612170994123858,0.0,2.612170994123858,2.612170994123858,2.612170994123858,-251.63682125550986,0.0,-251.63682125550986,-251.63682125550986,-251.63682125550986,-193.82201108326626,0.0,-193.82201108326626,-193.82201108326626,-193.82201108326626,-161.51834256938673,0.0,-161.51834256938673,-161.51834256938673,-161.51834256938673,-6.801230400000009,0.0,-6.801230400000009,-6.801230400000009,-6.801230400000009,0.019117202338408325,0.0,0.019117202338408325,0.019117202338408325,0.019117202338408325,-0.06659062347199508,0.0,-0.06659062347199508,-0.06659062347199508,-0.06659062347199508,0.13541195569454717,0.0,0.13541195569454717,0.13541195569454717,0.13541195569454717,-0.007327108675420619,0.0,-0.007327108675420619,-0.007327108675420619,-0.007327108675420619,-0.007662970720010817,0.0,-0.007662970720010817,-0.007662970720010817,-0.007662970720010817
S2_energy,combined_disruption,peripheral_area + any_road,moderate,1,19.434913822503727,0.0,19.434913822503727,19.434913822503727,19.434913822503727,1.6707188500502768,0.0,1.6707188500502768,1.6707188500502768,1.6707188500502768,4.352366260060803,0.0,4.352366260060803,4.352366260060803,4.352366260060803,21.200454946657665,0.0,21.200454946657665,21.200454946657665,21.200454946657665,33514.52092934561,0.0,33514.52092934561,33514.52092934561,33514.52092934561,24683.956043618407,0.0,24683.956043618407,24683.956043618407,24683.956043618407,20569.963369682006,0.0,20569.963369682006,20569.963369682006,20569.963369682006,947.6972352000001,0.0,947.6972352000001,947.6972352000001,947.6972352000001,0.0,0.0,0.0,0.0,0.0,0.14436461858992544,0.0,0.14436461858992544,0.14436461858992544,0.14436461858992544,-0.21645117736316277,0.0,-0.21645117736316277,-0.21645117736316277,-0.21645117736316277,4.352366260060803,0.0,4.352366260060803,4.352366260060803,4.352366260060803,1.909905742743863,0.0,1.909905742743863,1.909905742743863,1.909905742743863,-828.7422052174152,0.0,-828.7422052174152,-828.7422052174152,-828.7422052174152,-609.3692430261253,0.0,-609.3692430261253,-609.3692430261253,-609.3692430261253,-507.8077025217717,0.0,-507.8077025217717,-507.8077025217717,-507.8077025217717,-23.47200239999995,0.0,-23.47200239999995,-23.47200239999995,-23.47200239999995,0.007483696657046744,0.0,0.007483696657046744,0.007483696657046744,0.007483696657046744,-0.1146961716320979,0.0,-0.1146961716320979,-0.1146961716320979,-0.1146961716320979,0.09900732853973737,0.0,0.09900732853973737,0.09900732853973737,0.09900732853973737,-0.024131143332835194,0.0,-0.024131143332835194,-0.024131143332835194,-0.024131143332835194,-0.024092096872208674,0.0,-0.024092096872208674,-0.024092096872208674,-0.024092096872208674
S2_energy,combined_disruption,central_area + peripheral,moderate,1,13.961130927158834,0.0,13.961130927158834,13.961130927158834,13.961130927158834,0.4787809703746347,0.0,0.4787809703746347,0.4787809703746347,0.4787809703746347,58.129371139977906,0.0,58.129371139977906,58.129371139977906,58.129371139977906,40.72323599915918,0.0,40.72323599915918,40.72323599915918,40.72323599915918,25462.74420257191,0.0,25462.74420257191,25462.74420257191,25462.74420257191,17736.656187857858,0.0,17736.656187857858,17736.656187857858,17736.656187857858,14780.546823214883,0.0,14780.546823214883,14780.546823214883,14780.546823214883,757.6837080000001,0.0,757.6837080000001,757.6837080000001,757.6837080000001,0.0,0.0,0.0,0.0,0.0,-5.329418276754968,0.0,-5.329418276754968,-5.329418276754968,-5.329418276754968,-1.408389057038805,0.0,-1.408389057038805,-1.408389057038805,-1.408389057038805,58.129371139977906,0.0,58.129371139977906,58.129371139977906,58.129371139977906,21.432686795245377,0.0,21.432686795245377,21.432686795245377,21.432686795245377,-8880.518931991111,0.0,-8880.518931991111,-8880.518931991111,-8880.518931991111,-7556.669098786675,0.0,-7556.669098786675,-7556.669098786675,-7556.669098786675,-6297.224248988894,0.0,-6297.224248988894,-6297.224248988894,-6297.224248988894,-213.48552959999995,0.0,-213.48552959999995,-213.48552959999995,-213.48552959999995,-0.276270945965276,0.0,-0.276270945965276,-0.276270945965276,-0.276270945965276,-0.7462968553867649,0.0,-0.7462968553867649,-0.7462968553867649,-0.7462968553867649,1.111045961869088,0.0,1.111045961869088,1.111045961869088,1.111045961869088,-0.25858110503931026,0.0,-0.25858110503931026,-0.25858110503931026,-0.25858110503931026,-0.2987613931006839,0.0,-0.2987613931006839,-0.2987613931006839,-0.2987613931006839
S2_energy,node_removal,central,moderate,1,19.95674704076267,0.0,19.95674704076267,19.95674704076267,19.95674704076267,1.6954907664029808,0.0,1.6954907664029808,1.6954907664029808,1.6954907664029808,5.163037980858558,0.0,5.163037980858558,5.163037980858558,5.163037980858558,22.024195399819366,0.0,22.024195399819366,22.024195399819366,22.024195399819366,33466.922876551616,0.0,33466.922876551616,33466.922876551616,33466.922876551616,24620.33502922742,0.0,24620.33502922742,24620.33502922742,24620.33502922742,20516.945857689516,0.0,20516.945857689516,20516.945857689516,20516.945857689516,947.4092328,0.0,947.4092328,947.4092328,947.4092328,0.0,0.0,0.0,0.0,0.0,0.6661978368488697,0.0,0.6661978368488697,0.6661978368488697,0.6661978368488697,-0.19167926101045873,0.0,-0.19167926101045873,-0.19167926101045873,-0.19167926101045873,5.163037980858558,0.0,5.163037980858558,5.163037980858558,5.163037980858558,2.733646195905564,0.0,2.733646195905564,2.733646195905564,2.733646195905564,-876.3402580114052,0.0,-876.3402580114052,-876.3402580114052,-876.3402580114052,-672.9902574171138,0.0,-672.9902574171138,-672.9902574171138,-672.9902574171138,-560.8252145142615,0.0,-560.8252145142615,-560.8252145142615,-560.8252145142615,-23.760004800000047,0.0,-23.760004800000047,-23.760004800000047,-23.760004800000047,0.03453493365101844,0.0,0.03453493365101844,0.03453493365101844,0.03453493365101844,-0.10156968276630318,0.0,-0.10156968276630318,-0.10156968276630318,-0.10156968276630318,0.1417090911725283,0.0,0.1417090911725283,0.1417090911725283,0.1417090911725283,-0.02551709354401613,0.0,-0.02551709354401613,-0.02551709354401613,-0.02551709354401613,-0.02660742507322548,0.0,-0.02660742507322548,-0.02660742507322548,-0.02660742507322548
S2_energy,combined_disruption,any_road + central_area,moderate,1,18.326282546842577,0.0,18.326282546842577,18.326282546842577,18.326282546842577,1.7410842558800512,0.0,1.7410842558800512,1.7410842558800512,1.7410842558800512,3.033926527128666,0.0,3.033926527128666,3.033926527128666,3.033926527128666,19.590632515494573,0.0,19.590632515494573,19.590632515494573,19.590632515494573,33734.401782979185,0.0,33734.401782979185,33734.401782979185,33734.401782979185,24722.775363268775,0.0,24722.775363268775,24722.775363268775,24722.775363268775,20602.31280272398,0.0,20602.31280272398,20602.31280272398,20602.31280272398,958.4750856,0.0,958.4750856,958.4750856,958.4750856,0.0,0.0,0.0,0.0,0.0,-0.9642666570712244,0.0,-0.9642666570712244,-0.9642666570712244,-0.9642666570712244,-0.1460857715333883,0.0,-0.1460857715333883,-0.1460857715333883,-0.1460857715333883,3.033926527128666,0.0,3.033926527128666,3.033926527128666,3.033926527128666,0.30008331158077084,0.0,0.30008331158077084,0.30008331158077084,0.30008331158077084,-608.861351583837,0.0,-608.861351583837,-608.861351583837,-608.861351583837,-570.5499233757582,0.0,-570.5499233757582,-570.5499233757582,-570.5499233757582,-475.4582694797973,0.0,-475.4582694797973,-475.4582694797973,-475.4582694797973,-12.694152000000031,0.0,-12.694152000000031,-12.694152000000031,-12.694152000000031,-0.04998648026441815,0.0,-0.04998648026441815,-0.04998648026441815,-0.04998648026441815,-0.07740996805338937,0.0,-0.07740996805338937,-0.07740996805338937,-0.07740996805338937,0.015555975540597249,0.0,0.015555975540597249,0.015555975540597249,0.015555975540597249,-0.017728698324274247,0.0,-0.017728698324274247,-0.017728698324274247,-0.017728698324274247,-0.022557331505834936,0.0,-0.022557331505834936,-0.022557331505834936,-0.022557331505834936
S2_energy,combined_disruption,peripheral_area + any_road,mild,1,19.528871463014987,0.0,19.528871463014987,19.528871463014987,19.528871463014987,1.8390039769159965,0.0,1.8390039769159965,1.8390039769159965,1.8390039769159965,1.0385086267224073,0.0,1.0385086267224073,1.0385086267224073,1.0385086267224073,19.94916762420349,0.0,19.94916762420349,19.94916762420349,19.94916762420349,34097.23597055356,0.0,34097.23597055356,34097.23597055356,34097.23597055356,25204.22054063033,0.0,25204.22054063033,25204.22054063033,25204.22054063033,21003.517117191943,0.0,21003.517117191943,21003.517117191943,21003.517117191943,960.8012376,0.0,960.8012376,960.8012376,960.8012376,0.0,0.0,0.0,0.0,0.0,0.2383222591011851,0.0,0.2383222591011851,0.2383222591011851,0.2383222591011851,-0.04816605049744305,0.0,-0.04816605049744305,-0.04816605049744305,-0.04816605049744305,1.0385086267224073,0.0,1.0385086267224073,1.0385086267224073,1.0385086267224073,0.6586184202896881,0.0,0.6586184202896881,0.6586184202896881,0.6586184202896881,-246.0271640094652,0.0,-246.0271640094652,-246.0271640094652,-246.0271640094652,-89.10474601420356,0.0,-89.10474601420356,-89.10474601420356,-89.10474601420356,-74.25395501183448,0.0,-74.25395501183448,-74.25395501183448,-74.25395501183448,-10.368000000000052,0.0,-10.368000000000052,-10.368000000000052,-10.368000000000052,0.01235435324219969,0.0,0.01235435324219969,0.01235435324219969,0.01235435324219969,-0.025522899260677412,0.0,-0.025522899260677412,-0.025522899260677412,-0.025522899260677412,0.034142025368363436,0.0,0.034142025368363436,0.034142025368363436,0.034142025368363436,-0.007163767841322676,0.0,-0.007163767841322676,-0.007163767841322676,-0.007163767841322676,-0.0035228561292118023,0.0,-0.0035228561292118023,-0.0035228561292118023,-0.0035228561292118023
R0_reference,area_closure,peripheral_area,severe,5,15.917006749414151,2.1864653364035243,11.658999907047036,17.92962418135582,17.92962418135582,0.6894592284110929,0.09609211815713513,0.5393740382103842,0.8184571090988246,0.8184571090988246,34.6065318263701,9.260149588911071,21.652202858231256,49.78781808702215,49.78781808702215,31.316321164375815,3.3527711637113895,26.009608560337167,35.726929094773666,35.726929094773666,26525.474302278115,839.0590110904861,25121.218874293147,27546.95971304254,27546.95971304254,,,,,,16323.696787447643,508.8963694399061,15632.194166866431,16934.253314476704,16934.253314476704,748.1398262400002,28.530139984406464,700.8590856000001,782.8947864,782.8947864,0.0,0.0,0.0,0.0,0.0,-1.8686214714505411,2.1864653364035243,-6.126628313817655,0.14399596049112873,0.14399596049112873,-0.5082245667122548,0.09609211815713513,-0.6583097569129635,-0.37922668602452303,-0.37922668602452303,34.6065318263701,9.260149588911071,21.652202858231256,49.78781808702215,49.78781808702215,13.530692943511124,3.3527711637113895,8.223980339472476,17.941300873908975,17.941300873908975,-5576.370641618241,839.0590110904863,-6980.626069603211,-4554.885230853819,-4554.885230853819,,,,,,-3227.1167524228044,508.89636943990615,-3918.619373004016,-2616.560225393743,-2616.560225393743,-166.37095775999995,28.530139984406464,-213.6516984,-131.61599760000001,-131.61599760000001,-0.10506356302098016,0.12293438889263052,-0.3444707287106327,0.00809619759858716,0.00809619759858716,-0.4243395199814935,0.0802316258668581,-0.5496523870435812,-0.31663339486485,-0.31663339486485,0.7607655335805337,0.1885101342542505,0.4623947064082197,1.0087527216419414,1.0087527216419414,-0.1737087276872695,0.02613740775824225,-0.2174524885346337,-0.14188858113339856,-0.14188858113339856,,,,,
R0_reference,combined_disruption,peripheral_area + central_area,mild,1,18.010292160551884,0.0,18.010292160551884,18.010292160551884,18.010292160551884,0.9578497749858651,0.0,0.9578497749858651,0.9578497749858651,0.9578497749858651,13.556348936935327,0.0,13.556348936935327,13.556348936935327,13.556348936935327,23.702563472867162,0.0,23.702563472867162,23.702563472867162,23.702563472867162,30498.358303205372,0.0,30498.358303205372,30498.358303205372,30498.358303205372,,,,,,18502.504665006712,0.0,18502.504665006712,18502.504665006712,18502.504665006712,872.0196984000002,0.0,872.0196984000002,872.0196984000002,872.0196984000002,0.0,0.0,0.0,0.0,0.0,0.22466393968719345,0.0,0.22466393968719345,0.22466393968719345,0.22466393968719345,-0.23983402013748256,0.0,-0.23983402013748256,-0.23983402013748256,-0.23983402013748256,13.556348936935327,0.0,13.556348936935327,13.556348936935327,13.556348936935327,5.916935252002471,0.0,5.916935252002471,5.916935252002471,5.916935252002471,-1603.486640690986,0.0,-1603.486640690986,-1603.486640690986,-1603.486640690986,,,,,,-1048.3088748637347,0.0,-1048.3088748637347,-1048.3088748637347,-1048.3088748637347,-42.491085599999906,0.0,-42.491085599999906,-42.491085599999906,-42.491085599999906,0.012631768577262595,0.0,0.012631768577262595,0.012631768577262595,0.012631768577262595,-0.20024819665593155,0.0,-0.20024819665593155,-0.20024819665593155,-0.20024819665593155,0.3326807003117939,0.0,0.3326807003117939,0.3326807003117939,0.3326807003117939,-0.049949983980464734,0.0,-0.049949983980464734,-0.049949983980464734,-0.049949983980464734,,,,,
R0_reference,combined_disruption,central + any_road,moderate,2,16.525679148553465,1.865615407962295,14.66006374059117,18.39129455651576,18.39129455651576,0.9185071113328662,0.013466183160760592,0.9050409281721056,0.9319732944936268,0.9319732944936268,25.83151056107907,2.2662971622144124,23.565213398864657,28.09780772329348,28.09780772329348,27.79803331970076,0.39844146707707395,27.399591852623686,28.196474786777834,28.196474786777834,30567.04687693886,111.91487171920744,30455.132005219653,30678.96174865807,30678.96174865807,,,,,,18516.96069617357,223.51053764900826,18293.450158524563,18740.47123382258,18740.47123382258,875.1932400000001,3.716308799999979,871.4769312000001,878.9095488,878.9095488,0.0,0.0,0.0,0.0,0.0,-1.259949072311226,1.865615407962295,-3.125564480273521,0.605666335651069,0.605666335651069,-0.2791766837904815,0.013466183160760592,-0.2926428669512421,-0.2657105006297209,-0.2657105006297209,25.83151056107907,2.2662971622144124,23.565213398864657,28.09780772329348,28.09780772329348,10.01240509883607,0.39844146707707395,9.613963631758995,10.410846565913143,10.410846565913143,-1534.7980669574972,111.91487171920744,-1646.7129386767047,-1422.8831952382898,-1422.8831952382898,,,,,,-1033.8528436968754,223.51053764900826,-1257.3633813458837,-810.3423060478672,-810.3423060478672,-39.317544,3.716308799999979,-43.03385279999998,-35.60123520000002,-35.60123520000002,-0.07084085288779138,0.10489454658529873,-0.1757353994730901,0.03405369369750736,0.03405369369750736,-0.2330971537956974,0.01124352121619357,-0.24434067501189097,-0.22185363257950383,-0.22185363257950383,0.5629491955246376,0.02240243988737234,0.5405467556372653,0.58535163541201,0.58535163541201,-0.047810276002511004,0.003486244230348705,-0.05129652023285971,-0.0443240317721623,-0.0443240317721623,,,,,
R0_reference,demand_surge,peripheral_area,mild,10,17.89124290864088,3.552713678800501e-15,17.891242908640876,17.891242908640876,17.891242908640876,1.2044022749553682,2.220446049250313e-16,1.204402274955368,1.204402274955368,1.204402274955368,0.0,0.0,0.0,0.0,0.0,17.89124290864088,3.552713678800501e-15,17.891242908640876,17.891242908640876,17.891242908640876,32101.84494389635,7.275957614183426e-12,32101.844943896358,32101.844943896358,32101.844943896358,,,,,,19550.813539870443,3.637978807091713e-12,19550.813539870447,19550.813539870447,19550.813539870447,914.5107840000001,0.0,914.5107840000001,914.5107840000001,914.5107840000001,0.0,0.0,0.0,0.0,0.0,0.10561468777618543,0.0,0.10561468777618543,0.10561468777618543,0.10561468777618543,0.006718479832020341,0.0,0.006718479832020341,0.006718479832020341,0.006718479832020341,0.0,0.0,0.0,0.0,0.0,0.10561468777618543,0.0,0.10561468777618543,0.10561468777618543,0.10561468777618543,0.0,0.0,0.0,0.0,0.0,,,,,,0.0,0.0,0.0,0.0,0.0,0.0,0.0,0.0,0.0,0.0,0.005938203951226567,0.0,0.005938203951226567,0.005938203951226567,0.005938203951226567,0.005609560603037479,8.673617379884035e-19,0.005609560603037478,0.005609560603037478,0.005609560603037478,0.005938203951226567,0.0,0.005938203951226567,0.005938203951226567,0.005938203951226567,0.0,0.0,0.0,0.0,0.0,,,,,
R0_reference,area_closure,central_area,moderate,1,16.239776155728062,0.0,16.239776155728062,16.239776155728062,16.239776155728062,0.6929092007695837,0.0,0.6929092007695837,0.6929092007695837,0.6929092007695837,45.71675247317972,0.0,45.71675247317972,45.71675247317972,45.71675247317972,36.24552937232323,0.0,36.24552937232323,36.24552937232323,36.24552937232323,25788.25743625848,0.0,25788.25743625848,25788.25743625848,25788.25743625848,,,,,,14641.872261323098,0.0,14641.872261323098,14641.872261323098,14641.872261323098,781.9310904,0.0,781.9310904,781.9310904,781.9310904,0.0,0.0,0.0,0.0,0.0,-1.5458520651366285,0.0,-1.5458520651366285,-1.5458520651366285,-1.5458520651366285,-0.5047745943537639,0.0,-0.5047745943537639,-0.5047745943537639,-0.5047745943537639,45.71675247317972,0.0,45.71675247317972,45.71675247317972,45.71675247317972,18.459901151458542,0.0,18.459901151458542,18.459901151458542,18.459901151458542,-6313.58750763788,0.0,-6313.58750763788,-6313.58750763788,-6313.58750763788,,,,,,-4908.941278547349,0.0,-4908.941278547349,-4908.941278547349,-4908.941278547349,-132.57969360000004,0.0,-132.57969360000004,-132.57969360000004,-132.57969360000004,-0.0869157977407375,0.0,-0.0869157977407375,-0.0869157977407375,-0.0869157977407375,-0.42145898308808455,0.0,-0.42145898308808455,-0.42145898308808455,-0.42145898308808455,1.0379111112759485,0.0,1.0379111112759485,1.0379111112759485,1.0379111112759485,-0.19667366528845892,0.0,-0.19667366528845892,-0.19667366528845892,-0.19667366528845892,,,,,
R0_reference,area_closure,peripheral_area,moderate,4,17.324183139083395,0.545611490022862,16.55729354245291,18.077937927026785,18.077937927026785,1.0340688382873926,0.04762530814803818,0.9813434445546512,1.10191067775431,1.10191067775431,11.029892628013137,3.6879373292645536,7.423918837194455,16.847803239596573,16.847803239596573,22.041761480744707,1.3823202272446662,21.003692389153695,24.410504249644163,24.410504249644163,29475.632496024835,407.4639977312662,28832.2014690985,29960.07369263249,29960.07369263249,,,,,,17672.463429031042,511.22996655973,17101.703882373127,18496.091683790608,18496.091683790608,852.0923196,10.668271138137788,841.7132424,867.2344752,867.2344752,0.0,0.0,0.0,0.0,0.0,-0.46144508178129495,0.545611490022862,-1.2283346784117803,0.2923097061620936,0.2923097061620936,-0.16361495683595512,0.04762530814803818,-0.2163403505686965,-0.09577311736903771,-0.09577311736903771,11.029892628013137,3.6879373292645536,7.423918837194455,16.847803239596573,16.847803239596573,4.256133259880016,1.3823202272446662,3.218064168289004,6.624876028779472,6.624876028779472,-2626.212447871523,407.4639977312662,-3269.6434747978565,-2141.771251263868,-2141.771251263868,,,,,,-1878.3501108394057,511.22996655973,-2449.10965749732,-1054.7218560798392,-1054.7218560798392,-62.418464400000005,10.668271138137788,-72.79754160000005,-47.27630880000004,-47.27630880000004,-0.02594482894002946,0.030677099692368124,-0.06906332816351099,0.016435163410150395,0.016435163410150395,-0.13660947697727233,0.039764509081575514,-0.18063227660721246,-0.07996527777949453,-0.07996527777949453,0.23930182319267518,0.07772119208153905,0.18093621031130214,0.3724847920191929,0.3724847920191929,-0.08180876994644057,0.012692852963540925,-0.10185219823072897,-0.06671801122356025,-0.06671801122356025,,,,,
R0_reference,combined_disruption,any_road + central_area,mild,3,16.94043859130784,1.0421734132423357,15.466661500502484,17.69051614223601,17.69051614223601,0.9597196201403756,0.3217222454937064,0.5047467332637687,1.189955431441271,1.189955431441271,18.172070557272225,25.369361587609088,0.0,54.04875065439719,54.04875065439719,25.02960306710068,10.258244704575976,17.66413813118502,39.53637458417457,39.53637458417457,31096.067560171792,1278.2961470003363,29292.26747626738,32101.844943896358,32101.844943896358,,,,,,18889.419494214733,855.3996129236888,17681.52170533422,19550.813539870447,19550.813539870447,888.0295536000002,33.00413860274743,841.5027840000002,914.5107840000001,914.5107840000001,0.0,0.0,0.0,0.0,0.0,-0.845189629556853,1.042173413242336,-2.318966720362207,-0.09511207862868076,-0.09511207862868076,-0.23796417498297218,0.3217222454937064,-0.6929370618595789,-0.007728363682076633,-0.007728363682076633,18.172070557272225,25.369361587609088,0.0,54.04875065439719,54.04875065439719,7.243974846235987,10.258244704575976,-0.12149008967967134,21.750746363309876,21.750746363309876,-1005.7773837245671,1278.2961470003363,-2809.5774676289766,0.0,0.0,,,,,,-661.3940456557115,855.3996129236888,-1869.2918345362268,0.0,0.0,-26.48123039999992,33.00413860274743,-73.00799999999981,0.0,0.0,-0.04752093201663484,0.05859637907081294,-0.13038430195239203,-0.005347692948911571,-0.005347692948911571,-0.1986869789437742,0.26862035439042803,-0.5785642793874608,-0.006452757993006577,-0.006452757993006577,0.407293729312183,0.5767715695609681,-0.006830801148600913,1.2229394482559588,1.2229394482559588,-0.03133082804064192,0.03982002122415035,-0.08752074756261546,0.0,0.0,,,,,
R0_reference,combined_disruption,peripheral_area + central_area,moderate,2,16.65658066235469,0.8688378183943373,15.78774284396035,17.525418480749025,17.525418480749025,0.8502612379158999,0.057587249515313466,0.7926739884005864,0.9078484874312134,0.9078484874312134,30.78352286908469,4.483307051652336,26.300215817432353,35.266829920737024,35.266829920737024,30.038164733581503,1.3418396457182347,28.69632508786327,31.380004379299738,31.380004379299738,28169.72407668419,1839.6894476159941,26330.034629068195,30009.413524300184,30009.413524300184,,,,,,16698.794771855235,1728.8735515199924,14969.921220335242,18427.668323375226,18427.668323375226,822.8160144000001,25.36614480000003,797.4498696,848.1821592000001,848.1821592000001,0.0,0.0,0.0,0.0,0.0,-1.1290475585100035,0.8688378183943373,-1.9978853769043408,-0.2602097401156662,-0.2602097401156662,-0.34742255720744775,0.057587249515313466,-0.4050098067227612,-0.2898353076921343,-0.2898353076921343,30.78352286908469,4.483307051652336,26.300215817432353,35.266829920737024,35.266829920737024,12.252536512716812,1.3418396457182347,10.910696866998578,13.594376158435047,13.594376158435047,-3932.1208672121684,1839.6894476159941,-5771.8103148281625,-2092.4314195961742,-2092.4314195961742,,,,,,-2852.018768015213,1728.8735515199924,-4580.892319535205,-1123.1452164952207,-1123.1452164952207,-91.69476959999997,25.36614480000003,-117.0609144,-66.32862479999994,-66.32862479999994,-0.06348089280228483,0.04885055549373766,-0.1123314482960225,-0.014630337308547176,-0.014630337308547176,-0.2900786990874058,0.04808218141532311,-0.3381608805027289,-0.2419965176720827,-0.2419965176720827,0.6889009688363499,0.07544516443586147,0.6134558044004884,0.7643461332722113,0.7643461332722113,-0.12248893713380785,0.05730790397969887,-0.17979684111350672,-0.06518103315410897,-0.06518103315410897,,,,,
R0_reference,combined_disruption,central + central_area,mild,1,14.709462038418486,0.0,14.709462038418486,14.709462038418486,14.709462038418486,0.9408930093864697,0.0,0.9408930093864697,0.9408930093864697,0.9408930093864697,24.606541331300967,0.0,24.606541331300967,24.606541331300967,24.606541331300967,25.853896981103595,0.0,25.853896981103595,25.853896981103595,25.853896981103595,31012.613342295343,0.0,31012.613342295343,31012.613342295343,31012.613342295343,,,,,,18801.384827869173,0.0,18801.384827869173,18801.384827869173,18801.384827869173,887.3058600000002,0.0,887.3058600000002,887.3058600000002,887.3058600000002,0.0,0.0,0.0,0.0,0.0,-3.0761661824462045,0.0,-3.0761661824462045,-3.0761661824462045,-3.0761661824462045,-0.25679078573687797,0.0,-0.25679078573687797,-0.25679078573687797,-0.25679078573687797,24.606541331300967,0.0,24.606541331300967,24.606541331300967,24.606541331300967,8.068268760238904,0.0,8.068268760238904,8.068268760238904,8.068268760238904,-1089.2316016010154,0.0,-1089.2316016010154,-1089.2316016010154,-1089.2316016010154,,,,,,-749.4287120012741,0.0,-749.4287120012741,-749.4287120012741,-749.4287120012741,-27.20492399999989,0.0,-27.20492399999989,-27.20492399999989,-27.20492399999989,-0.1729579716974793,0.0,-0.1729579716974793,-0.1729579716974793,-0.1729579716974793,-0.21440616194563397,0.0,-0.21440616194563397,-0.21440616194563397,-0.21440616194563397,0.45363979613460326,0.0,0.45363979613460326,0.45363979613460326,0.45363979613460326,-0.03393049849641477,0.0,-0.03393049849641477,-0.03393049849641477,-0.03393049849641477,,,,,
R0_reference,demand_surge,peripheral_area,severe,3,18.06585444962578,0.0,18.06585444962578,18.06585444962578,18.06585444962578,1.215509859906349,0.0,1.215509859906349,1.215509859906349,1.215509859906349,0.0,0.0,0.0,0.0,0.0,18.06585444962578,0.0,18.06585444962578,18.06585444962578,18.06585444962578,32101.844943896358,0.0,32101.844943896358,32101.844943896358,32101.844943896358,,,,,,19550.813539870447,0.0,19550.813539870447,19550.813539870447,19550.813539870447,914.5107840000001,0.0,914.5107840000001,914.5107840000001,914.5107840000001,0.0,0.0,0.0,0.0,0.0,0.28022622876108727,0.0,0.28022622876108727,0.28022622876108727,0.28022622876108727,0.017826064783001305,0.0,0.017826064783001305,0.017826064783001305,0.017826064783001305,0.0,0.0,0.0,0.0,0.0,0.28022622876108727,0.0,0.28022622876108727,0.28022622876108727,0.28022622876108727,0.0,0.0,0.0,0.0,0.0,,,,,,0.0,0.0,0.0,0.0,0.0,0.0,0.0,0.0,0.0,0.0,0.015755767818892562,0.0,0.015755767818892562,0.015755767818892562,0.015755767818892562,0.014883782226648082,0.0,0.014883782226648082,0.014883782226648082,0.014883782226648082,0.015755767818892562,0.0,0.015755767818892562,0.015755767818892562,0.015755767818892562,0.0,0.0,0.0,0.0,0.0,,,,,
R0_reference,combined_disruption,central_area + central_area,moderate,1,17.073833376077573,0.0,17.073833376077573,17.073833376077573,17.073833376077573,0.8910701548241601,0.0,0.8910701548241601,0.8910701548241601,0.8910701548241601,28.3438160140747,0.0,28.3438160140747,28.3438160140747,28.3438160140747,29.24074706585729,0.0,29.24074706585729,29.24074706585729,29.24074706585729,30055.972131119102,0.0,30055.972131119102,30055.972131119102,30055.972131119102,,,,,,18287.229579898874,0.0,18287.229579898874,18287.229579898874,18287.229579898874,857.0104704,0.0,857.0104704,857.0104704,857.0104704,0.0,0.0,0.0,0.0,0.0,-0.7117948447871179,0.0,-0.7117948447871179,-0.7117948447871179,-0.7117948447871179,-0.3066136402991876,0.0,-0.3066136402991876,-0.3066136402991876,-0.3066136402991876,28.3438160140747,0.0,28.3438160140747,28.3438160140747,28.3438160140747,11.455118844992597,0.0,11.455118844992597,11.455118844992597,11.455118844992597,-2045.8728127772556,0.0,-2045.8728127772556,-2045.8728127772556,-2045.8728127772556,,,,,,-1263.5839599715728,0.0,-1263.5839599715728,-1263.5839599715728,-1263.5839599715728,-57.50031360000003,0.0,-57.50031360000003,-57.50031360000003,-57.50031360000003,-0.04002078734290063,0.0,-0.04002078734290063,-0.04002078734290063,-0.04002078734290063,-0.25600550124134386,0.0,-0.25600550124134386,-0.25600550124134386,-0.25600550124134386,0.6440660235748299,0.0,0.6440660235748299,0.6440660235748299,0.6440660235748299,-0.0637306926238283,0.0,-0.0637306926238283,-0.0637306926238283,-0.0637306926238283,,,,,
R0_reference,area_closure,peripheral_area,mild,1,17.463816978078835,0.0,17.463816978078835,17.463816978078835,17.463816978078835,1.1086996377365073,0.0,1.1086996377365073,1.1086996377365073,1.1086996377365073,6.902181515833906,0.0,6.902181515833906,6.902181515833906,6.902181515833906,20.399741540159155,0.0,20.399741540159155,20.399741540159155,20.399741540159155,30468.91626036924,0.0,30468.91626036924,30468.91626036924,30468.91626036924,,,,,,19091.520423461545,0.0,19091.520423461545,19091.520423461545,19091.520423461545,844.2055512000002,0.0,844.2055512000002,844.2055512000002,844.2055512000002,0.0,0.0,0.0,0.0,0.0,-0.3218112427858557,0.0,-0.3218112427858557,-0.3218112427858557,-0.3218112427858557,-0.0889841573868404,0.0,-0.0889841573868404,-0.0889841573868404,-0.0889841573868404,6.902181515833906,0.0,6.902181515833906,6.902181515833906,6.902181515833906,2.6141133192944643,0.0,2.6141133192944643,2.6141133192944643,2.6141133192944643,-1632.9286835271196,0.0,-1632.9286835271196,-1632.9286835271196,-1632.9286835271196,,,,,,-459.2931164089023,0.0,-459.2931164089023,-459.2931164089023,-459.2931164089023,-70.30523279999989,0.0,-70.30523279999989,-70.30523279999989,-70.30523279999989,-0.018093892371388504,0.0,-0.018093892371388504,-0.018093892371388504,-0.018093892371388504,-0.07429687013313564,0.0,-0.07429687013313564,-0.07429687013313564,-0.07429687013313564,0.14697897014555794,0.0,0.14697897014555794,0.14697897014555794,0.14697897014555794,-0.05086712886380676,0.0,-0.05086712886380676,-0.05086712886380676,-0.05086712886380676,,,,,
R0_reference,combined_disruption,peripheral + peripheral_area,mild,1,17.90365960379329,0.0,17.90365960379329,17.90365960379329,17.90365960379329,0.7481138509589689,0.0,0.7481138509589689,0.7481138509589689,0.7481138509589689,28.099987459924044,0.0,28.099987459924044,28.099987459924044,28.099987459924044,29.732725976214315,0.0,29.732725976214315,29.732725976214315,29.732725976214315,28951.97535381427,0.0,28951.97535381427,28951.97535381427,28951.97535381427,,,,,,18357.756876267827,0.0,18357.756876267827,18357.756876267827,18357.756876267827,792.5427696000003,0.0,792.5427696000003,792.5427696000003,792.5427696000003,0.0,0.0,0.0,0.0,0.0,0.11803138292859927,0.0,0.11803138292859927,0.11803138292859927,0.11803138292859927,-0.4495699441643788,0.0,-0.4495699441643788,-0.4495699441643788,-0.4495699441643788,28.099987459924044,0.0,28.099987459924044,28.099987459924044,28.099987459924044,11.947097755349624,0.0,11.947097755349624,11.947097755349624,11.947097755349624,-3149.8695900820894,0.0,-3149.8695900820894,-3149.8695900820894,-3149.8695900820894,,,,,,-1193.0566636026197,0.0,-1193.0566636026197,-1193.0566636026197,-1193.0566636026197,-121.96801439999979,0.0,-121.96801439999979,-121.96801439999979,-121.96801439999979,0.006636334767761209,0.0,0.006636334767761209,0.006636334767761209,0.006636334767761209,-0.375366140875337,0.0,-0.375366140875337,-0.375366140875337,-0.375366140875337,0.6717276222683118,0.0,0.6717276222683118,0.6717276222683118,0.6717276222683118,-0.09812113900578122,0.0,-0.09812113900578122,-0.09812113900578122,-0.09812113900578122,,,,,
R0_reference,demand_surge,central_area,mild,7,17.664138131185016,3.552713678800501e-15,17.66413813118502,17.66413813118502,17.66413813118502,1.1899554314412712,2.220446049250313e-16,1.189955431441271,1.189955431441271,1.189955431441271,0.0,0.0,0.0,0.0,0.0,17.664138131185016,3.552713678800501e-15,17.66413813118502,17.66413813118502,17.66413813118502,32101.84494389635,7.275957614183426e-12,32101.844943896358,32101.844943896358,32101.844943896358,,,,,,19550.81353987045,3.637978807091713e-12,19550.813539870447,19550.813539870447,19550.813539870447,914.5107840000001,0.0,914.5107840000001,914.5107840000001,914.5107840000001,0.0,0.0,0.0,0.0,0.0,-0.12149008967967134,0.0,-0.12149008967967134,-0.12149008967967134,-0.12149008967967134,-0.007728363682076633,0.0,-0.007728363682076633,-0.007728363682076633,-0.007728363682076633,0.0,0.0,0.0,0.0,0.0,-0.12149008967967134,0.0,-0.12149008967967134,-0.12149008967967134,-0.12149008967967134,0.0,0.0,0.0,0.0,0.0,,,,,,0.0,0.0,0.0,0.0,0.0,0.0,0.0,0.0,0.0,0.0,-0.006830801148600913,0.0,-0.006830801148600913,-0.006830801148600913,-0.006830801148600913,-0.006452757993006577,0.0,-0.006452757993006577,-0.006452757993006577,-0.006452757993006577,-0.006830801148600913,0.0,-0.006830801148600913,-0.006830801148600913,-0.006830801148600913,0.0,0.0,0.0,0.0,0.0,,,,,
R0_reference,link_failure,any_road,mild,24,17.6215160959497,0.6260198353049727,14.837721490270862,18.21184935935704,18.205526273587875,1.1304616205363447,0.08766143166279448,0.9099351317552824,1.1976837951233477,1.1976837951233477,5.6476458080303376,8.122465376760289,0.0,25.532587867905264,22.717378594041776,20.044899402840763,3.166480651580698,17.78562822086469,27.70013510140424,26.368819933915553,31817.49058179227,518.7502144736976,29472.784025888002,32101.844943896358,32101.844943896358,,,,,,19350.111731740315,559.6295713534707,16706.373172360003,19550.813539870447,19550.813539870447,907.6333998,7.547919663786286,894.4394016000001,914.5107840000001,914.5107840000001,0.0,0.0,0.0,0.0,0.0,-0.1641121249149841,0.6260198353049722,-2.9479067305938287,0.4262211384923482,0.4198980527231839,-0.06722217458700253,0.08766143166279444,-0.28774866336806526,0.0,0.0,5.6476458080303376,8.122465376760289,0.0,25.532587867905264,22.717378594041776,2.259271181976073,3.166480651580698,0.0,9.914506880539548,8.583191713050862,-284.35436210410154,518.7502144736974,-2629.0609180083557,0.0,0.0,,,,,,-200.7018081301279,559.6295713534705,-2844.440367510444,0.0,0.0,-6.87738419999998,7.5479196637862875,-20.071382399999948,0.0,0.0,-0.009227232396686486,0.03519807270965979,-0.1657465619986129,0.023964356681668367,0.023608840098804762,-0.05612681315445151,0.07319246700984738,-0.2402542845947335,0.0,0.0,0.12702791005862105,0.1780359182289684,0.0,0.5574448513946015,0.48259142755394724,-0.008857882237019743,0.016159514052239206,-0.08189750223400255,0.0,0.0,,,,,
R0_reference,area_closure,central_area,mild,6,15.528295668901285,1.0132980079933442,14.772861011365155,17.470145818587937,17.470145818587937,0.8484698823315028,0.11298752608410817,0.6706961119703416,1.0210434022825554,1.0210434022825554,32.95204641455802,9.823640191000704,17.000012195655625,46.6412805725358,46.6412805725358,30.219256343107133,4.085779888794279,24.700226216222543,36.670490486803935,36.670490486803935,29782.07487649238,1171.25931958234,27349.676301796488,31127.217771376203,31127.217771376203,,,,,,18073.502580615474,1078.3635800494333,15691.679469245608,18909.498892220254,18909.498892220254,851.2929340000001,21.641859831254795,822.0184848,888.8677032,888.8677032,0.0,0.0,0.0,0.0,0.0,-2.2573325519634073,1.0132980079933442,-3.012767209499536,-0.3154824022767535,-0.3154824022767535,-0.3492139127918448,0.11298752608410817,-0.526987683153006,-0.17664039284079225,-0.17664039284079225,32.95204641455802,9.823640191000704,17.000012195655625,46.6412805725358,46.6412805725358,12.433628122242439,4.085779888794278,6.914597995357852,18.884862265939244,18.884862265939244,-2319.770067403975,1171.2593195823401,-4752.16864209987,-974.627172520155,-974.627172520155,,,,,,-1477.3109592549727,1078.363580049433,-3859.1340706248393,-641.3146476501934,-641.3146476501934,-63.21784999999994,21.641859831254795,-92.49229920000005,-25.643080800000007,-25.643080800000007,-0.12691891025335184,0.05697285445361008,-0.1693933535597689,-0.017738052227283967,-0.017738052227283967,-0.29157438233175714,0.09433836087969424,-0.44000568872916274,-0.14748499859480885,-0.14748499859480885,0.69908287567016,0.22972367565859522,0.3887744593270084,1.061804622891252,1.061804622891252,-0.07226282699508962,0.0364857322571124,-0.1480341285806197,-0.030360472247731807,-0.030360472247731807,,,,,
R0_reference,link_failure,any_road,moderate,26,17.581864057967845,0.7695688841820457,14.952818027427506,18.443972142419746,18.35117040834903,1.1024143595545512,0.11792289824270408,0.8180244339687592,1.1976837951233477,1.1976837951233477,6.663039608785441,8.620142855434892,0.0,28.923891217621424,25.804342944705617,20.450280218650747,3.305496309105434,17.78562822086469,27.982215937778342,27.9785359813966,31686.795048976343,378.22439918169147,30955.710283597644,32101.844943896358,32101.844943896358,,,,,,19298.5439188358,258.7277288240068,18562.288272405527,19550.813539870447,19550.813539870447,902.6644396615383,12.298097033690793,872.6510904000002,914.5107840000001,914.5107840000001,0.0,0.0,0.0,0.0,0.0,-0.2037641628968438,0.769568884182046,-2.8328101934371848,0.6583439215550548,0.5655421874843398,-0.09526943556879618,0.11792289824270406,-0.3796593611545884,0.0,0.0,6.663039608785441,8.620142855434892,0.0,28.923891217621424,25.804342944705617,2.664651997786056,3.305496309105434,0.0,10.196587716913651,10.19290776053191,-415.0498949200249,378.22439918169147,-1146.1346602987142,0.0,0.0,,,,,,-252.26962103464828,258.7277288240068,-988.52526746492,0.0,0.0,-11.846344338461515,12.29809703369079,-41.8596935999999,0.0,0.0,-0.01145667503933338,0.0432691426260248,-0.15927523943820865,0.03701550000818851,0.031797706578668414,-0.07954473121929859,0.09845912478974414,-0.31699465476652616,0.0,0.0,0.1498205160197882,0.185852097438295,0.0,0.5733048948449188,0.5730979886656125,-0.012929160166507499,0.011782014393337994,-0.035703077573945884,0.0,0.0,,,,,
R0_reference,node_removal,central,mild,7,16.536965659230567,1.495566463467633,14.83179427293896,18.245853919352964,18.245853919352964,1.028679205840303,0.0980472786343502,0.9264960797388824,1.164875045134436,1.164875045134436,16.176446120189315,9.429216826341007,3.1086941394135614,26.054325189265814,26.054325189265814,23.671632052453308,3.239336089384848,19.26286008258734,27.41649424369754,27.41649424369754,31290.45393197894,430.62139334913127,30714.726515106115,31801.867294465912,31801.867294465912,,,,,,19000.286467830814,294.81896678251746,18645.857191882642,19349.30616408239,19349.30616408239,893.9013754285716,10.889497801644218,877.6689312000001,906.8012424000001,906.8012424000001,0.0,0.0,0.0,0.0,0.0,-1.2486625616341231,1.495566463467633,-2.9538339479257303,0.4602256984882729,0.4602256984882729,-0.16900458928304465,0.0980472786343502,-0.2711877153844653,-0.03280874998891159,-0.03280874998891159,16.176446120189315,9.429216826341007,3.1086941394135614,26.054325189265814,26.054325189265814,5.886003831588618,3.2393360893848486,1.4772318617226503,9.630866022832848,9.630866022832848,-811.3910119174179,430.62139334913127,-1387.1184287902433,-299.97764943044604,-299.97764943044604,,,,,,-550.5270720396329,294.81896678251746,-904.9563479878052,-201.50737578805638,-201.50737578805638,-20.609408571428485,10.889497801644218,-36.84185279999997,-7.709541599999966,-7.709541599999966,-0.07020626688740131,0.08408848115430372,-0.16607982081063216,0.025876268905046185,0.025876268905046185,-0.1411095232073664,0.08186407717426993,-0.22642680521241926,-0.027393499120970128,-0.027393499120970128,0.3309415758889879,0.18213222772669427,0.0830576150236672,0.541497095477048,0.541497095477048,-0.025275525856394452,0.013414225696427048,-0.04320992862604868,-0.00934456103550154,-0.00934456103550154,,,,,
R0_reference,combined_disruption,central + peripheral_area,severe,1,10.837826350563805,0.0,10.837826350563805,10.837826350563805,10.837826350563805,0.3082556641954037,0.0,0.3082556641954037,0.3082556641954037,0.3082556641954037,70.30586091230599,0.0,70.30586091230599,70.30586091230599,70.30586091230599,45.40171577800276,0.0,45.40171577800276,45.40171577800276,45.40171577800276,24552.489873278995,0.0,24552.489873278995,24552.489873278995,24552.489873278995,,,,,,14964.39970159874,0.0,14964.39970159874,14964.39970159874,14964.39970159874,698.9427840000002,0.0,698.9427840000002,698.9427840000002,698.9427840000002,0.0,0.0,0.0,0.0,0.0,-6.947801870300886,0.0,-6.947801870300886,-6.947801870300886,-6.947801870300886,-0.8894281309279439,0.0,-0.8894281309279439,-0.8894281309279439,-0.8894281309279439,70.30586091230599,0.0,70.30586091230599,70.30586091230599,70.30586091230599,27.61608755713807,0.0,27.61608755713807,27.61608755713807,27.61608755713807,-7549.355070617363,0.0,-7549.355070617363,-7549.355070617363,-7549.355070617363,,,,,,-4586.4138382717065,0.0,-4586.4138382717065,-4586.4138382717065,-4586.4138382717065,-215.56799999999987,0.0,-215.56799999999987,-215.56799999999987,-215.56799999999987,-0.39064135289583274,0.0,-0.39064135289583274,-0.39064135289583274,-0.39064135289583274,-0.7426234992486836,0.0,-0.7426234992486836,-0.7426234992486836,-0.7426234992486836,1.5527192637896852,0.0,1.5527192637896852,1.5527192637896852,1.5527192637896852,-0.2351688846485675,0.0,-0.2351688846485675,-0.2351688846485675,-0.2351688846485675,,,,,
R0_reference,node_removal,peripheral,moderate,4,17.54296188670672,0.48625833410544805,16.84488231350547,18.130497551394306,18.130497551394306,1.0209788275301093,0.06725094088030188,0.9048325204483518,1.0660281585017937,1.0660281585017937,12.336969193056515,5.822786485666576,2.7717353485339027,18.36959149575412,18.36959149575412,22.803963228966825,2.124094937113391,19.29100935101758,24.77230114202645,24.77230114202645,30670.013220139655,695.0338412347428,29615.311522479627,31563.33983140094,31563.33983140094,,,,,,18713.147740674565,448.57367656951305,18037.474393099536,19219.37757125117,19219.37757125117,872.1941682,20.027319465730617,843.629556,899.3243208,899.3243208,0.0,0.0,0.0,0.0,0.0,-0.24266633415797045,0.48625833410544805,-0.9407459073592221,0.3448693305296153,0.3448693305296153,-0.17670496759323823,0.06725094088030188,-0.29285127467499583,-0.131655636621554,-0.131655636621554,12.336969193056515,5.822786485666576,2.7717353485339027,18.36959149575412,18.36959149575412,5.018335008102133,2.124094937113391,1.5053811301528874,6.986672921161759,6.986672921161759,-1431.8317237567026,695.0338412347428,-2486.5334214167306,-538.5051124954189,-538.5051124954189,,,,,,-837.66579919588,448.57367656951305,-1513.3391467709116,-331.43596861927654,-331.43596861927654,-42.31661580000002,20.027319465730617,-70.88122800000008,-15.186463200000048,-15.186463200000048,-0.013643956296876456,0.027339958311678205,-0.052893600140343285,0.01939033731319324,0.01939033731319324,-0.14753891495629667,0.05615083142489693,-0.24451468398204013,-0.10992520493106862,-0.10992520493106862,0.28215674733462714,0.11942760248533535,0.08464031247357873,0.3928268844035291,0.3928268844035291,-0.044602786109617105,0.021650900203693497,-0.07745764848601028,-0.01677489606708124,-0.01677489606708124,,,,,
R0_reference,combined_disruption,central + peripheral_area,moderate,2,15.02153211668698,0.012305868809900923,15.00922624787708,15.033837985496882,15.033837985496882,0.8872168619028168,0.069444212295659,0.8177726496071578,0.9566610741984758,0.9566610741984758,26.354959186901354,1.777855410965973,24.57710377593538,28.132814597867327,28.132814597867327,26.875807750782165,0.7905894629256167,26.08521828785655,27.666397213707782,27.666397213707782,29503.354518516404,1218.4043061605862,28284.950212355816,30721.75882467699,30721.75882467699,,,,,,17887.683695145497,766.2160917007295,17121.46760344477,18653.89978684623,18653.89978684623,844.0670868,33.6350796000001,810.4320071999999,877.7021664000001,877.7021664000001,0.0,0.0,0.0,0.0,0.0,-2.7640961041777095,0.012305868809900922,-2.7764019729876104,-2.7517902353678085,-2.7517902353678085,-0.31046693322053087,0.069444212295659,-0.3799111455161899,-0.24102272092487187,-0.24102272092487187,26.354959186901354,1.777855410965973,24.57710377593538,28.132814597867327,28.132814597867327,9.090179529917474,0.7905894629256167,8.299590066991858,9.880768992843091,9.880768992843091,-2598.490425379956,1218.4043061605862,-3816.894731540542,-1380.0861192193697,-1380.0861192193697,,,,,,-1663.1298447249483,766.2160917007295,-2429.345936425678,-896.9137530242187,-896.9137530242187,-70.44369720000003,33.6350796000001,-104.07877680000013,-36.808617599999934,-36.808617599999934,-0.15541177797335776,0.0006918995864011596,-0.15610367755975893,-0.1547198783869566,-0.1547198783869566,-0.2592227885896681,0.05798209225040658,-0.31720488084007464,-0.20124069633926148,-0.20124069633926148,0.5110969045925291,0.04445102827451208,0.466645876318017,0.5555479328670412,0.5555479328670412,-0.08094520517189205,0.037954339019765464,-0.1188995441916575,-0.04299086615212658,-0.04299086615212658,,,,,
R0_reference,combined_disruption,central_area + peripheral_area,mild,1,17.42835821179036,0.0,17.42835821179036,17.42835821179036,17.42835821179036,0.6228191179405163,0.0,0.6228191179405163,0.6228191179405163,0.6228191179405163,41.06373873521677,0.0,41.06373873521677,41.06373873521677,41.06373873521677,34.90986597099313,0.0,34.90986597099313,34.90986597099313,34.90986597099313,25102.71648630459,0.0,25102.71648630459,25102.71648630459,25102.71648630459,,,,,,14003.770813880736,0.0,14003.770813880736,14003.770813880736,14003.770813880736,772.2055464000001,0.0,772.2055464000001,772.2055464000001,772.2055464000001,0.0,0.0,0.0,0.0,0.0,-0.3572700090743304,0.0,-0.3572700090743304,-0.3572700090743304,-0.3572700090743304,-0.5748646771828314,0.0,-0.5748646771828314,-0.5748646771828314,-0.5748646771828314,41.06373873521677,0.0,41.06373873521677,41.06373873521677,41.06373873521677,17.12423775012844,0.0,17.12423775012844,17.12423775012844,17.12423775012844,-6999.128457591767,0.0,-6999.128457591767,-6999.128457591767,-6999.128457591767,,,,,,-5547.0427259897115,0.0,-5547.0427259897115,-5547.0427259897115,-5547.0427259897115,-142.30523759999994,0.0,-142.30523759999994,-142.30523759999994,-142.30523759999994,-0.020087567593210426,0.0,-0.020087567593210426,-0.020087567593210426,-0.020087567593210426,-0.47998034165906617,0.0,-0.47998034165906617,-0.47998034165906617,-0.47998034165906617,0.9628132072410936,0.0,0.9628132072410936,0.9628132072410936,0.9628132072410936,-0.21802885378781126,0.0,-0.21802885378781126,-0.21802885378781126,-0.21802885378781126,,,,,
R0_reference,demand_surge,central_area,severe,1,17.35668104021893,0.0,17.35668104021893,17.35668104021893,17.35668104021893,1.1703971265467377,0.0,1.1703971265467377,1.1703971265467377,1.1703971265467377,0.0,0.0,0.0,0.0,0.0,17.35668104021893,0.0,17.35668104021893,17.35668104021893,17.35668104021893,32101.844943896358,0.0,32101.844943896358,32101.844943896358,32101.844943896358,,,,,,19550.813539870447,0.0,19550.813539870447,19550.813539870447,19550.813539870447,914.5107840000001,0.0,914.5107840000001,914.5107840000001,914.5107840000001,0.0,0.0,0.0,0.0,0.0,-0.42894718064576054,0.0,-0.42894718064576054,-0.42894718064576054,-0.42894718064576054,-0.027286668576609996,0.0,-0.027286668576609996,-0.027286668576609996,-0.027286668576609996,0.0,0.0,0.0,0.0,0.0,-0.42894718064576054,0.0,-0.42894718064576054,-0.42894718064576054,-0.42894718064576054,0.0,0.0,0.0,0.0,0.0,,,,,,0.0,0.0,0.0,0.0,0.0,0.0,0.0,0.0,0.0,0.0,-0.02411762886972717,0.0,-0.02411762886972717,-0.02411762886972717,-0.02411762886972717,-0.022782865300268827,0.0,-0.022782865300268827,-0.022782865300268827,-0.022782865300268827,-0.02411762886972717,0.0,-0.02411762886972717,-0.02411762886972717,-0.02411762886972717,0.0,0.0,0.0,0.0,0.0,,,,,
R0_reference,node_removal,peripheral,mild,2,16.23425573061799,1.3721558632293434,14.862099867388643,17.60641159384733,17.60641159384733,1.0445439937384335,0.047158271074502656,0.9973857226639309,1.0917022648129362,1.0917022648129362,12.983695843218394,6.79889866055832,6.1847971826600725,19.782594503776714,19.782594503776714,22.0099583366812,1.7815892814616365,20.228369055219567,23.79154761814284,23.79154761814284,30772.452611075925,454.1461888638805,30318.306422212045,31226.598799939806,31226.598799939806,,,,,,18580.937728844903,298.5134450798487,18282.424283765053,18879.45117392475,18879.45117392475,883.7612460000001,11.963079600000015,871.7981664000001,895.7243256000002,895.7243256000002,0.0,0.0,0.0,0.0,0.0,-1.5513724902467043,1.3721558632293434,-2.9235283534760477,-0.17921662701736096,-0.17921662701736096,-0.15313980138491412,0.047158271074502656,-0.20029807245941678,-0.10598153031041146,-0.10598153031041146,12.983695843218394,6.79889866055832,6.1847971826600725,19.782594503776714,19.782594503776714,4.224330115816512,1.7815892814616365,2.4427408343548755,6.005919397278149,6.005919397278149,-1329.3923328204328,454.1461888638805,-1783.5385216843133,-875.2461439565523,-875.2461439565523,,,,,,-969.8758110255458,298.5134450798487,-1268.3892561053945,-671.3623659456971,-671.3623659456971,-30.749537999999916,11.963079600000015,-42.71261759999993,-18.7864583999999,-18.7864583999999,-0.08722618459025007,0.07714969896984795,-0.16437588356009802,-0.010076485620402106,-0.010076485620402106,-0.1278632991516283,0.03937455884977211,-0.16723785800140042,-0.0884887403018562,-0.0884887403018562,0.23751368595801764,0.100170163197925,0.13734352276009262,0.33768384915594263,0.33768384915594263,-0.04141171123166848,0.01414704325117703,-0.05555875448284551,-0.027264667980491448,-0.027264667980491448,,,,,
R0_reference,link_failure,any_road,severe,8,17.047751087749415,0.9508157123047483,15.157822089335708,18.08963875422831,18.08963875422831,0.9763019234291641,0.16201132264251356,0.6998924186190161,1.1582082141442207,1.1582082141442207,17.255435854797085,11.79242944179898,3.2499915706497915,35.739139230626286,35.739139230626286,24.541643686390547,4.551550762526984,18.98129288351916,31.184030486873166,31.184030486873166,30806.772718410317,944.9047303626819,28626.514739668855,31564.413614833753,31564.413614833753,,,,,,18720.913285012888,967.5982208486503,16221.268988586064,19432.067430542193,19432.067430542193,879.4467828,20.421594296603757,832.8738480000001,897.9397104000002,897.9397104000002,0.0,0.0,0.0,0.0,0.0,-0.7378771331152774,0.9508157123047482,-2.627806131528983,0.30401053336361983,0.30401053336361983,-0.22138187169418347,0.16201132264251358,-0.4977913765043316,-0.039475580979126956,-0.039475580979126956,17.255435854797085,11.79242944179898,3.2499915706497915,35.739139230626286,35.739139230626286,6.756015465525857,4.551550762526984,1.195664662654469,13.398402266008475,13.398402266008475,-1295.0722254860452,944.9047303626818,-3475.3302042275027,-537.4313290626051,-537.4313290626051,,,,,,-829.9002548575586,967.5982208486504,-3329.5445512843835,-118.74610932825453,-118.74610932825453,-35.064001199999964,20.421594296603754,-81.63693599999999,-16.571073599999863,-16.571073599999863,-0.04148726848173169,0.05345977665210198,-0.1477488508641066,0.017093044428252397,0.017093044428252397,-0.18484166905788657,0.13527053075459558,-0.4156283808223896,-0.03295993578594042,-0.03295993578594042,0.3798581293631357,0.25591172299370707,0.06722645091905215,0.7533274675274348,0.7533274675274348,-0.040342610455860475,0.029434592685064355,-0.10825951624591222,-0.016741446792290636,-0.016741446792290636,,,,,
R0_reference,combined_disruption,peripheral_area + central,moderate,1,15.254427376391098,0.0,15.254427376391098,15.254427376391098,15.254427376391098,0.7823448754299958,0.0,0.7823448754299958,0.7823448754299958,0.7823448754299958,28.13042034120575,0.0,28.13042034120575,28.13042034120575,28.13042034120575,27.84154503949177,0.0,27.84154503949177,27.84154503949177,27.84154503949177,27480.624471802174,0.0,27480.624471802174,27480.624471802174,27480.624471802174,,,,,,16768.048111752716,0.0,16768.048111752716,16768.048111752716,16768.048111752716,781.4547768,0.0,781.4547768,781.4547768,781.4547768,0.0,0.0,0.0,0.0,0.0,-2.5312008444735934,0.0,-2.5312008444735934,-2.5312008444735934,-2.5312008444735934,-0.4153389196933519,0.0,-0.4153389196933519,-0.4153389196933519,-0.4153389196933519,28.13042034120575,0.0,28.13042034120575,28.13042034120575,28.13042034120575,10.055916818627079,0.0,10.055916818627079,10.055916818627079,10.055916818627079,-4621.2204720941845,0.0,-4621.2204720941845,-4621.2204720941845,-4621.2204720941845,,,,,,-2782.765428117731,0.0,-2782.765428117731,-2782.765428117731,-2782.765428117731,-133.05600720000007,0.0,-133.05600720000007,-133.05600720000007,-133.05600720000007,-0.14231720201506232,0.0,-0.14231720201506232,-0.14231720201506232,-0.14231720201506232,-0.3467851209012783,0.0,-0.3467851209012783,-0.3467851209012783,-0.3467851209012783,0.5653956494396005,0.0,0.5653956494396005,0.5653956494396005,0.5653956494396005,-0.1439549807860135,0.0,-0.1439549807860135,-0.1439549807860135,-0.1439549807860135,,,,,
R0_reference,combined_disruption,peripheral_area + peripheral_area,mild,1,16.933512145873184,0.0,16.933512145873184,16.933512145873184,16.933512145873184,1.0924705312648193,0.0,1.0924705312648193,1.0924705312648193,1.0924705312648193,10.798560026818521,0.0,10.798560026818521,10.798560026818521,10.798560026818521,21.584072688243577,0.0,21.584072688243577,21.584072688243577,21.584072688243577,30156.057105710825,0.0,30156.057105710825,30156.057105710825,30156.057105710825,,,,,,18843.255636138532,0.0,18843.255636138532,18843.255636138532,18843.255636138532,837.8584776,0.0,837.8584776,837.8584776,837.8584776,0.0,0.0,0.0,0.0,0.0,-0.8521160749915069,0.0,-0.8521160749915069,-0.8521160749915069,-0.8521160749915069,-0.10521326385852836,0.0,-0.10521326385852836,-0.10521326385852836,-0.10521326385852836,10.798560026818521,0.0,10.798560026818521,10.798560026818521,10.798560026818521,3.7984444673788857,0.0,3.7984444673788857,3.7984444673788857,3.7984444673788857,-1945.7878381855335,0.0,-1945.7878381855335,-1945.7878381855335,-1945.7878381855335,,,,,,-707.5579037319148,0.0,-707.5579037319148,-707.5579037319148,-707.5579037319148,-76.65230640000004,0.0,-76.65230640000004,-76.65230640000004,-76.65230640000004,-0.04791037260027013,0.0,-0.04791037260027013,-0.04791037260027013,-0.04791037260027013,-0.08784728013097363,0.0,-0.08784728013097363,-0.08784728013097363,-0.08784728013097363,0.21356819226227003,0.0,0.21356819226227003,0.21356819226227003,0.21356819226227003,-0.06061295983411986,0.0,-0.06061295983411986,-0.06061295983411986,-0.06061295983411986,,,,,
R0_reference,combined_disruption,any_road + central,severe,1,16.49083849383038,0.0,16.49083849383038,16.49083849383038,16.49083849383038,0.6770004050563374,0.0,0.6770004050563374,0.6770004050563374,0.6770004050563374,46.0108512639362,0.0,46.0108512639362,46.0108512639362,46.0108512639362,36.50977408061987,0.0,36.50977408061987,36.50977408061987,36.50977408061987,26892.89526471645,0.0,26892.89526471645,26892.89526471645,26892.89526471645,,,,,,15356.974016895565,0.0,15356.974016895565,15356.974016895565,15356.974016895565,811.5175584,0.0,811.5175584,811.5175584,811.5175584,0.0,0.0,0.0,0.0,0.0,-1.2947897270343098,0.0,-1.2947897270343098,-1.2947897270343098,-1.2947897270343098,-0.5206833900670103,0.0,-0.5206833900670103,-0.5206833900670103,-0.5206833900670103,46.0108512639362,0.0,46.0108512639362,46.0108512639362,46.0108512639362,18.72414585975518,0.0,18.72414585975518,18.72414585975518,18.72414585975518,-5208.9496791799065,0.0,-5208.9496791799065,-5208.9496791799065,-5208.9496791799065,,,,,,-4193.839522974882,0.0,-4193.839522974882,-4193.839522974882,-4193.839522974882,-102.99322560000007,0.0,-102.99322560000007,-102.99322560000007,-102.99322560000007,-0.07279977468073717,0.0,-0.07279977468073717,-0.07279977468073717,-0.07279977468073717,-0.4347419512454753,0.0,-0.4347419512454753,-0.4347419512454753,-0.4347419512454753,1.052768315363159,0.0,1.052768315363159,1.052768315363159,1.052768315363159,-0.16226324961333113,0.0,-0.16226324961333113,-0.16226324961333113,-0.16226324961333113,,,,,
R0_reference,combined_disruption,peripheral_area + peripheral,mild,1,17.14228502286429,0.0,17.14228502286429,17.14228502286429,17.14228502286429,1.0307588147572557,0.0,1.0307588147572557,1.0307588147572557,1.0307588147572557,12.880477553178444,0.0,12.880477553178444,12.880477553178444,12.880477553178444,22.66256338029945,0.0,22.66256338029945,22.66256338029945,22.66256338029945,30545.668599557517,0.0,30545.668599557517,30545.668599557517,30545.668599557517,,,,,,19042.408477446894,0.0,19042.408477446894,19042.408477446894,19042.408477446894,850.6523232,0.0,850.6523232,850.6523232,850.6523232,0.0,0.0,0.0,0.0,0.0,-0.6433431980004016,0.0,-0.6433431980004016,-0.6433431980004016,-0.6433431980004016,-0.16692498036609194,0.0,-0.16692498036609194,-0.16692498036609194,-0.16692498036609194,12.880477553178444,0.0,12.880477553178444,12.880477553178444,12.880477553178444,4.876935159434758,0.0,4.876935159434758,4.876935159434758,4.876935159434758,-1556.1763443388409,0.0,-1556.1763443388409,-1556.1763443388409,-1556.1763443388409,,,,,,-508.4050624235533,0.0,-508.4050624235533,-508.4050624235533,-508.4050624235533,-63.8584608000001,0.0,-63.8584608000001,-63.8584608000001,-63.8584608000001,-0.036172081751134455,0.0,-0.036172081751134455,-0.036172081751134455,-0.036172081751134455,-0.1393731643074461,0.0,-0.1393731643074461,-0.1393731643074461,-0.1393731643074461,0.27420651656900846,0.0,0.27420651656900846,0.27420651656900846,0.27420651656900846,-0.048476227676587866,0.0,-0.048476227676587866,-0.048476227676587866,-0.048476227676587866,,,,,
R0_reference,combined_disruption,peripheral + peripheral_area,moderate,1,17.97358278455675,0.0,17.97358278455675,17.97358278455675,17.97358278455675,1.2015745971698149,0.0,1.2015745971698149,1.2015745971698149,1.2015745971698149,0.1390297661490582,0.0,0.1390297661490582,0.1390297661490582,0.1390297661490582,18.032012014132206,0.0,18.032012014132206,18.032012014132206,18.032012014132206,31091.043529155904,0.0,31091.043529155904,31091.043529155904,31091.043529155904,,,,,,19032.01329744488,0.0,19032.01329744488,19032.01329744488,19032.01329744488,881.4129384,0.0,881.4129384,881.4129384,881.4129384,0.0,0.0,0.0,0.0,0.0,0.18795456369205965,0.0,0.18795456369205965,0.18795456369205965,0.18795456369205965,0.00389080204646719,0.0,0.00389080204646719,0.00389080204646719,0.00389080204646719,0.1390297661490582,0.0,0.1390297661490582,0.1390297661490582,0.1390297661490582,0.24638379326751547,0.0,0.24638379326751547,0.24638379326751547,0.24638379326751547,-1010.8014147404538,0.0,-1010.8014147404538,-1010.8014147404538,-1010.8014147404538,,,,,,-518.8002424255683,0.0,-518.8002424255683,-518.8002424255683,-518.8002424255683,-33.09784560000003,0.0,-33.09784560000003,-33.09784560000003,-33.09784560000003,0.010567777609989972,0.0,0.010567777609989972,0.010567777609989972,0.010567777609989972,0.003248605401784268,0.0,0.003248605401784268,0.003248605401784268,0.003248605401784268,0.013852971073491658,0.0,0.013852971073491658,0.013852971073491658,0.013852971073491658,-0.03148733091531056,0.0,-0.03148733091531056,-0.03148733091531056,-0.03148733091531056,,,,,
R0_reference,combined_disruption,any_road + peripheral_area,mild,1,17.891242908640876,0.0,17.891242908640876,17.891242908640876,17.891242908640876,1.204402274955368,0.0,1.204402274955368,1.204402274955368,1.204402274955368,0.0,0.0,0.0,0.0,0.0,17.891242908640876,0.0,17.891242908640876,17.891242908640876,17.891242908640876,32101.844943896358,0.0,32101.844943896358,32101.844943896358,32101.844943896358,,,,,,19550.813539870447,0.0,19550.813539870447,19550.813539870447,19550.813539870447,914.5107840000001,0.0,914.5107840000001,914.5107840000001,914.5107840000001,0.0,0.0,0.0,0.0,0.0,0.10561468777618543,0.0,0.10561468777618543,0.10561468777618543,0.10561468777618543,0.006718479832020341,0.0,0.006718479832020341,0.006718479832020341,0.006718479832020341,0.0,0.0,0.0,0.0,0.0,0.10561468777618543,0.0,0.10561468777618543,0.10561468777618543,0.10561468777618543,0.0,0.0,0.0,0.0,0.0,,,,,,0.0,0.0,0.0,0.0,0.0,0.0,0.0,0.0,0.0,0.0,0.005938203951226567,0.0,0.005938203951226567,0.005938203951226567,0.005938203951226567,0.005609560603037478,0.0,0.005609560603037478,0.005609560603037478,0.005609560603037478,0.005938203951226567,0.0,0.005938203951226567,0.005938203951226567,0.005938203951226567,0.0,0.0,0.0,0.0,0.0,,,,,
R0_reference,combined_disruption,central_area + any_road,mild,1,17.66413813118502,0.0,17.66413813118502,17.66413813118502,17.66413813118502,1.189955431441271,0.0,1.189955431441271,1.189955431441271,1.189955431441271,0.0,0.0,0.0,0.0,0.0,17.66413813118502,0.0,17.66413813118502,17.66413813118502,17.66413813118502,32101.844943896358,0.0,32101.844943896358,32101.844943896358,32101.844943896358,,,,,,19550.813539870447,0.0,19550.813539870447,19550.813539870447,19550.813539870447,914.5107840000001,0.0,914.5107840000001,914.5107840000001,914.5107840000001,0.0,0.0,0.0,0.0,0.0,-0.12149008967967134,0.0,-0.12149008967967134,-0.12149008967967134,-0.12149008967967134,-0.007728363682076633,0.0,-0.007728363682076633,-0.007728363682076633,-0.007728363682076633,0.0,0.0,0.0,0.0,0.0,-0.12149008967967134,0.0,-0.12149008967967134,-0.12149008967967134,-0.12149008967967134,0.0,0.0,0.0,0.0,0.0,,,,,,0.0,0.0,0.0,0.0,0.0,0.0,0.0,0.0,0.0,0.0,-0.006830801148600913,0.0,-0.006830801148600913,-0.006830801148600913,-0.006830801148600913,-0.006452757993006577,0.0,-0.006452757993006577,-0.006452757993006577,-0.006452757993006577,-0.006830801148600913,0.0,-0.006830801148600913,-0.006830801148600913,-0.006830801148600913,0.0,0.0,0.0,0.0,0.0,,,,,
R0_reference,node_removal,central,severe,1,14.947457028264294,0.0,14.947457028264294,14.947457028264294,14.947457028264294,0.8908612376469444,0.0,0.8908612376469444,0.8908612376469444,0.8908612376469444,29.44562853898197,0.0,29.44562853898197,29.44562853898197,29.44562853898197,28.21346147908682,0.0,28.21346147908682,28.21346147908682,28.21346147908682,30235.424001942716,0.0,30235.424001942716,30235.424001942716,30235.424001942716,,,,,,18359.513628428394,0.0,18359.513628428394,18359.513628428394,18359.513628428394,863.7673944000001,0.0,863.7673944000001,863.7673944000001,863.7673944000001,0.0,0.0,0.0,0.0,0.0,-2.838171192600397,0.0,-2.838171192600397,-2.838171192600397,-2.838171192600397,-0.3068225574764033,0.0,-0.3068225574764033,-0.3068225574764033,-0.3068225574764033,29.44562853898197,0.0,29.44562853898197,29.44562853898197,29.44562853898197,10.42783325822213,0.0,10.42783325822213,10.42783325822213,10.42783325822213,-1866.420941953642,0.0,-1866.420941953642,-1866.420941953642,-1866.420941953642,,,,,,-1191.2999114420527,0.0,-1191.2999114420527,-1191.2999114420527,-1191.2999114420527,-50.7433896,0.0,-50.7433896,-50.7433896,-50.7433896,-0.15957666253648994,0.0,-0.15957666253648994,-0.15957666253648994,-0.15957666253648994,-0.25617993557707286,0.0,-0.25617993557707286,-0.25617993557707286,-0.25617993557707286,0.5863067151032102,0.0,0.5863067151032102,0.5863067151032102,0.5863067151032102,-0.05814061295279265,0.0,-0.05814061295279265,-0.05814061295279265,-0.05814061295279265,,,,,
R0_reference,demand_surge,peripheral_area,moderate,4,17.96629157314435,0.0,17.96629157314435,17.96629157314435,17.96629157314435,1.209176354673857,0.0,1.209176354673857,1.209176354673857,1.209176354673857,0.0,0.0,0.0,0.0,0.0,17.96629157314435,0.0,17.96629157314435,17.96629157314435,17.96629157314435,32101.844943896358,0.0,32101.844943896358,32101.844943896358,32101.844943896358,,,,,,19550.813539870447,0.0,19550.813539870447,19550.813539870447,19550.813539870447,914.5107840000001,0.0,914.5107840000001,914.5107840000001,914.5107840000001,0.0,0.0,0.0,0.0,0.0,0.1806633522796588,0.0,0.1806633522796588,0.1806633522796588,0.1806633522796588,0.011492559550509318,0.0,0.011492559550509318,0.011492559550509318,0.011492559550509318,0.0,0.0,0.0,0.0,0.0,0.1806633522796588,0.0,0.1806633522796588,0.1806633522796588,0.1806633522796588,0.0,0.0,0.0,0.0,0.0,,,,,,0.0,0.0,0.0,0.0,0.0,0.0,0.0,0.0,0.0,0.0,0.010157827996636006,0.0,0.010157827996636006,0.010157827996636006,0.010157827996636006,0.009595654209653656,0.0,0.009595654209653656,0.009595654209653656,0.009595654209653656,0.010157827996636006,0.0,0.010157827996636006,0.010157827996636006,0.010157827996636006,0.0,0.0,0.0,0.0,0.0,,,,,
R0_reference,combined_disruption,any_road + peripheral,mild,2,18.55911957211847,0.06901553925539083,18.49010403286308,18.62813511137386,18.62813511137386,1.0825405778648882,0.0524490300573891,1.030091547807499,1.1349896079222772,1.1349896079222772,5.135873951442639,0.7119572664227065,4.4239166850199325,5.8478312178653455,5.8478312178653455,20.68697959411584,0.3605123476281733,20.326467246487667,21.047491941744013,21.047491941744013,30306.88688554454,1290.6128749182099,29016.27401062633,31597.49976046275,31597.49976046275,,,,,,18489.965095930675,816.7247026477635,17673.24039328291,19306.689798578438,19306.689798578438,861.9397115999999,35.40183960000002,826.5378719999999,897.3415511999999,897.3415511999999,0.0,0.0,0.0,0.0,0.0,0.7734913512537798,0.06901553925539083,0.7044758119983889,0.8425068905091706,0.8425068905091706,-0.11514321725845955,0.0524490300573891,-0.16759224731584865,-0.06269418720107045,-0.06269418720107045,5.135873951442639,0.7119572664227065,4.4239166850199325,5.8478312178653455,5.8478312178653455,2.901351373251149,0.3605123476281733,2.540839025622976,3.2618637208793224,3.2618637208793224,-1794.9580583518182,1290.6128749182099,-3085.570933270028,-504.3451834336083,-504.3451834336083,,,,,,-1060.8484439397726,816.7247026477635,-1877.573146587536,-244.12374129200907,-244.12374129200907,-52.57107240000016,35.40183960000002,-87.97291200000018,-17.169232800000145,-17.169232800000145,0.04348968401050804,0.003880410542621556,0.03960927346788649,0.0473700945531296,0.0473700945531296,-0.09613824427389962,0.04379205118324862,-0.13993029545714825,-0.052346193090651,-0.052346193090651,0.1631289790398021,0.020269868635016702,0.1428591104047854,0.18339884767481882,0.18339884767481882,-0.05591448284323921,0.04020369786140902,-0.09611818070464823,-0.01571078498183019,-0.01571078498183019,,,,,
R0_reference,combined_disruption,central_area + peripheral,mild,1,17.614712695629734,0.0,17.614712695629734,17.614712695629734,17.614712695629734,1.1878829138391689,0.0,1.1878829138391689,1.1878829138391689,1.1878829138391689,2.347692043205967,0.0,2.347692043205967,2.347692043205967,2.347692043205967,18.609788713164424,0.0,18.609788713164424,18.609788713164424,18.609788713164424,31334.826465225164,0.0,31334.826465225164,31334.826465225164,31334.826465225164,,,,,,19413.505073531454,0.0,19413.505073531454,19413.505073531454,19413.505073531454,878.0012448,0.0,878.0012448,878.0012448,878.0012448,0.0,0.0,0.0,0.0,0.0,-0.1709155252349568,0.0,-0.1709155252349568,-0.1709155252349568,-0.1709155252349568,-0.009800881284178775,0.0,-0.009800881284178775,-0.009800881284178775,-0.009800881284178775,2.347692043205967,0.0,2.347692043205967,2.347692043205967,2.347692043205967,0.8241604922997325,0.0,0.8241604922997325,0.8241604922997325,0.8241604922997325,-767.0184786711943,0.0,-767.0184786711943,-767.0184786711943,-767.0184786711943,,,,,,-137.30846633899273,0.0,-137.30846633899273,-137.30846633899273,-137.30846633899273,-36.50953920000006,0.0,-36.50953920000006,-36.50953920000006,-36.50953920000006,-0.009609754747625513,0.0,-0.009609754747625513,-0.009609754747625513,-0.009609754747625513,-0.008183196035619232,0.0,-0.008183196035619232,-0.008183196035619232,-0.008183196035619232,0.04633856516425395,0.0,0.04633856516425395,0.04633856516425395,0.04633856516425395,-0.02389328339264284,0.0,-0.02389328339264284,-0.02389328339264284,-0.02389328339264284,,,,,
R0_reference,combined_disruption,central_area + any_road,severe,1,15.120721839950273,0.0,15.120721839950273,15.120721839950273,15.120721839950273,0.6490300407906776,0.0,0.6490300407906776,0.6490300407906776,0.6490300407906776,50.81522936082565,0.0,50.81522936082565,50.81522936082565,50.81522936082565,37.92622997246247,0.0,37.92622997246247,37.92622997246247,37.92622997246247,26762.612953551692,0.0,26762.612953551692,26762.612953551692,26762.612953551692,,,,,,16249.115347939616,0.0,16249.115347939616,16249.115347939616,16249.115347939616,764.6289264,0.0,764.6289264,764.6289264,764.6289264,0.0,0.0,0.0,0.0,0.0,-2.6649063809144184,0.0,-2.6649063809144184,-2.6649063809144184,-2.6649063809144184,-0.54865375433267,0.0,-0.54865375433267,-0.54865375433267,-0.54865375433267,50.81522936082565,0.0,50.81522936082565,50.81522936082565,50.81522936082565,20.14060175159778,0.0,20.14060175159778,20.14060175159778,20.14060175159778,-5339.231990344666,0.0,-5339.231990344666,-5339.231990344666,-5339.231990344666,,,,,,-3301.698191930831,0.0,-3301.698191930831,-3301.698191930831,-3301.698191930831,-149.8818576000001,0.0,-149.8818576000001,-149.8818576000001,-149.8818576000001,-0.1498348187548507,0.0,-0.1498348187548507,-0.1498348187548507,-0.1498348187548507,-0.45809566478785413,0.0,-0.45809566478785413,-0.45809566478785413,-0.45809566478785413,1.1324087910468308,0.0,1.1324087910468308,1.1324087910468308,1.1324087910468308,-0.16632165533401325,0.0,-0.16632165533401325,-0.16632165533401325,-0.16632165533401325,,,,,
R0_reference,combined_disruption,peripheral + central_area,severe,1,16.60561638653476,0.0,16.60561638653476,16.60561638653476,16.60561638653476,0.8655406580411255,0.0,0.8655406580411255,0.8655406580411255,0.8655406580411255,19.0179074228257,0.0,19.0179074228257,19.0179074228257,19.0179074228257,24.858320088849425,0.0,24.858320088849425,24.858320088849425,24.858320088849425,29547.502558342287,0.0,29547.502558342287,29547.502558342287,29547.502558342287,,,,,,18629.374929927857,0.0,18629.374929927857,18629.374929927857,18629.374929927857,813.5557008000001,0.0,813.5557008000001,813.5557008000001,813.5557008000001,0.0,0.0,0.0,0.0,0.0,-1.1800118343299317,0.0,-1.1800118343299317,-1.1800118343299317,-1.1800118343299317,-0.3321431370822222,0.0,-0.3321431370822222,-0.3321431370822222,-0.3321431370822222,19.0179074228257,0.0,19.0179074228257,19.0179074228257,19.0179074228257,7.072691867984734,0.0,7.072691867984734,7.072691867984734,7.072691867984734,-2554.3423855540714,0.0,-2554.3423855540714,-2554.3423855540714,-2554.3423855540714,,,,,,-921.4386099425901,0.0,-921.4386099425901,-921.4386099425901,-921.4386099425901,-100.95508319999999,0.0,-100.95508319999999,-100.95508319999999,-100.95508319999999,-0.06634636795936369,0.0,-0.06634636795936369,-0.06634636795936369,-0.06634636795936369,-0.27732122487973987,0.0,-0.27732122487973987,-0.27732122487973987,-0.27732122487973987,0.39766331445563513,0.0,0.39766331445563513,0.39766331445563513,0.39766331445563513,-0.07956995587070574,0.0,-0.07956995587070574,-0.07956995587070574,-0.07956995587070574,,,,,
R0_reference,node_removal,peripheral,severe,2,17.340498096759,0.18754209772444597,17.152955999034553,17.528040194483445,17.528040194483445,1.046959058257151,0.08016004904232005,0.966799009214831,1.127119107299471,1.127119107299471,8.531898039560424,3.9558226158869356,4.576075423673489,12.48772065544736,12.48772065544736,20.98758213604395,1.5159930269477826,19.47158910909617,22.503575162991734,22.503575162991734,30754.830534048204,747.090425557255,30007.740108490947,31501.920959605457,31501.920959605457,,,,,,18704.08710756025,587.3076639465653,18116.779443613686,19291.394771506817,19291.394771506817,877.3089360000001,15.402460800000142,861.9064751999999,892.7113968000002,892.7113968000002,0.0,0.0,0.0,0.0,0.0,-0.44513012410569175,0.18754209772444597,-0.6326722218301377,-0.2575880263812458,-0.2575880263812458,-0.15072473686619664,0.08016004904232005,-0.2308847859085167,-0.07056468782387659,-0.07056468782387659,8.531898039560424,3.9558226158869356,4.576075423673489,12.48772065544736,12.48772065544736,3.20195391517926,1.5159930269477826,1.6859608882314774,4.717946942127043,4.717946942127043,-1347.014409848156,747.090425557255,-2094.104835405411,-599.923984290901,-599.923984290901,,,,,,-846.7264323101954,587.3076639465653,-1434.0340962567607,-259.4187683636301,-259.4187683636301,-37.201847999999984,15.402460800000142,-52.604308800000126,-21.799387199999842,-21.799387199999842,-0.02502751764390871,0.010544586640152322,-0.03557210428406103,-0.014482931003756387,-0.014482931003756387,-0.12584685330127032,0.06692922570106619,-0.1927760790023365,-0.058917627600204144,-0.058917627600204144,0.1800304085645387,0.0852369681926298,0.09479344037190891,0.2652673767571685,0.2652673767571685,-0.04196065404347636,0.02327250744818335,-0.06523316149165971,-0.018688146595293016,-0.018688146595293016,,,,,
R0_reference,area_closure,central_area,severe,1,15.708968934360291,0.0,15.708968934360291,15.708968934360291,15.708968934360291,0.7193515394923177,0.0,0.7193515394923177,0.7193515394923177,0.7193515394923177,43.072518600906335,0.0,43.072518600906335,43.072518600906335,43.072518600906335,34.78623152864116,0.0,34.78623152864116,34.78623152864116,34.78623152864116,24925.73088077033,0.0,24925.73088077033,24925.73088077033,24925.73088077033,,,,,,14154.889434962914,0.0,14154.889434962914,14154.889434962914,14154.889434962914,755.6566296,0.0,755.6566296,755.6566296,755.6566296,0.0,0.0,0.0,0.0,0.0,-2.0766592865044,0.0,-2.0766592865044,-2.0766592865044,-2.0766592865044,-0.47833225563103,0.0,-0.47833225563103,-0.47833225563103,-0.47833225563103,43.072518600906335,0.0,43.072518600906335,43.072518600906335,43.072518600906335,17.00060330777647,0.0,17.00060330777647,17.00060330777647,17.00060330777647,-7176.114063126028,0.0,-7176.114063126028,-7176.114063126028,-7176.114063126028,,,,,,-5395.924104907534,0.0,-5395.924104907534,-5395.924104907534,-5395.924104907534,-158.85415440000008,0.0,-158.85415440000008,-158.85415440000008,-158.85415440000008,-0.11676052488650515,0.0,-0.11676052488650515,-0.11676052488650515,-0.11676052488650515,-0.3993810867097582,0.0,-0.3993810867097582,-0.3993810867097582,-0.3993810867097582,0.955861839495369,0.0,0.955861839495369,0.955861839495369,0.955861839495369,-0.2235421071800563,0.0,-0.2235421071800563,-0.2235421071800563,-0.2235421071800563,,,,,
R0_reference,combined_disruption,any_road + peripheral_area,moderate,1,17.676594277316447,0.0,17.676594277316447,17.676594277316447,17.676594277316447,1.119656846358321,0.0,1.119656846358321,1.119656846358321,1.119656846358321,8.59655917514001,0.0,8.59655917514001,8.59655917514001,8.59655917514001,21.31495089520153,0.0,21.31495089520153,21.31495089520153,21.31495089520153,31850.208122640848,0.0,31850.208122640848,31850.208122640848,31850.208122640848,,,,,,19389.29519730106,0.0,19389.29519730106,19389.29519730106,19389.29519730106,907.7095535999999,0.0,907.7095535999999,907.7095535999999,907.7095535999999,0.0,0.0,0.0,0.0,0.0,-0.10903394354824414,0.0,-0.10903394354824414,-0.10903394354824414,-0.10903394354824414,-0.0780269487650267,0.0,-0.0780269487650267,-0.0780269487650267,-0.0780269487650267,8.59655917514001,0.0,8.59655917514001,8.59655917514001,8.59655917514001,3.5293226743368393,0.0,3.5293226743368393,3.5293226743368393,3.5293226743368393,-251.63682125550986,0.0,-251.63682125550986,-251.63682125550986,-251.63682125550986,,,,,,-161.51834256938673,0.0,-161.51834256938673,-161.51834256938673,-161.51834256938673,-6.801230400000122,0.0,-6.801230400000122,-6.801230400000122,-6.801230400000122,-0.006130452193998643,0.0,-0.006130452193998643,-0.006130452193998643,-0.006130452193998643,-0.06514820446158814,0.0,-0.06514820446158814,-0.06514820446158814,-0.06514820446158814,0.19843677324799341,0.0,0.19843677324799341,0.19843677324799341,0.19843677324799341,-0.00783870278157812,0.0,-0.00783870278157812,-0.00783870278157812,-0.00783870278157812,,,,,
R0_reference,combined_disruption,peripheral_area + any_road,moderate,1,17.739699317814893,0.0,17.739699317814893,17.739699317814893,17.739699317814893,1.1706762513577587,0.0,1.1706762513577587,1.1706762513577587,1.1706762513577587,3.707417100131074,0.0,3.707417100131074,3.707417100131074,3.707417100131074,19.30646493187303,0.0,19.30646493187303,19.30646493187303,19.30646493187303,31967.163650723443,0.0,31967.163650723443,31967.163650723443,31967.163650723443,,,,,,19512.3111334043,0.0,19512.3111334043,19512.3111334043,19512.3111334043,908.7397080000001,0.0,908.7397080000001,908.7397080000001,908.7397080000001,0.0,0.0,0.0,0.0,0.0,-0.045928903049798464,0.0,-0.045928903049798464,-0.045928903049798464,-0.045928903049798464,-0.027007543765589004,0.0,-0.027007543765589004,-0.027007543765589004,-0.027007543765589004,3.707417100131074,0.0,3.707417100131074,3.707417100131074,3.707417100131074,1.5208367110083394,0.0,1.5208367110083394,1.5208367110083394,1.5208367110083394,-134.6812931729146,0.0,-134.6812931729146,-134.6812931729146,-134.6812931729146,,,,,,-38.502406466148386,0.0,-38.502406466148386,-38.502406466148386,-38.502406466148386,-5.771075999999994,0.0,-5.771075999999994,-5.771075999999994,-5.771075999999994,-0.0025823604586493218,0.0,-0.0025823604586493218,-0.0025823604586493218,-0.0025823604586493218,-0.02254981145737848,0.0,-0.02254981145737848,-0.02254981145737848,-0.02254981145737848,0.08550930516045614,0.0,0.08550930516045614,0.08550930516045614,0.08550930516045614,-0.004195437782728498,0.0,-0.004195437782728498,-0.004195437782728498,-0.004195437782728498,,,,,
R0_reference,combined_disruption,central_area + peripheral,moderate,1,14.555720098731143,0.0,14.555720098731143,14.555720098731143,14.555720098731143,0.3406243060468593,0.0,0.3406243060468593,0.3406243060468593,0.3406243060468593,66.96893838120961,0.0,66.96893838120961,66.96893838120961,66.96893838120961,44.989271903596304,0.0,44.989271903596304,44.989271903596304,44.989271903596304,21851.052792751405,0.0,21851.052792751405,21851.052792751405,21851.052792751405,,,,,,12127.935288939256,0.0,12127.935288939256,12127.935288939256,12127.935288939256,674.9280312,0.0,674.9280312,674.9280312,674.9280312,0.0,0.0,0.0,0.0,0.0,-3.2299081221335477,0.0,-3.2299081221335477,-3.2299081221335477,-3.2299081221335477,-0.8570594890764884,0.0,-0.8570594890764884,-0.8570594890764884,-0.8570594890764884,66.96893838120961,0.0,66.96893838120961,66.96893838120961,66.96893838120961,27.203643682731613,0.0,27.203643682731613,27.203643682731613,27.203643682731613,-10250.792151144953,0.0,-10250.792151144953,-10250.792151144953,-10250.792151144953,,,,,,-7422.878250931191,0.0,-7422.878250931191,-7422.878250931191,-7422.878250931191,-239.5827528000001,0.0,-239.5827528000001,-239.5827528000001,-239.5827528000001,-0.18160213864947852,0.0,-0.18160213864947852,-0.18160213864947852,-0.18160213864947852,-0.7155974661811477,0.0,-0.7155974661811477,-0.7155974661811477,-0.7155974661811477,1.5295295361464067,0.0,1.5295295361464067,1.5295295361464067,1.5295295361464067,-0.31932096641361335,0.0,-0.31932096641361335,-0.31932096641361335,-0.31932096641361335,,,,,
R0_reference,node_removal,central,moderate,1,17.362984217818664,0.0,17.362984217818664,17.362984217818664,17.362984217818664,0.9867097375959544,0.0,0.9867097375959544,0.9867097375959544,0.9867097375959544,20.45652643336617,0.0,20.45652643336617,20.45652643336617,20.45652643336617,26.085036621699096,0.0,26.085036621699096,26.085036621699096,26.085036621699096,31225.504685884953,0.0,31225.504685884953,31225.504685884953,31225.504685884953,,,,,,18989.988325356186,0.0,18989.988325356186,18989.988325356186,18989.988325356186,890.7507792000001,0.0,890.7507792000001,890.7507792000001,890.7507792000001,0.0,0.0,0.0,0.0,0.0,-0.42264400304602745,0.0,-0.42264400304602745,-0.42264400304602745,-0.42264400304602745,-0.2109740575273933,0.0,-0.2109740575273933,-0.2109740575273933,-0.2109740575273933,20.45652643336617,0.0,20.45652643336617,20.45652643336617,20.45652643336617,8.299408400834405,0.0,8.299408400834405,8.299408400834405,8.299408400834405,-876.3402580114052,0.0,-876.3402580114052,-876.3402580114052,-876.3402580114052,,,,,,-560.8252145142615,0.0,-560.8252145142615,-560.8252145142615,-560.8252145142615,-23.760004799999933,0.0,-23.760004799999933,-23.760004799999933,-23.760004799999933,-0.023763231627107497,0.0,-0.023763231627107497,-0.023763231627107497,-0.023763231627107497,-0.1761517174954057,0.0,-0.1761517174954057,-0.1761517174954057,-0.1761517174954057,0.4666356621071274,0.0,0.4666356621071274,0.4666356621071274,0.4666356621071274,-0.02729875057159377,0.0,-0.02729875057159377,-0.02729875057159377,-0.02729875057159377,,,,,
R0_reference,combined_disruption,any_road + central_area,moderate,1,18.01458019578219,0.0,18.01458019578219,18.01458019578219,18.01458019578219,1.1419490298374249,0.0,1.1419490298374249,1.1419490298374249,1.1419490298374249,0.0,0.0,0.0,0.0,0.0,18.01458019578219,0.0,18.01458019578219,18.01458019578219,18.01458019578219,31492.983592312525,0.0,31492.983592312525,31492.983592312525,31492.983592312525,,,,,,19075.355270390653,0.0,19075.355270390653,19075.355270390653,19075.355270390653,901.816632,0.0,901.816632,901.816632,901.816632,0.0,0.0,0.0,0.0,0.0,0.22895197491749997,0.0,0.22895197491749997,0.22895197491749997,0.22895197491749997,-0.055734765285922805,0.0,-0.055734765285922805,-0.055734765285922805,-0.055734765285922805,0.0,0.0,0.0,0.0,0.0,0.22895197491749997,0.0,0.22895197491749997,0.22895197491749997,0.22895197491749997,-608.8613515838333,0.0,-608.8613515838333,-608.8613515838333,-608.8613515838333,,,,,,-475.45826947979367,0.0,-475.45826947979367,-475.45826947979367,-475.45826947979367,-12.694152000000031,0.0,-12.694152000000031,-12.694152000000031,-12.694152000000031,0.012872864094219153,0.0,0.012872864094219153,0.012872864094219153,0.012872864094219153,-0.04653545911939367,0.0,-0.04653545911939367,-0.04653545911939367,-0.04653545911939367,0.012872864094219153,0.0,0.012872864094219153,0.012872864094219153,0.012872864094219153,-0.018966553251002428,0.0,-0.018966553251002428,-0.018966553251002428,-0.018966553251002428,,,,,
R0_reference,combined_disruption,peripheral_area + any_road,mild,1,17.91859760154876,0.0,17.91859760154876,17.91859760154876,17.91859760154876,1.1638722130956172,0.0,1.1638722130956172,1.1638722130956172,1.1638722130956172,0.9030487123001133,0.0,0.9030487123001133,0.9030487123001133,0.9030487123001133,18.298613164025802,0.0,18.298613164025802,18.298613164025802,18.298613164025802,31855.817779886893,0.0,31855.817779886893,31855.817779886893,31855.817779886893,,,,,,19476.559584858613,0.0,19476.559584858613,19476.559584858613,19476.559584858613,904.1427840000001,0.0,904.1427840000001,904.1427840000001,904.1427840000001,0.0,0.0,0.0,0.0,0.0,0.13296938068407016,0.0,0.13296938068407016,0.13296938068407016,0.13296938068407016,-0.03381158202773049,0.0,-0.03381158202773049,-0.03381158202773049,-0.03381158202773049,0.9030487123001133,0.0,0.9030487123001133,0.9030487123001133,0.9030487123001133,0.5129849431611113,0.0,0.5129849431611113,0.5129849431611113,0.5129849431611113,-246.0271640094652,0.0,-246.0271640094652,-246.0271640094652,-246.0271640094652,,,,,,-74.25395501183448,0.0,-74.25395501183448,-74.25395501183448,-74.25395501183448,-10.367999999999938,0.0,-10.367999999999938,-10.367999999999938,-10.367999999999938,0.007476226255988023,0.0,0.007476226255988023,0.007476226255988023,0.007476226255988023,-0.028230808636972738,0.0,-0.028230808636972738,-0.028230808636972738,-0.028230808636972738,0.02884266649402454,0.0,0.02884266649402454,0.02884266649402454,0.02884266649402454,-0.007663957147616939,0.0,-0.007663957147616939,-0.007663957147616939,-0.007663957147616939,,,,,
